source: https://buecker.baseball.cbssports.com/stats/stats-main/fa:P/period-22:p/standard/projections?print_rows=9999
captured: 2026-08-22T20:24:42
---
ACTION|AVAIL|PLAYER|INNS|APP|GS|QS|CG|W|L|S|BS|HD|K|BB|H|ERA|WHIP|RANK
Action|Avail|Player|INNs|APP|GS|QS|CG|W|L|S|BS|HD|K|BB|H|ERA|WHIP|Rank
1674411|P|W (8/24)|Martin Perez P • ATL|11.0|2.0|2.0|0.6|0.0|0.7|0.6|0.0|0.0|0.0|8.2|3.7|8.7|3.06|1.13|12
2837306|P|FA|Bailey Ober P • MIN|11.2|2.0|2.0|0.8|0.1|0.5|0.6|0.0|0.0|0.0|9.2|2.4|10.3|3.83|1.09|14
2250593|P|FA|Cal Quantrill P • TEX|9.2|2.0|2.0|0.5|0.0|0.5|0.6|0.0|0.0|0.0|7.6|2.5|8.4|3.25|1.12|16
29644478|P|FA|Jackson Kent P • WAS|11.0|2.0|2.0|0.7|0.0|0.5|0.6|0.0|0.0|0.0|10.3|3.5|10.4|3.86|1.26|31
29075725|P|FA|Landen Roupp P • SF|5.2|1.0|1.0|0.4|0.0|0.4|0.3|0.0|0.0|0.0|5.4|1.9|4.3|2.76|1.08|35
29153545|P|FA|Rhett Lowder P • CIN|10.1|2.0|2.0|0.6|0.0|0.5|0.7|0.0|0.0|0.0|8.5|3.0|9.4|3.85|1.20|38
2223751|P|FA|Luis Castillo P • CHW|11.0|2.0|2.0|0.9|0.0|0.5|0.6|0.0|0.0|0.0|9.8|3.7|10.0|4.16|1.24|42
29321685|P|FA|Jack Perkins P • ATH|10.0|2.0|2.0|0.1|0.0|0.4|0.6|0.0|0.0|0.0|10.9|3.4|8.9|4.54|1.24|57
2443746|P|FA|Drew Anderson P • DET|5.1|1.0|1.0|0.3|0.0|0.2|0.2|0.0|0.0|0.0|5.8|1.3|4.2|3.01|1.03|63
3077699|P|FA|Dean Kremer P • MIN|6.0|1.0|1.0|0.4|0.0|0.3|0.3|0.0|0.0|0.0|5.3|1.6|4.8|3.40|1.08|77
3152767|P|FA|Daniel Duarte P • NYM|3.0|2.5|0.0|0.0|0.0|0.2|0.1|0.0|0.0|0.7|3.3|0.9|1.5|1.15|0.79|82
2835074|P|FA|David Peterson P • CHC|5.2|1.0|1.0|0.3|0.0|0.4|0.2|0.0|0.0|0.0|4.7|1.7|4.8|3.47|1.13|88
2910637|P|FA|Cristian Javier P • HOU|8.2|2.0|2.0|0.4|0.0|0.5|0.5|0.0|0.0|0.0|7.1|3.2|8.4|3.87|1.33|98
26912475|P|FA|Jacob Lopez P • ATH|5.0|1.0|1.0|0.2|0.0|0.3|0.3|0.0|0.0|0.0|4.9|1.7|4.1|2.98|1.17|109
2837059|P|FA|Janson Junk P • MIA|10.1|2.0|2.0|0.5|0.0|0.6|0.8|0.0|0.0|0.0|7.6|2.8|10.7|4.51|1.31|111
2836690|P|FA|Joey Cantillo P • CLE|5.1|1.0|1.0|0.2|0.0|0.3|0.3|0.0|0.0|0.0|5.7|1.7|4.6|3.89|1.18|112
29295971|P|FA|William Dion P • WAS|4.0|2.0|0.0|0.0|0.0|0.2|0.1|0.0|0.0|0.3|4.5|0.7|3.2|2.87|0.99|115
29075773|P|FA|Spencer Arrighetti P • TOR|5.2|1.0|1.0|0.4|0.0|0.3|0.4|0.0|0.0|0.0|5.1|2.1|4.1|3.76|1.10|118
26912443|P|FA|Bubba Chandler P • PIT|5.1|1.0|1.0|0.2|0.0|0.2|0.3|0.0|0.0|0.0|4.7|1.9|4.0|3.71|1.11|128
2227187|P|FA|Jeffrey Springs P • ATH|5.1|1.0|1.0|0.3|0.0|0.2|0.4|0.0|0.0|0.0|4.3|1.5|4.2|3.55|1.08|134
29075475|P|FA|Blade Tidwell P • SF|5.2|1.0|1.0|0.3|0.0|0.2|0.3|0.0|0.0|0.0|4.0|1.5|4.5|3.25|1.06|136
26911746|P|FA|A.J. Smith-Shawver P • ATL|5.1|1.0|1.0|0.3|0.0|0.3|0.2|0.0|0.0|0.0|5.0|1.6|4.6|4.11|1.15|150
26615394|P|FA|Jared Jones P • PIT|5.0|1.0|1.0|0.3|0.0|0.2|0.3|0.0|0.0|0.0|5.2|1.7|3.8|3.75|1.10|151
29295945|P|FA|Hunter Dobbins P • STL|5.1|1.0|1.0|0.3|0.0|0.2|0.4|0.0|0.0|0.0|4.7|1.4|4.9|3.51|1.18|154
2184468|P|FA|Walker Buehler P • SD|9.2|2.0|2.0|0.5|0.0|0.4|0.7|0.0|0.0|0.0|8.0|3.7|9.6|4.33|1.38|157
1947840|P|FA|Adrian Houser P • SF|5.2|1.0|1.0|0.3|0.0|0.2|0.4|0.0|0.0|0.0|3.8|1.4|4.9|3.37|1.11|160
29342217|P|FA|Andrew Alvarez P • WAS|5.1|1.0|1.0|0.1|0.0|0.0|0.2|0.0|0.0|0.0|4.8|1.3|4.5|3.01|1.10|161
2114418|P|FA|Chris Bassitt P • BAL|5.1|1.0|1.0|0.3|0.0|0.3|0.3|0.0|0.0|0.0|4.8|1.8|5.2|3.58|1.30|164
26911814|P|FA|Cody Bradford P • TEX|5.1|1.0|1.0|0.5|0.0|0.2|0.2|0.0|0.0|0.0|4.5|1.6|5.1|3.33|1.27|169
2870041|P|FA|Randy Dobnak P • KC|5.0|1.0|1.0|0.3|0.0|0.4|0.2|0.0|0.0|0.0|4.0|1.6|5.1|3.42|1.35|170
29383425|P|FA|Matt Wilkinson P • SF|5.1|1.0|1.0|0.4|0.0|0.2|0.4|0.0|0.0|0.0|4.8|1.5|4.8|3.58|1.19|173
26911742|P|FA|Robert Gasser P • MIL|5.0|1.0|1.0|0.3|0.0|0.3|0.2|0.0|0.0|0.0|4.9|1.4|5.1|3.83|1.28|182
29075501|P|FA|Carson Whisenhunt P • SF|5.1|1.0|1.0|0.2|0.0|0.3|0.4|0.0|0.0|0.0|4.3|2.1|4.6|4.04|1.26|189
2942971|P|FA|Grayson Rodriguez P • LAA|5.0|1.0|1.0|0.2|0.0|0.3|0.3|0.0|0.0|0.0|4.7|1.8|4.5|4.61|1.26|193
2000754|P|FA|Brooks Raley P • PHI|2.0|1.9|0.0|0.0|0.0|0.2|0.1|0.0|0.0|0.6|1.6|0.5|1.1|1.81|0.83|194
26911747|P|FA|Dylan Dodd P • ATL|2.1|2.0|0.0|0.0|0.0|0.1|0.1|0.0|0.0|0.6|2.3|0.6|1.5|2.56|0.90|195
2135258|P|FA|Luke Weaver P • PIT|2.2|2.6|0.0|0.0|0.0|0.1|0.0|0.1|0.0|1.0|3.1|0.8|1.8|3.02|0.99|196
2826541|P|FA|Jacob Waguespack P • DET|3.0|2.2|0.0|0.0|0.0|0.1|0.1|0.0|0.0|0.3|2.0|1.2|1.8|2.24|1.00|198
29644531|P|FA|Ethan Pecko P • HOU|5.0|1.0|1.0|0.4|0.0|0.3|0.3|0.0|0.0|0.0|5.1|2.0|5.0|4.12|1.39|200
29075736|P|FA|Mason Barnett P • ATH|5.1|1.0|1.0|0.2|0.0|0.2|0.3|0.0|0.0|0.0|4.6|1.7|4.8|4.09|1.21|207
29330453|P|FA|A.J. Blubaugh P • HOU|2.2|1.6|0.0|0.0|0.0|0.2|0.1|0.0|0.0|0.3|2.7|1.1|1.9|3.10|1.13|208
2733997|P|FA|Garrett Cleavinger P • TB|2.1|2.6|0.0|0.0|0.0|0.2|0.1|0.1|0.0|1.2|2.8|0.9|1.7|3.11|1.12|209
2228194|P|FA|Jose Urquidy P • CHW|5.2|1.0|1.0|0.4|0.0|0.2|0.3|0.0|0.0|0.0|5.2|2.2|5.1|4.18|1.29|210
2135253|P|FA|Grant Holmes P • ATL|5.1|1.0|1.0|0.4|0.0|0.2|0.3|0.0|0.0|0.0|4.8|2.1|4.5|4.17|1.23|211
2167292|P|FA|Steven Okert P • HOU|2.0|2.3|0.0|0.0|0.0|0.2|0.0|0.0|0.0|0.6|2.3|0.5|1.5|2.75|1.00|212
3157976|P|FA|Julian Garcia P • CIN|2.1|1.9|0.0|0.0|0.0|0.2|0.2|0.0|0.0|0.2|2.4|1.1|1.3|2.93|1.00|213
1225651|P|FA|Max Scherzer P • TOR|4.2|1.0|1.0|0.3|0.0|0.2|0.4|0.0|0.0|0.0|3.8|1.3|3.9|3.98|1.12|214
2837541|P|FA|Bennett Sousa P • HOU|2.2|2.5|0.0|0.0|0.0|0.2|0.1|0.0|0.0|0.7|3.0|1.1|2.3|3.12|1.24|216
28850997|P|FA|Cameron Booser P • TB|2.1|2.4|0.0|0.0|0.0|0.1|0.0|0.0|0.0|0.6|2.5|0.7|1.5|2.71|0.95|217
3055522|P|FA|Bryan Abreu P • HOU|2.2|2.5|0.0|0.0|0.0|0.2|0.1|0.0|0.0|0.9|3.3|1.5|1.7|3.25|1.20|218
2449982|P|FA|A.J. Minter P • MIN|2.0|1.8|0.0|0.0|0.0|0.1|0.1|0.0|0.0|0.4|1.6|0.3|1.4|1.87|0.84|223
28920004|P|FA|Kumar Rocker P • TEX|4.2|1.0|1.0|0.3|0.0|0.2|0.3|0.0|0.0|0.0|4.3|1.5|4.4|4.11|1.27|224
29033792|P|FA|Brent Headrick P • NYY|2.0|2.1|0.0|0.0|0.0|0.1|0.0|0.0|0.0|0.7|2.7|0.7|1.8|1.84|1.21|226
28840203|P|FA|Kevin Kelly P • TB|2.1|2.6|0.0|0.0|0.0|0.1|0.1|0.0|0.0|1.1|2.0|0.4|1.9|2.83|1.00|228
29342267|P|FA|Peyton Gray P • TEX|2.0|1.8|0.0|0.0|0.0|0.3|0.0|0.0|0.0|0.4|2.0|0.6|1.8|3.52|1.23|229
26615409|P|FA|Justin Martinez P • ARI|2.0|2.2|0.0|0.0|0.0|0.1|0.2|0.3|0.1|0.5|2.9|1.4|1.5|3.19|1.45|230
2250616|P|FA|Anthony Kay P • CHW|5.0|1.0|1.0|0.2|0.0|0.4|0.2|0.0|0.0|0.0|4.0|2.0|5.0|4.33|1.39|233
2933070|P|FA|Erik Sabrowski P • CLE|2.0|2.1|0.0|0.0|0.0|0.1|0.1|0.0|0.0|0.8|2.8|1.2|1.1|2.54|1.13|236
2036146|P|FA|Kirby Yates P • PIT|2.0|2.4|0.0|0.0|0.0|0.2|0.1|0.0|0.0|0.2|2.7|0.8|1.5|3.75|1.18|238
2507333|P|FA|Shane Bieber P • TOR|5.0|1.0|1.0|0.4|0.0|0.3|0.2|0.0|0.0|0.0|4.2|1.6|5.0|4.53|1.33|239
29662264|P|FA|Bradgley Rodriguez P • SD|2.0|1.8|0.0|0.0|0.0|0.1|0.0|0.0|0.0|0.4|2.0|0.6|1.4|2.02|0.97|241
2167502|P|FA|Erick Fedde P • CHW|5.0|1.0|1.0|0.2|0.0|0.3|0.2|0.0|0.0|0.0|3.8|1.8|4.8|4.12|1.32|242
2933171|P|FA|Alex Vesia P • LAD|2.0|2.0|0.0|0.0|0.0|0.1|0.0|0.0|0.0|0.8|2.2|1.0|1.0|2.43|0.97|243
1784975|P|FA|Albert Suarez P • BAL|2.1|0.9|0.0|0.0|0.0|0.2|0.0|0.0|0.0|0.2|1.3|0.6|1.6|2.85|0.94|244
2824548|P|FA|Juan Morillo P • ARI|2.0|2.3|0.0|0.0|0.0|0.1|0.1|0.2|0.0|0.6|2.3|0.8|1.5|2.64|1.14|245
29075749|P|FA|Orion Kerkering P • PHI|2.0|2.2|0.0|0.0|0.0|0.2|0.0|0.0|0.0|0.7|2.1|0.9|1.5|3.06|1.21|246
2453262|P|FA|Bryan Hudson P • CHW|3.1|3.0|1.0|0.0|0.0|0.2|0.2|0.0|0.0|0.5|3.7|1.3|3.2|3.84|1.37|249
2931904|P|FA|Jonathan Bowlan P • PHI|2.0|1.7|0.0|0.0|0.0|0.1|0.0|0.0|0.0|0.4|2.0|0.5|1.3|2.73|0.92|250
2933107|P|FA|Dylan Smith P • SF|2.0|2.2|0.0|0.0|0.0|0.0|0.1|0.5|0.2|0.1|2.8|1.2|1.8|3.32|1.46|251
2228208|P|FA|Tim Mayza P • PHI|2.0|1.6|0.0|0.0|0.0|0.1|0.0|0.0|0.0|0.1|1.4|0.4|1.3|2.71|0.82|254
28841142|P|FA|Yennier Cano P • BAL|2.1|2.4|0.0|0.0|0.0|0.1|0.1|0.2|0.0|0.7|2.0|0.7|2.0|3.35|1.12|256
3152730|P|FA|Lake Bachar P • PIT|2.2|2.1|0.0|0.0|0.0|0.1|0.1|0.0|0.0|0.3|2.8|1.0|2.0|3.81|1.12|260
50037917|P|FA|Spencer Miles P • TOR|2.2|1.5|0.0|0.0|0.0|0.1|0.1|0.0|0.0|0.3|2.6|0.7|2.4|3.23|1.17|261
28862951|P|FA|Tanner Gordon P • COL|5.0|1.1|1.0|0.2|0.0|0.2|0.4|0.0|0.0|0.0|4.2|1.1|5.5|4.08|1.32|262
26754137|P|FA|Jovani Moran P • BOS|2.0|1.6|0.0|0.0|0.0|0.1|0.0|0.0|0.0|0.2|2.2|0.9|1.2|3.14|1.07|263
2167335|P|FA|Antonio Senzatela P • MIL|3.2|2.2|0.0|0.0|0.0|0.5|0.1|0.0|0.0|0.5|2.7|1.2|4.3|4.96|1.50|264
1961735|P|FA|Caleb Thielbar P • CHC|2.0|1.9|0.0|0.0|0.0|0.1|0.1|0.0|0.0|0.4|1.7|0.5|1.3|3.24|0.89|265
2932827|P|FA|Jake Irvin P • WAS|5.1|1.0|1.0|0.2|0.0|0.2|0.4|0.0|0.0|0.0|4.4|1.6|4.9|4.66|1.23|267
29342260|P|FA|Alec Gamboa P • BOS|5.1|1.2|1.0|0.4|0.0|0.3|0.3|0.0|0.0|0.0|4.4|1.8|5.9|4.24|1.43|271
3088370|P|FA|Rico Garcia P • BAL|2.1|2.7|0.0|0.0|0.0|0.1|0.1|0.0|0.0|0.9|3.0|0.9|1.8|4.06|1.19|277
2825274|P|FA|Yohan Ramirez P • PIT|2.1|2.1|0.0|0.0|0.0|0.2|0.1|0.0|0.0|0.2|3.0|1.4|1.9|3.81|1.44|279
29662259|P|FA|Luis Gastelum P • STL|2.1|1.9|0.0|0.0|0.0|0.2|0.2|0.0|0.0|0.2|2.4|0.6|1.8|4.96|1.06|280
28842449|P|FA|Nathan Lavender P • NYM|2.0|3.0|0.0|0.0|0.0|0.1|0.1|0.0|0.0|1.0|2.7|0.9|1.6|3.18|1.23|281
27022826|P|FA|Colin Holderman P • CLE|1.2|1.6|0.0|0.0|0.0|0.1|0.0|0.0|0.0|0.4|1.4|0.6|1.1|2.79|1.02|282
26719591|P|FA|Andrew Painter P • PHI|4.2|1.0|1.0|0.2|0.0|0.2|0.2|0.0|0.0|0.0|4.1|1.3|5.1|4.27|1.39|283
3055543|P|FA|Brock Burke P • CIN|2.1|2.6|0.0|0.0|0.0|0.2|0.1|0.0|0.0|0.6|2.4|1.2|1.9|3.19|1.33|285
2942982|P|FA|Ryan Rolison P • CHC|2.0|1.3|0.0|0.0|0.0|0.1|0.0|0.0|0.0|0.2|1.4|0.7|1.5|2.97|1.11|289
1733867|P|FA|Robert Stock P • NYM|5.0|1.0|1.0|0.3|0.0|0.2|0.3|0.0|0.0|0.0|5.0|2.0|5.1|4.49|1.43|290
29674787|P|FA|Ryan Johnson P • LAA|5.1|1.3|1.0|0.2|0.0|0.2|0.5|0.0|0.0|0.0|4.4|1.9|5.0|4.60|1.30|291
3085906|P|FA|Kevin Ginkel P • ARI|2.0|2.2|0.0|0.0|0.0|0.1|0.1|0.2|0.0|0.5|1.9|0.6|1.8|4.09|1.19|293
29086774|P|FA|Jack Dreyer P • LAD|1.1|1.2|0.0|0.0|0.0|0.1|0.0|0.0|0.0|0.2|1.4|0.4|0.9|2.66|0.95|294
2731490|P|FA|Tommy Nance P • MIN|2.0|1.3|0.0|0.0|0.0|0.0|0.1|0.0|0.0|0.2|1.6|0.6|1.4|2.35|0.96|295
2822697|P|FA|Matt Festa P • CLE|2.0|1.7|0.0|0.0|0.0|0.1|0.1|0.0|0.0|0.3|1.7|0.5|1.6|3.20|1.04|297
29660108|P|FA|Didier Fuentes P • ATL|2.1|2.5|0.0|0.0|0.0|0.2|0.1|0.0|0.0|0.9|3.7|0.8|2.6|4.29|1.46|298
2836849|P|FA|Jeremiah Estrada P • SD|2.0|2.4|0.0|0.0|0.0|0.1|0.1|0.0|0.0|0.9|3.0|1.0|1.5|3.68|1.25|299
2822254|P|FA|Enmanuel De Jesus P • DET|2.2|1.9|0.0|0.0|0.0|0.2|0.0|0.0|0.0|0.3|2.5|1.0|2.4|3.85|1.25|300
29320531|P|FA|Yuki Matsui P • SD|2.0|2.1|0.0|0.0|0.0|0.1|0.0|0.0|0.0|0.3|2.2|1.2|1.4|3.16|1.32|301
2898211|P|FA|Seranthony Dominguez P • SEA|2.0|1.7|0.0|0.0|0.0|0.1|0.1|0.0|0.0|0.3|1.9|0.9|1.2|3.31|1.09|303
2159842|P|FA|Tayron Guerrero P • BOS|2.0|2.0|0.0|0.0|0.0|0.0|0.1|0.0|0.0|1.0|2.0|0.2|1.7|2.94|0.98|304
29632883|P|FA|Tomoyuki Sugano P • COL|10.2|2.0|2.0|0.7|0.0|0.7|0.8|0.0|0.0|0.0|6.5|3.0|11.8|5.37|1.38|306
29084414|P|FA|Bradley Hanner P • NYY|2.0|1.5|0.0|0.0|0.0|0.1|0.1|0.0|0.0|0.3|1.5|0.5|1.4|3.23|0.94|307
2826036|P|FA|Gregory Soto P • PIT|2.0|2.4|0.0|0.0|0.0|0.1|0.1|0.0|0.0|0.6|2.3|0.8|1.6|3.67|1.22|308
2914673|P|FA|Trevor Richards P • CHW|2.0|1.1|0.0|0.0|0.0|0.0|0.0|0.0|0.0|0.1|1.4|0.5|1.2|2.69|0.88|312
2826050|P|FA|Gabe Speier P • SEA|2.0|2.3|0.0|0.0|0.0|0.1|0.1|0.0|0.0|0.9|2.1|0.7|1.5|3.02|1.09|314
2821660|P|FA|Huascar Brazoban P • CHW|2.2|2.6|0.0|0.0|0.0|0.2|0.1|0.0|0.0|0.7|3.1|1.5|2.5|4.16|1.49|316
2118910|P|FA|Sam Moll P • CIN|2.1|2.3|0.0|0.0|0.0|0.1|0.1|0.0|0.0|0.3|2.0|1.0|1.6|3.47|1.09|318
26615415|P|FA|Ryan Zeferjahn P • CHC|2.0|2.1|0.0|0.0|0.0|0.2|0.1|0.0|0.0|0.6|3.0|1.3|1.5|4.47|1.41|320
28869467|P|FA|Peter Strzelecki P • STL|2.0|1.1|0.0|0.0|0.0|0.1|0.1|0.0|0.0|0.2|0.8|0.5|1.2|2.67|0.86|321
29084177|P|FA|Chad Patrick P • MIL|2.0|1.6|0.0|0.0|0.0|0.2|0.1|0.0|0.0|0.4|2.1|0.8|1.9|3.68|1.33|323
2504136|P|FA|Hoby Milner P • CHC|2.0|1.6|0.0|0.0|0.0|0.1|0.0|0.0|0.0|0.3|1.1|0.4|1.5|2.96|0.93|324
2171169|P|FA|Fernando Cruz P • NYY|2.0|2.3|0.0|0.0|0.0|0.1|0.1|0.0|0.0|0.9|2.8|1.2|1.6|3.45|1.37|325
28921922|P|FA|Hunter Gaddis P • CLE|2.0|2.0|0.0|0.0|0.0|0.1|0.1|0.0|0.0|1.0|1.9|0.7|1.6|2.87|1.12|330
2821477|P|FA|Eduard Bazardo P • SEA|2.0|1.8|0.0|0.0|0.0|0.1|0.0|0.0|0.0|0.6|2.1|0.6|1.8|3.07|1.20|332
29321961|P|FA|George Klassen P • LAA|5.0|1.0|1.0|0.4|0.0|0.2|0.4|0.0|0.0|0.0|4.7|2.0|4.8|4.71|1.37|333
2228478|P|FA|Andrew Kittredge P • BAL|2.1|2.6|0.0|0.0|0.0|0.0|0.1|0.3|0.1|0.1|2.4|0.6|2.5|3.86|1.33|335
29342216|P|FA|Robby Ahlstrom P • TEX|2.0|2.2|0.0|0.0|0.0|0.1|0.0|0.0|0.0|0.4|1.7|0.5|1.7|4.27|1.09|336
29329333|P|FA|Grant Wolfram P • BAL|2.1|2.5|0.0|0.0|0.0|0.2|0.1|0.0|0.0|0.7|3.0|0.8|2.4|5.03|1.39|343
29295979|P|FA|Zebby Matthews P • MIN|5.1|1.0|1.0|0.4|0.0|0.3|0.4|0.0|0.0|0.0|4.8|1.5|6.2|5.22|1.45|344
2164751|P|FA|Taylor Rogers P • MIN|2.0|1.7|0.0|0.0|0.0|0.1|0.1|0.0|0.0|0.3|1.6|0.8|1.8|3.58|1.26|346
2170031|P|FA|Tyler Rogers P • TOR|2.0|2.3|0.0|0.0|0.0|0.0|0.1|0.0|0.0|1.1|1.2|0.5|1.8|2.00|1.18|347
28862895|P|FA|Gordon Graceffo P • STL|2.1|1.9|0.0|0.0|0.0|0.2|0.1|0.0|0.0|0.2|1.8|1.2|2.0|4.49|1.38|348
29085772|P|FA|Ryan Gusto P • MIA|4.1|1.0|1.0|0.2|0.0|0.1|0.2|0.0|0.0|0.0|4.0|1.2|4.7|4.51|1.36|349
2791772|P|FA|Tim Hill P • NYY|2.0|1.9|0.0|0.0|0.0|0.1|0.1|0.0|0.0|0.3|0.8|0.4|1.6|3.40|1.03|351
29385927|P|FA|Michael Petersen P • MIA|2.1|2.4|0.0|0.0|0.0|0.1|0.1|0.0|0.0|1.0|3.2|1.2|2.0|4.24|1.36|353
2837106|P|FA|Alex Lange P • KC|3.0|2.9|0.0|0.0|0.0|0.1|0.2|0.0|0.0|0.3|3.1|1.4|2.5|5.02|1.32|355
2443874|P|FA|Jakob Junis P • TEX|2.0|2.2|0.0|0.0|0.0|0.1|0.0|0.1|0.0|0.8|2.0|0.5|2.3|3.79|1.40|356
2829296|P|FA|Elvis Alvarado P • ATH|2.1|2.7|0.0|0.0|0.0|0.2|0.1|0.0|0.0|0.5|3.8|1.5|2.4|5.63|1.69|357
2444515|P|FA|Jose Alvarado P • PHI|2.0|2.1|0.0|0.0|0.0|0.1|0.1|0.0|0.0|0.5|2.2|0.8|1.8|4.69|1.29|358
2245782|P|FA|Brock Stewart P • LAD|1.0|0.7|0.0|0.0|0.0|0.0|0.0|0.0|0.0|0.3|0.7|0.2|0.4|1.64|0.59|359
2838064|P|FA|Nate Pearson P • KC|3.0|2.9|0.0|0.0|0.0|0.2|0.1|0.0|0.0|0.3|2.9|1.7|2.9|4.29|1.51|362
1718083|P|FA|Craig Kimbrel P • KC|2.0|2.0|0.0|0.0|0.0|0.1|0.2|0.1|0.0|0.2|1.9|0.9|1.5|4.00|1.18|363
29632458|P|FA|Brad Lord P • WAS|4.1|1.0|1.0|0.2|0.0|0.1|0.4|0.0|0.0|0.0|3.6|1.5|4.0|4.67|1.26|364
2898231|P|FA|Dennis Santana P • ARI|1.2|1.3|0.0|0.0|0.0|0.1|0.1|0.0|0.0|0.2|1.1|0.5|1.1|3.46|0.95|365
2932735|P|FA|Braydon Fisher P • TOR|2.0|2.3|0.0|0.0|0.0|0.1|0.1|0.0|0.0|0.4|2.2|1.1|1.5|3.77|1.32|366
2165525|P|FA|Sean Newcomb P • CHW|2.2|2.1|0.0|0.0|0.0|0.1|0.1|0.0|0.0|0.5|3.2|1.3|2.8|3.33|1.52|369
2942975|P|FA|Cole Winn P • TEX|2.0|1.8|0.0|0.0|0.0|0.1|0.0|0.0|0.0|0.4|1.8|0.6|1.8|4.56|1.23|370
29658270|P|FA|Craig Yoho P • CLE|2.0|2.0|0.0|0.0|0.0|0.2|0.0|0.0|0.0|0.2|2.0|1.2|1.4|5.31|1.27|371
2779811|P|FA|Evan Phillips P • LAD|1.1|1.4|0.0|0.0|0.0|0.1|0.0|0.0|0.0|0.4|1.3|0.4|1.2|3.66|1.15|372
2931989|P|FA|Daniel Lynch IV P • KC|2.2|2.0|2.0|0.0|0.0|0.1|0.2|0.0|0.0|0.0|2.2|0.8|2.6|4.13|1.31|373
29033794|P|FA|Casey Legumina P • TB|2.1|2.0|0.0|0.0|0.0|0.1|0.1|0.0|0.0|0.3|1.8|0.6|2.1|3.99|1.18|374
2915535|P|FA|Kyle Hart P • SD|2.0|1.4|0.0|0.0|0.0|0.0|0.1|0.0|0.0|0.3|1.7|0.6|1.5|4.17|1.04|375
29672111|P|FA|Jose Fermin P • LAA|2.0|2.5|0.0|0.0|0.0|0.2|0.1|0.0|0.0|0.4|3.0|1.3|2.0|4.65|1.68|377
3174282|P|FA|Jason Foley P • SF|2.0|2.2|0.0|0.0|0.0|0.1|0.1|0.0|0.0|0.2|1.3|0.8|1.6|3.56|1.19|380
2007003|P|FA|Michael Fulmer P • LAA|3.1|2.3|0.0|0.0|0.0|0.1|0.1|0.0|0.0|0.5|3.7|1.5|3.5|4.28|1.48|384
2044525|P|FA|Pierce Johnson P • CIN|2.1|2.8|0.0|0.0|0.0|0.1|0.1|0.0|0.0|0.6|2.5|1.0|2.3|4.41|1.42|385
3151014|P|FA|Manuel Rodriguez P • TB|1.0|1.1|0.0|0.0|0.0|0.0|0.1|0.0|0.0|0.3|0.8|0.2|0.8|1.92|0.97|386
2821260|P|FA|Tejay Antone P • CIN|2.1|3.1|0.0|0.0|0.0|0.1|0.0|0.1|0.0|0.7|2.8|0.9|2.4|4.36|1.42|387
26912491|P|FA|Joshua Walker P • BAL|2.1|2.3|0.0|0.0|0.0|0.2|0.0|0.0|0.0|0.3|2.8|1.1|2.8|4.22|1.67|388
2218312|P|FA|Paul Sewald P • TOR|1.1|1.6|0.0|0.0|0.0|0.1|0.1|0.0|0.0|0.1|1.4|0.3|1.0|4.99|0.97|390
2835083|P|FA|Brendon Little P • TOR|2.0|1.8|0.0|0.0|0.0|0.0|0.1|0.0|0.0|0.5|2.1|1.1|1.4|3.87|1.25|394
29662260|P|FA|Trent Harris P • SF|2.0|1.8|0.0|0.0|0.0|0.1|0.1|0.0|0.0|0.3|2.0|0.7|1.7|4.24|1.23|396
2837459|P|FA|Cam Sanders P • BAL|2.1|3.5|0.0|0.0|0.0|0.0|0.1|0.8|0.1|0.1|3.8|1.9|2.3|7.27|1.79|398
2739972|P|FA|Kyle Finnegan P • DET|2.2|2.6|0.0|0.0|0.0|0.1|0.1|0.0|0.0|0.9|2.5|1.5|2.8|3.85|1.61|400
2921575|P|FA|Joel Kuhnel P • MIL|2.0|1.6|0.0|0.0|0.0|0.1|0.1|0.0|0.0|0.3|1.0|0.5|1.7|3.96|1.14|404
29295991|P|FA|Mason Fluharty P • TOR|1.1|1.9|0.0|0.0|0.0|0.1|0.1|0.0|0.0|0.4|1.6|0.6|1.2|4.13|1.37|406
2837004|P|FA|Tyler Holton P • DET|1.2|2.3|1.0|0.0|0.0|0.1|0.1|0.0|0.0|0.4|1.6|0.4|1.7|3.81|1.29|407
29674814|P|FA|Josh Ekness P • MIA|1.2|1.9|0.0|0.0|0.0|0.1|0.1|0.0|0.0|0.2|1.8|1.1|1.8|3.34|1.71|408
2920577|P|FA|John Schreiber P • KC|2.1|2.9|0.0|0.0|0.0|0.1|0.1|0.0|0.0|0.9|2.0|1.0|2.2|3.85|1.36|409
2837671|P|FA|Blake Weiman P • LAA|2.0|2.1|0.0|0.0|0.0|0.1|0.1|0.0|0.0|0.5|2.1|0.6|2.4|3.42|1.50|410
3055496|P|FA|Sam Hentges P • SF|2.0|2.5|0.0|0.0|0.0|0.0|0.2|0.0|0.0|0.7|2.2|1.4|1.8|3.05|1.56|411
50025932|P|FA|Drew Sommers P • DET|2.1|2.5|0.0|0.0|0.0|0.0|0.2|0.0|0.0|1.2|4.1|1.3|2.6|4.48|1.65|412
2829311|P|FA|Gerardo Carrillo P • ARI|0.2|0.3|0.0|0.0|0.0|0.1|0.0|0.0|0.0|0.1|0.5|0.2|0.4|2.27|0.99|414
2743313|P|FA|Trent Thornton P • CHC|0.2|0.8|0.0|0.0|0.0|0.1|0.1|0.0|0.0|0.1|0.6|0.3|0.7|4.18|1.50|415
2167478|P|FA|Scott Blewett P • ATH|3.1|2.4|0.0|0.0|0.0|0.3|0.1|0.0|0.0|0.3|2.9|1.4|4.1|4.58|1.67|417
28920013|P|FA|Gabriel Hughes P • COL|5.0|1.0|1.0|0.3|0.0|0.2|0.3|0.0|0.0|0.0|4.5|1.8|5.5|4.94|1.46|421
2878486|P|FA|Raymond Kerr P • ATL|1.0|0.5|0.0|0.0|0.0|0.1|0.0|0.0|0.0|0.1|0.8|0.3|0.9|3.65|1.18|423
2837717|P|FA|Tyler Zuber P • MIA|1.2|1.7|0.0|0.0|0.0|0.1|0.1|0.0|0.0|0.4|2.2|0.4|2.0|4.90|1.48|424
2447488|P|FA|Lucas Erceg P • KC|1.0|0.8|0.0|0.0|0.0|0.1|0.0|0.0|0.0|0.2|0.6|0.4|0.8|3.64|1.19|425
3090769|P|FA|Carlos Vargas P • SEA|1.2|1.2|0.0|0.0|0.0|0.1|0.1|0.0|0.0|0.3|1.0|0.5|1.6|3.68|1.22|427
28862899|P|FA|Chase Silseth P • TEX|0.2|1.0|0.0|0.0|0.0|0.1|0.0|0.0|0.0|0.2|1.0|0.5|0.7|3.39|1.79|428
2858767|P|FA|Jefry Yan P • NYM|2.0|2.9|0.0|0.0|0.0|0.1|0.1|0.0|0.0|0.4|2.4|1.3|2.1|4.18|1.73|430
3077725|P|FA|Patrick Sandoval P • BOS|4.2|1.0|1.0|0.2|0.0|0.1|0.3|0.0|0.0|0.0|5.1|1.9|6.0|4.09|1.69|431
26682004|P|FA|Tayler Saucedo P • LAA|2.0|2.1|0.0|0.0|0.0|0.0|0.0|0.0|0.0|0.4|2.1|0.6|1.9|4.61|1.25|433
2933186|P|FA|Austin Warren P • NYM|2.0|1.4|0.0|0.0|0.0|0.1|0.1|0.0|0.0|0.2|2.3|1.1|2.0|4.49|1.54|434
2264742|P|FA|Wandy Peralta P • SD|2.0|2.6|0.0|0.0|0.0|0.2|0.1|0.0|0.0|0.2|1.7|0.9|2.4|4.19|1.67|435
2068544|P|FA|Ryne Stanek P • STL|2.1|2.7|0.0|0.0|0.0|0.1|0.1|0.0|0.0|1.0|2.4|1.2|2.1|4.61|1.40|436
2837082|P|FA|John King P • MIA|1.2|2.1|0.0|0.0|0.0|0.2|0.0|0.0|0.0|0.2|1.5|0.7|1.9|5.18|1.53|437
26615441|P|FA|Nick Frasso P • COL|2.0|1.8|0.0|0.0|0.0|0.1|0.1|0.0|0.0|0.3|2.4|0.8|2.4|5.16|1.58|439
2822464|P|FA|Camilo Doval P • PIT|2.0|2.6|0.0|0.0|0.0|0.1|0.1|0.1|0.0|0.4|2.6|1.3|2.1|4.80|1.68|443
29426034|P|FA|Hagen Smith P • CHW|1.0|1.1|0.0|0.0|0.0|0.1|0.1|0.0|0.0|0.2|1.4|0.7|1.0|4.74|1.72|444
2836749|P|FA|Tom Cosgrove P • WAS|2.0|2.2|0.0|0.0|0.0|0.0|0.1|0.0|0.0|0.5|1.7|0.5|2.0|4.72|1.21|445
2171335|P|FA|Tyler Kinley P • ATL|0.2|0.6|0.0|0.0|0.0|0.1|0.0|0.0|0.0|0.2|0.6|0.3|0.5|3.81|1.13|446
901|P|FA|Shohei Ohtani (Pitcher) P • LAD|0.1|0.5|0.5|0.0|0.0|0.0|0.0|0.0|0.0|0.0|0.5|0.1|0.3|2.54|1.19|447
2826020|P|FA|George Soriano P • STL|2.1|2.4|0.0|0.0|0.0|0.1|0.1|0.0|0.0|0.9|2.9|1.2|2.4|5.67|1.57|448
2836860|P|FA|Calvin Faucher P • MIA|2.0|2.3|0.0|0.0|0.0|0.1|0.1|0.0|0.0|0.6|2.7|1.3|2.1|4.78|1.69|449
26615414|P|FA|Chris Murphy P • CHW|0.2|0.5|0.0|0.0|0.0|0.1|0.0|0.0|0.0|0.1|0.6|0.3|0.5|3.79|1.28|452
2801794|P|FA|Ryan Thompson P • ARI|1.0|1.1|0.0|0.0|0.0|0.1|0.0|0.0|0.0|0.3|0.7|0.3|1.1|3.85|1.39|453
2931288|P|FA|Caleb Ferguson P • STL|2.1|2.7|0.0|0.0|0.0|0.1|0.1|0.0|0.0|0.5|2.3|1.2|2.4|4.34|1.55|454
2211795|P|FA|Enyel De Los Santos P • HOU|2.0|2.5|0.0|0.0|0.0|0.1|0.1|0.0|0.0|0.4|2.3|0.7|2.4|5.49|1.54|455
2228480|P|FA|Brennan Bernardino P • COL|2.0|2.5|0.0|0.0|0.0|0.1|0.0|0.0|0.0|0.4|2.1|0.9|2.4|4.04|1.66|456
26615395|P|FA|Carmen Mlodzinski P • PIT|8.2|2.0|2.0|0.1|0.0|0.3|0.8|0.0|0.0|0.0|7.2|2.8|10.4|4.89|1.52|458
29710712|P|FA|Cade Gibson P • MIA|2.0|1.6|1.0|0.0|0.0|0.1|0.1|0.0|0.0|0.1|2.1|0.8|2.2|5.07|1.51|462
3103745|P|FA|Greg Weissert P • BOS|0.2|0.7|0.0|0.0|0.0|0.1|0.0|0.0|0.0|0.1|0.6|0.2|0.6|3.66|1.28|463
2044524|P|FA|Paul Blackburn P • NYY|0.2|0.5|0.0|0.0|0.0|0.0|0.0|0.0|0.0|0.0|0.5|0.2|0.5|2.69|1.07|464
2932731|P|FA|Ryan Feltner P • COL|5.0|1.0|1.0|0.3|0.0|0.2|0.3|0.0|0.0|0.0|3.8|1.9|5.2|5.20|1.42|467
29631473|P|FA|Luis Mey P • CIN|1.0|0.9|0.0|0.0|0.0|0.0|0.0|0.0|0.0|0.2|1.3|0.6|0.7|3.25|1.29|468
2911278|P|FA|Luis Medina P • ATH|0.2|0.6|0.0|0.0|0.0|0.1|0.0|0.0|0.0|0.0|0.9|0.4|0.7|4.14|1.65|473
29075731|P|FA|Luke Murphy P • LAA|2.0|2.6|0.0|0.0|0.0|0.1|0.2|0.0|0.0|0.6|2.2|1.3|1.9|4.31|1.63|474
29077338|P|FA|Carson Seymour P • SF|3.2|1.9|0.0|0.0|0.0|0.0|0.1|0.0|0.0|0.4|2.4|1.3|3.6|4.68|1.33|476
29036770|P|FA|Jose Ferrer P • SEA|2.0|2.5|0.0|0.0|0.0|0.1|0.1|0.0|0.0|0.7|2.1|0.6|2.6|4.82|1.61|477
2124204|P|FA|Brent Suter P • ATL|2.1|2.1|0.0|0.0|0.0|0.1|0.0|0.0|0.0|0.3|2.4|0.8|2.9|4.89|1.60|479
29046609|P|FA|Kodai Senga P • NYM|2.2|1.5|0.0|0.0|0.0|0.1|0.2|0.0|0.0|0.3|3.3|1.6|2.4|5.69|1.48|480
26635137|P|FA|Graham Ashcraft P • CIN|0.1|0.2|0.0|0.0|0.0|0.0|0.0|0.0|0.0|0.1|0.2|0.1|0.2|2.48|0.86|484
2227219|P|FA|Jose Cuas P • KC|0.1|0.2|0.0|0.0|0.0|0.0|0.0|0.0|0.0|0.0|0.2|0.1|0.2|1.57|0.89|486
3083995|P|FA|Jesse Scholtens P • TB|0.2|0.3|0.0|0.0|0.0|0.0|0.0|0.0|0.0|0.0|0.4|0.2|0.5|3.02|0.96|487
29085043|P|FA|Orlando Ribalta P • WAS|2.0|2.3|0.0|0.0|0.0|0.0|0.0|0.0|0.0|0.6|2.2|1.0|2.0|4.82|1.53|488
29075783|P|FA|Tyler Schweitzer P • CHW|0.2|0.4|0.0|0.0|0.0|0.0|0.0|0.0|0.0|0.1|0.5|0.3|0.6|3.29|1.32|489
26615456|P|FA|Joe Boyle P • TB|0.1|0.1|0.0|0.0|0.0|0.0|0.0|0.0|0.0|0.0|0.2|0.1|0.1|2.92|0.74|490
26912472|P|FA|Edgardo Henriquez P • LAD|0.1|0.7|0.0|0.0|0.0|0.1|0.0|0.0|0.0|0.1|0.7|0.3|0.4|6.05|2.20|491
29616033|P|FA|Travis Adams P • MIN|2.0|1.6|0.0|0.0|0.0|0.1|0.0|0.0|0.0|0.2|2.7|1.0|2.2|6.42|1.57|492
50040436|P|FA|Tatsuya Imai P • HOU|0.1|0.3|0.0|0.0|0.0|0.0|0.0|0.0|0.0|0.1|0.6|0.3|0.4|7.42|2.04|493
2211219|P|FA|Tyler Alexander P • TEX|0.2|0.5|0.0|0.0|0.0|0.0|0.0|0.0|0.0|0.0|0.4|0.1|0.5|3.24|1.04|494
2837699|P|FA|Keaton Winn P • SF|1.0|1.2|0.0|0.0|0.0|0.0|0.0|0.0|0.0|0.4|0.9|0.4|1.0|4.68|1.42|495
26635145|P|FA|Yerry De Los Santos P • NYY|0.1|0.3|0.0|0.0|0.0|0.0|0.0|0.0|0.0|0.0|0.3|0.2|0.4|2.27|1.58|496
29291997|P|FA|Brady Basso P • ATH|3.0|2.8|0.0|0.0|0.0|0.1|0.0|0.0|0.0|0.4|2.9|0.8|4.2|4.13|1.66|497
29068170|P|FA|Alex McFarlane P • PHI|0.1|0.3|0.0|0.0|0.0|0.0|0.0|0.0|0.0|0.0|0.3|0.1|0.3|3.54|1.28|498
3055541|P|FA|J.T. Brubaker P • SF|0.2|0.5|0.0|0.0|0.0|0.0|0.0|0.0|0.0|0.0|0.4|0.3|0.5|3.48|1.17|499
29342278|P|FA|Alex Hoppe P • BAL|2.1|2.5|0.0|0.0|0.0|0.1|0.1|0.0|0.0|0.3|3.4|1.1|2.6|5.86|1.58|500
50036771|P|FA|Wilber Dotel P • PIT|0.2|0.3|0.0|0.0|0.0|0.0|0.0|0.0|0.0|0.1|0.6|0.3|0.5|4.01|1.19|502
2910632|P|FA|Javier Assad P • CHC|0.1|0.2|0.0|0.0|0.0|0.0|0.0|0.0|0.0|0.0|0.2|0.1|0.2|2.97|0.98|503
2211788|P|FA|Jonathan Hernandez P • LAD|0.1|0.2|0.0|0.0|0.0|0.0|0.0|0.0|0.0|0.0|0.3|0.2|0.3|5.29|1.31|504
2167349|P|FA|Joe Jimenez P • ATL|0.1|0.2|0.0|0.0|0.0|0.0|0.0|0.0|0.0|0.1|0.3|0.1|0.2|1.97|0.75|507
2933064|P|FA|Drew Rom P • ATH|1.1|2.0|0.0|0.0|0.0|0.1|0.0|0.0|0.0|0.4|2.2|0.8|1.7|5.76|1.83|508
29080198|P|FA|Ryan Watson P • LAA|1.0|0.8|0.0|0.0|0.0|0.0|0.0|0.0|0.0|0.1|0.9|0.4|1.1|4.85|1.45|509
2825758|P|FA|Reiver Sanmartin P • SF|0.2|1.0|0.0|0.0|0.0|0.1|0.1|0.0|0.0|0.1|0.8|0.3|1.0|6.60|1.82|510
28851017|P|FA|Taylor Rashi P • ATH|0.1|0.3|0.0|0.0|0.0|0.0|0.0|0.0|0.0|0.0|0.4|0.1|0.3|5.70|1.41|513
2932749|P|FA|Kody Funderburk P • MIN|0.2|0.7|0.0|0.0|0.0|0.0|0.0|0.0|0.0|0.2|0.7|0.4|0.7|4.02|1.57|514
29083999|P|FA|Wyatt Olds P • BOS|0.1|0.2|0.0|0.0|0.0|0.0|0.0|0.0|0.0|0.0|0.2|0.1|0.2|2.51|0.81|516
26729168|P|FA|Justin Bruihl P • STL|2.1|2.5|0.0|0.0|0.0|0.0|0.0|0.0|0.0|0.4|1.8|1.0|2.7|4.03|1.55|517
29075483|P|FA|Brant Hurter P • DET|0.1|0.4|0.0|0.0|0.0|0.0|0.0|0.0|0.0|0.1|0.5|0.2|0.4|4.62|1.94|518
26911776|P|FA|Jack Weisenburger P • NYM|0.1|0.2|0.0|0.0|0.0|0.0|0.0|0.0|0.0|0.0|0.3|0.1|0.3|3.75|1.24|519
2837024|P|FA|Kyle Hurt P • LAD|0.1|0.2|0.0|0.0|0.0|0.0|0.0|0.0|0.0|0.1|0.3|0.1|0.2|2.97|0.96|521
29075785|P|FA|Victor Mederos P • ATL|1.2|1.6|0.0|0.0|0.0|0.1|0.1|0.0|0.0|0.2|2.1|1.0|1.9|6.29|1.71|522
28838064|P|FA|Grant Anderson P • MIL|0.1|0.3|0.0|0.0|0.0|0.0|0.0|0.0|0.0|0.0|0.3|0.1|0.2|3.19|1.02|523
26911736|P|FA|Gavin Stone P • LAD|0.1|0.2|0.0|0.0|0.0|0.0|0.0|0.0|0.0|0.0|0.1|0.0|0.2|1.70|0.61|525
29075532|P|FA|Drew Thorpe P • CHW|0.1|0.4|0.0|0.0|0.0|0.0|0.0|0.0|0.0|0.0|0.3|0.2|0.4|6.08|1.64|526
29295980|P|FA|Andrew Morris P • MIN|2.0|2.2|0.0|0.0|0.0|0.1|0.3|0.0|0.0|1.1|2.7|1.0|2.7|4.94|1.86|528
2165932|P|FA|Reynaldo Lopez P • ATL|0.1|0.2|0.0|0.0|0.0|0.0|0.0|0.0|0.0|0.0|0.2|0.1|0.2|2.35|0.93|530
2836902|P|FA|Robert Garcia P • TEX|0.1|0.2|0.0|0.0|0.0|0.0|0.0|0.0|0.0|0.1|0.2|0.1|0.2|1.92|0.73|531
2170141|P|FA|Colin Rea P • CHC|0.1|0.2|0.0|0.0|0.0|0.0|0.0|0.0|0.0|0.0|0.3|0.1|0.4|5.45|1.66|532
29453038|P|FA|Ben Casparius P • LAD|0.1|0.2|0.0|0.0|0.0|0.0|0.0|0.0|0.0|0.0|0.2|0.1|0.3|3.92|1.08|533
2863866|P|FA|Michael Rucker P • SEA|0.1|0.4|0.0|0.0|0.0|0.0|0.0|0.0|0.0|0.0|0.5|0.1|0.4|5.40|1.48|534
2933180|P|FA|Victor Vodnik P • MIA|1.2|1.6|0.0|0.0|0.0|0.1|0.1|0.0|0.0|0.3|1.6|1.0|2.0|5.09|1.79|536
26911765|P|FA|Chayce McDermott P • NYM|0.1|0.3|0.0|0.0|0.0|0.0|0.0|0.0|0.0|0.1|0.5|0.2|0.4|8.53|1.98|538
2910627|P|FA|Bryse Wilson P • MIL|0.2|0.3|0.0|0.0|0.0|0.0|0.0|0.0|0.0|0.1|0.4|0.1|0.6|3.81|1.12|539
26911733|P|FA|Jaden Hill P • COL|2.0|2.0|0.0|0.0|0.0|0.0|0.0|0.0|0.0|0.7|2.6|1.2|2.1|5.00|1.66|540
2932071|P|FA|Simeon Woods Richardson P • TOR|0.1|0.2|0.0|0.0|0.0|0.0|0.0|0.0|0.0|0.0|0.3|0.2|0.4|6.37|1.87|541
26762061|P|FA|Randy Vasquez P • SD|0.1|0.3|0.0|0.0|0.0|0.0|0.0|0.0|0.0|0.0|0.3|0.1|0.4|5.32|1.70|542
50043845|P|FA|Mark Manfredi P • COL|0.1|0.5|0.0|0.0|0.0|0.0|0.0|0.0|0.0|0.1|0.5|0.2|0.5|5.80|2.13|543
2507337|P|FA|Jordan Hicks P • CHW|0.1|0.6|0.0|0.0|0.0|0.0|0.0|0.0|0.0|0.0|0.4|0.2|0.4|5.62|1.91|545
29083998|P|FA|Brendan Cellucci P • TOR|0.0|0.1|0.0|0.0|0.0|0.0|0.0|0.0|0.0|0.0|0.1|0.1|0.1|4.13|1.25|546
2837276|P|FA|Parker Mushinski P • COL|1.0|0.7|0.0|0.0|0.0|0.0|0.0|0.0|0.0|0.2|0.1|0.6|1.0|2.86|1.53|547
2932621|P|FA|Michael Burrows P • HOU|0.1|0.2|0.0|0.0|0.0|0.0|0.0|0.0|0.0|0.1|0.3|0.1|0.4|6.08|1.64|548
2898233|P|FA|Jonathan Loaisiga P • ARI|0.1|0.9|0.0|0.0|0.0|0.1|0.0|0.1|0.0|0.2|0.6|0.2|0.8|7.42|2.94|549
26608285|P|FA|Dedniel Nunez P • NYM|2.1|2.3|0.0|0.0|0.0|0.0|0.0|0.0|0.0|0.6|3.3|0.6|3.1|6.18|1.58|550
3117940|P|FA|Seth Johnson P • ATH|1.1|1.3|0.0|0.0|0.0|0.1|0.0|0.0|0.0|0.1|2.0|1.0|1.5|6.97|1.87|551
26911735|P|FA|Ky Bush P • CHW|0.0|0.2|0.0|0.0|0.0|0.0|0.0|0.0|0.0|0.0|0.1|0.1|0.2|4.71|1.52|552
2507332|P|FA|Aaron Civale P • CHC|0.1|0.1|0.0|0.0|0.0|0.0|0.0|0.0|0.0|0.0|0.2|0.1|0.2|2.97|0.89|553
29077667|P|FA|Miguel Ullola P • HOU|0.1|0.3|0.0|0.0|0.0|0.0|0.0|0.0|0.0|0.1|0.5|0.2|0.4|6.26|1.79|554
26912445|P|FA|Carlos Duran P • KC|0.1|0.3|0.0|0.0|0.0|0.0|0.0|0.0|0.0|0.0|0.3|0.2|0.3|4.48|1.26|556
3152122|P|FA|Brandon Williamson P • CIN|0.1|0.2|0.0|0.0|0.0|0.0|0.0|0.0|0.0|0.0|0.2|0.1|0.2|3.70|1.05|557
2066809|P|FA|Rob Zastryzny P • MIL|0.0|0.0|0.0|0.0|0.0|0.0|0.0|0.0|0.0|0.0|0.0|0.0|0.0|2.67|1.33|558
2837183|P|FA|Isaac Mattson P • PIT|0.1|0.3|0.0|0.0|0.0|0.0|0.0|0.0|0.0|0.1|0.3|0.1|0.3|3.70|1.26|559
2453275|P|FA|Jordan Montgomery P • TEX|0.2|0.5|0.0|0.0|0.0|0.0|0.0|0.0|0.0|0.0|0.4|0.2|0.7|4.81|1.24|560
26911766|P|FA|McCade Brown P • COL|0.0|0.2|0.0|0.0|0.0|0.0|0.0|0.0|0.0|0.0|0.2|0.1|0.2|5.45|1.53|561
2932802|P|FA|Jon Heasley P • TB|0.1|0.1|0.0|0.0|0.0|0.0|0.0|0.0|0.0|0.0|0.2|0.1|0.2|3.75|0.92|562
29085495|P|FA|Jordan Leasure P • CHW|0.0|0.0|0.0|0.0|0.0|0.0|0.0|0.0|0.0|0.0|0.0|0.0|0.0|5.62|1.38|563
3166983|P|FA|Max Kranick P • WAS|1.0|0.8|0.0|0.0|0.0|0.1|0.0|0.0|0.0|0.1|0.8|0.3|1.3|5.71|1.62|564
29342246|P|FA|Nick Davila P • SEA|0.1|0.2|0.0|0.0|0.0|0.0|0.0|0.0|0.0|0.0|0.1|0.1|0.2|3.62|1.08|565
26615422|P|FA|Zach McCambley P • CIN|0.0|0.1|0.0|0.0|0.0|0.0|0.0|0.0|0.0|0.0|0.1|0.0|0.1|4.11|1.53|566
26912442|P|FA|Prelander Berroa P • CHW|0.0|0.0|0.0|0.0|0.0|0.0|0.0|0.0|0.0|0.0|0.1|0.0|0.0|4.20|1.93|567
2166715|P|FA|Joe Mantiply P • TOR|0.0|0.1|0.0|0.0|0.0|0.0|0.0|0.0|0.0|0.0|0.1|0.0|0.1|5.06|1.65|568
29342342|P|FA|TJ Shook P • COL|0.0|0.1|0.0|0.0|0.0|0.0|0.0|0.0|0.0|0.0|0.1|0.0|0.1|5.53|1.51|570
2822412|P|FA|Jhonathan Diaz P • SEA|0.0|0.1|0.0|0.0|0.0|0.0|0.0|0.0|0.0|0.0|0.1|0.0|0.1|4.87|1.51|571
2837167|P|FA|Ron Marinaccio P • CIN|0.0|0.1|0.0|0.0|0.0|0.0|0.0|0.0|0.0|0.0|0.1|0.0|0.1|5.38|1.47|573
29033797|P|FA|Josh Simpson P • SEA|0.0|0.1|0.0|0.0|0.0|0.0|0.0|0.0|0.0|0.0|0.2|0.1|0.1|7.79|1.92|578
29350513|P|FA|Chris Roycroft P • TB|0.0|0.1|0.0|0.0|0.0|0.0|0.0|0.0|0.0|0.0|0.1|0.1|0.2|6.38|1.55|580
28846908|P|FA|Sammy Peralta P • LAA|0.1|0.1|0.0|0.0|0.0|0.0|0.0|0.0|0.0|0.0|0.3|0.1|0.2|4.16|1.06|581
28838541|P|FA|Jacob Bird P • WAS|2.0|2.2|0.0|0.0|0.0|0.1|0.0|0.0|0.0|0.5|2.8|0.9|2.5|6.16|1.69|583
3166988|P|FA|Cole Wilcox P • SEA|0.0|0.1|0.0|0.0|0.0|0.0|0.0|0.0|0.0|0.0|0.2|0.1|0.1|4.98|1.98|584
28838301|P|FA|Tim Herrin P • CLE|0.2|1.5|0.0|0.0|0.0|0.1|0.1|0.0|0.0|0.4|1.1|0.7|0.9|6.02|2.33|587
2933099|P|FA|Chase Shugart P • PHI|0.1|0.6|0.0|0.0|0.0|0.1|0.0|0.0|0.0|0.1|0.8|0.3|0.6|9.67|2.84|592
2211247|P|FA|Taylor Clarke P • ARI|0.1|0.9|0.0|0.0|0.0|0.0|0.0|0.0|0.0|0.2|0.6|0.2|0.6|7.05|2.41|595
29321983|P|FA|Zach Maxwell P • CIN|0.1|0.3|0.0|0.0|0.0|0.0|0.0|0.0|0.0|0.0|0.4|0.2|0.4|7.53|1.96|598
50036774|P|FA|Antwone Kelly P • PIT|0.1|0.3|0.0|0.0|0.0|0.0|0.0|0.0|0.0|0.1|0.5|0.2|0.5|7.48|2.26|599
3117934|P|FA|Drey Jameson P • ARI|1.0|0.9|0.0|0.0|0.0|0.0|0.1|0.0|0.0|0.1|0.9|0.6|1.1|5.40|1.74|600
26719671|P|FA|Chase Petty P • CIN|1.1|1.3|1.0|0.0|0.0|0.1|0.1|0.0|0.0|0.0|1.2|0.6|1.9|6.28|1.85|601
27022499|P|FA|Matt Waldron P • WAS|0.1|0.2|0.0|0.0|0.0|0.0|0.0|0.0|0.0|0.0|0.4|0.1|0.5|7.83|1.81|602
29077342|P|FA|Hayden Juenger P • ATH|0.2|0.7|0.0|0.0|0.0|0.0|0.0|0.0|0.0|0.1|0.5|0.3|0.8|6.44|1.69|607
29660685|P|FA|Jonathan Pintaro P • NYM|0.1|0.4|0.0|0.0|0.0|0.0|0.0|0.0|0.0|0.1|0.7|0.3|0.6|9.21|2.70|608
26719581|P|FA|Sam Bachman P • LAA|0.2|0.9|0.0|0.0|0.0|0.0|0.0|0.0|0.0|0.4|1.0|0.6|0.8|6.76|2.09|611
2167343|P|FA|Ryan Yarbrough P • NYY|0.1|0.5|0.0|0.0|0.0|0.1|0.0|0.0|0.0|0.1|0.6|0.3|0.7|10.66|3.04|612
2135246|P|FA|Kyle Freeland P • COL|5.1|1.0|1.0|0.3|0.0|0.1|0.5|0.0|0.0|0.0|4.2|1.6|6.2|5.64|1.47|616
26757783|P|FA|Logan Taylor Allen P • CLE|0.1|0.4|0.0|0.0|0.0|0.1|0.0|0.0|0.0|0.1|0.6|0.3|0.8|9.96|3.29|618
2835075|P|FA|DL Hall P • MIL|0.1|0.7|0.0|0.0|0.0|0.0|0.0|0.0|0.0|0.1|0.9|0.6|0.6|8.78|3.47|621
2828998|P|FA|Yovanny Cruz P • WAS|1.0|1.2|0.0|0.0|0.0|0.0|0.0|0.0|0.0|0.2|1.3|0.7|1.4|6.51|2.08|622
2509405|P|FA|Jimmy Herget P • COL|2.0|1.8|0.0|0.0|0.0|0.0|0.1|0.0|0.0|0.4|2.6|1.1|2.6|5.60|1.84|623
2107839|P|FA|Steven Matz P • TB|0.1|0.6|0.0|0.0|0.0|0.0|0.0|0.0|0.0|0.1|0.5|0.2|0.7|10.94|2.62|625
2835921|P|FA|Juan Mejia P • COL|2.0|2.4|0.0|0.0|0.0|0.1|0.2|0.0|0.0|0.5|3.2|1.5|2.8|7.25|2.11|639
2211237|P|FA|Tanner Rainey P • DET|0.2|1.2|0.0|0.0|0.0|0.0|0.0|0.0|0.0|0.1|1.1|0.8|0.8|8.07|2.45|643
27023028|P|FA|Connor Thomas P • KC|0.1|0.4|0.0|0.0|0.0|0.0|0.1|0.0|0.0|0.1|0.7|0.3|0.8|15.47|3.34|647
29360014|P|FA|Zach Agnos P • COL|1.2|1.2|0.0|0.0|0.0|0.0|0.0|0.0|0.0|0.2|1.5|0.7|2.1|6.85|1.72|653
2226884|P|FA|Joe Gunkel P • MIN|0.0|0.0|0.0|0.0|0.0|0.0|0.0|0.0|0.0|0.0|0.0|0.0|0.0|0.00|0.00|9999
2835042|P|FA|Carlos Romero P • WAS|0.0|0.0|0.0|0.0|0.0|0.0|0.0|0.0|0.0|0.0|0.0|0.0|0.0|0.00|0.00|9999
29678115|P|FA|Peyton Olejnik P • LAA|0.0|0.0|0.0|0.0|0.0|0.0|0.0|0.0|0.0|0.0|0.0|0.0|0.0|0.00|0.00|9999
29679119|P|FA|Allan Hernandez P • CLE|0.0|0.0|0.0|0.0|0.0|0.0|0.0|0.0|0.0|0.0|0.0|0.0|0.0|0.00|0.00|9999
2933104|P|FA|Evan Sisk P • PIT|0.0|0.0|0.0|0.0|0.0|0.0|0.0|0.0|0.0|0.0|0.0|0.0|0.0|0.00|0.00|9999
2780350|P|FA|Luis Ramirez P • COL|0.0|0.0|0.0|0.0|0.0|0.0|0.0|0.0|0.0|0.0|0.0|0.0|0.0|0.00|0.00|9999
2444539|P|FA|Austin Adams P • BOS|0.0|0.0|0.0|0.0|0.0|0.0|0.0|0.0|0.0|0.0|0.0|0.0|0.0|0.00|0.00|9999
29342413|P|FA|Dylan Heid P • BAL|0.0|0.0|0.0|0.0|0.0|0.0|0.0|0.0|0.0|0.0|0.0|0.0|0.0|0.00|0.00|9999
50042721|P|FA|Javen Coleman P • TOR|0.0|0.0|0.0|0.0|0.0|0.0|0.0|0.0|0.0|0.0|0.0|0.0|0.0|0.00|0.00|9999
2121511|P|FA|Kris Hall P • ATH|0.0|0.0|0.0|0.0|0.0|0.0|0.0|0.0|0.0|0.0|0.0|0.0|0.0|0.00|0.00|9999
50044408|P|FA|Chandler Marsh P • BAL|0.0|0.0|0.0|0.0|0.0|0.0|0.0|0.0|0.0|0.0|0.0|0.0|0.0|0.00|0.00|9999
2000027|P|FA|Lucas Giolito P • SD|0.0|0.0|0.0|0.0|0.0|0.0|0.0|0.0|0.0|0.0|0.0|0.0|0.0|0.00|0.00|9999
28842392|P|FA|Cameron Leonard P • TB|0.0|0.0|0.0|0.0|0.0|0.0|0.0|0.0|0.0|0.0|0.0|0.0|0.0|0.00|0.00|9999
29321916|P|FA|Cade Denton P • COL|0.0|0.0|0.0|0.0|0.0|0.0|0.0|0.0|0.0|0.0|0.0|0.0|0.0|0.00|0.00|9999
50043885|P|FA|Stiven Cruz P • MIL|0.0|0.0|0.0|0.0|0.0|0.0|0.0|0.0|0.0|0.0|0.0|0.0|0.0|0.00|0.00|9999
1733784|P|FA|Cody Satterwhite P • BAL|0.0|0.0|0.0|0.0|0.0|0.0|0.0|0.0|0.0|0.0|0.0|0.0|0.0|0.00|0.00|9999
2113509|P|FA|Scott Alexander P • SF|0.0|0.0|0.0|0.0|0.0|0.0|0.0|0.0|0.0|0.0|0.0|0.0|0.0|0.00|0.00|9999
29295955|P|FA|Andrew Walters P • CLE|0.0|0.0|0.0|0.0|0.0|0.0|0.0|0.0|0.0|0.0|0.0|0.0|0.0|0.00|0.00|9999
29360033|P|FA|Jared Karros P • LAD|0.0|0.0|0.0|0.0|0.0|0.0|0.0|0.0|0.0|0.0|0.0|0.0|0.0|0.00|0.00|9999
2837303|P|FA|Ryan Nutof P • CIN|0.0|0.0|0.0|0.0|0.0|0.0|0.0|0.0|0.0|0.0|0.0|0.0|0.0|0.00|0.00|9999
50009342|P|FA|Jamie Arnold P • ATH|0.0|0.0|0.0|0.0|0.0|0.0|0.0|0.0|0.0|0.0|0.0|0.0|0.0|0.00|0.00|9999
29632440|P|FA|K.C. Hunt P • MIL|0.0|0.0|0.0|0.0|0.0|0.0|0.0|0.0|0.0|0.0|0.0|0.0|0.0|0.00|0.00|9999
1846229|P|FA|Tommy Milone P • SEA|0.0|0.0|0.0|0.0|0.0|0.0|0.0|0.0|0.0|0.0|0.0|0.0|0.0|0.00|0.00|9999
29355104|P|FA|Evan Taylor P • CHC|0.0|0.0|0.0|0.0|0.0|0.0|0.0|0.0|0.0|0.0|0.0|0.0|0.0|0.00|0.00|9999
2066812|P|FA|Teddy Stankiewicz P • BOS|0.0|0.0|0.0|0.0|0.0|0.0|0.0|0.0|0.0|0.0|0.0|0.0|0.0|0.00|0.00|9999
2826338|P|FA|Adonis Uceta P • NYM|0.0|0.0|0.0|0.0|0.0|0.0|0.0|0.0|0.0|0.0|0.0|0.0|0.0|0.00|0.00|9999
2210203|P|FA|JT Chargois P • TEX|0.0|0.0|0.0|0.0|0.0|0.0|0.0|0.0|0.0|0.0|0.0|0.0|0.0|0.00|0.00|9999
3157973|P|FA|Danny Young P • ATL|0.0|0.0|0.0|0.0|0.0|0.0|0.0|0.0|0.0|0.0|0.0|0.0|0.0|0.00|0.00|9999
28837076|P|FA|Emmanuel Mejia P • TB|0.0|0.0|0.0|0.0|0.0|0.0|0.0|0.0|0.0|0.0|0.0|0.0|0.0|0.00|0.00|9999
2731620|P|FA|David Berg P • CHC|0.0|0.0|0.0|0.0|0.0|0.0|0.0|0.0|0.0|0.0|0.0|0.0|0.0|0.00|0.00|9999
50044070|P|FA|Daniel Lloyd P • BAL|0.0|0.0|0.0|0.0|0.0|0.0|0.0|0.0|0.0|0.0|0.0|0.0|0.0|0.00|0.00|9999
26911800|P|FA|Brendan Beck P • NYY|0.0|0.0|0.0|0.0|0.0|0.0|0.0|0.0|0.0|0.0|0.0|0.0|0.0|0.00|0.00|9999
26615406|P|FA|Tink Hence P • STL|0.0|0.0|0.0|0.0|0.0|0.0|0.0|0.0|0.0|0.0|0.0|0.0|0.0|0.00|0.00|9999
50044827|P|FA|Jacob Edwards P • CIN|0.0|0.0|0.0|0.0|0.0|0.0|0.0|0.0|0.0|0.0|0.0|0.0|0.0|0.00|0.00|9999
29686696|P|FA|Jacob Maton P • TEX|0.0|0.0|0.0|0.0|0.0|0.0|0.0|0.0|0.0|0.0|0.0|0.0|0.0|0.00|0.00|9999
2166759|P|FA|Stephen Landazuri P • SEA|0.0|0.0|0.0|0.0|0.0|0.0|0.0|0.0|0.0|0.0|0.0|0.0|0.0|0.00|0.00|9999
29079598|P|FA|Jimmy Burnette P • TOR|0.0|0.0|0.0|0.0|0.0|0.0|0.0|0.0|0.0|0.0|0.0|0.0|0.0|0.00|0.00|9999
50041351|P|FA|Cade Crossland P • STL|0.0|0.0|0.0|0.0|0.0|0.0|0.0|0.0|0.0|0.0|0.0|0.0|0.0|0.00|0.00|9999
2218668|P|FA|Wander Suero P • ATH|0.0|0.0|0.0|0.0|0.0|0.0|0.0|0.0|0.0|0.0|0.0|0.0|0.0|0.00|0.00|9999
27022045|P|FA|Travis Kuhn P • SEA|0.0|0.0|0.0|0.0|0.0|0.0|0.0|0.0|0.0|0.0|0.0|0.0|0.0|0.00|0.00|9999
28837583|P|FA|Layne Henderson P • DET|0.0|0.0|0.0|0.0|0.0|0.0|0.0|0.0|0.0|0.0|0.0|0.0|0.0|0.00|0.00|9999
29683795|P|FA|Mitch Farris P • LAA|0.0|0.0|0.0|0.0|0.0|0.0|0.0|0.0|0.0|0.0|0.0|0.0|0.0|0.00|0.00|9999
1734606|P|FA|Bryan Shaw P • CIN|0.0|0.0|0.0|0.0|0.0|0.0|0.0|0.0|0.0|0.0|0.0|0.0|0.0|0.00|0.00|9999
50043099|P|FA|Jack Ralston P • MIA|0.0|0.0|0.0|0.0|0.0|0.0|0.0|0.0|0.0|0.0|0.0|0.0|0.0|0.00|0.00|9999
2743633|P|FA|Richelson Pena P • TEX|0.0|0.0|0.0|0.0|0.0|0.0|0.0|0.0|0.0|0.0|0.0|0.0|0.0|0.00|0.00|9999
1982198|P|FA|Danny Rosenbaum P • BOS|0.0|0.0|0.0|0.0|0.0|0.0|0.0|0.0|0.0|0.0|0.0|0.0|0.0|0.00|0.00|9999
2211228|P|FA|Nolan Watson P • SD|0.0|0.0|0.0|0.0|0.0|0.0|0.0|0.0|0.0|0.0|0.0|0.0|0.0|0.00|0.00|9999
2933023|P|FA|Andrew Politi P • BOS|0.0|0.0|0.0|0.0|0.0|0.0|0.0|0.0|0.0|0.0|0.0|0.0|0.0|0.00|0.00|9999
29078780|P|FA|Anthony Molina P • SF|0.0|0.0|0.0|0.0|0.0|0.0|0.0|0.0|0.0|0.0|0.0|0.0|0.0|0.00|0.00|9999
2250602|P|FA|Forrest Whitley P • TB|0.0|0.0|0.0|0.0|0.0|0.0|0.0|0.0|0.0|0.0|0.0|0.0|0.0|0.00|0.00|9999
2830145|P|FA|Angel Zerpa P • MIL|0.0|0.0|0.0|0.0|0.0|0.0|0.0|0.0|0.0|0.0|0.0|0.0|0.0|0.00|0.00|9999
50041339|P|FA|Brian Walters P • PHI|0.0|0.0|0.0|0.0|0.0|0.0|0.0|0.0|0.0|0.0|0.0|0.0|0.0|0.00|0.00|9999
29342218|P|FA|Ryan Anderson P • NYY|0.0|0.0|0.0|0.0|0.0|0.0|0.0|0.0|0.0|0.0|0.0|0.0|0.0|0.00|0.00|9999
29321893|P|FA|Jake Bloss P • TOR|0.0|0.0|0.0|0.0|0.0|0.0|0.0|0.0|0.0|0.0|0.0|0.0|0.0|0.00|0.00|9999
2250594|P|FA|Matt Manning P • PHI|0.0|0.0|0.0|0.0|0.0|0.0|0.0|0.0|0.0|0.0|0.0|0.0|0.0|0.00|0.00|9999
29675769|P|FA|Joey Mancini P • HOU|0.0|0.0|0.0|0.0|0.0|0.0|0.0|0.0|0.0|0.0|0.0|0.0|0.0|0.00|0.00|9999
29671357|P|FA|Yaramil Hiraldo P • BAL|0.0|0.0|0.0|0.0|0.0|0.0|0.0|0.0|0.0|0.0|0.0|0.0|0.0|0.00|0.00|9999
2823219|P|FA|Ian Hamilton P • ATL|0.0|0.0|0.0|0.0|0.0|0.0|0.0|0.0|0.0|0.0|0.0|0.0|0.0|0.00|0.00|9999
2826559|P|FA|Tyler Warmoth P • LAA|0.0|0.0|0.0|0.0|0.0|0.0|0.0|0.0|0.0|0.0|0.0|0.0|0.0|0.00|0.00|9999
28839251|P|FA|Stephen Jones P • MIA|0.0|0.0|0.0|0.0|0.0|0.0|0.0|0.0|0.0|0.0|0.0|0.0|0.0|0.00|0.00|9999
50009370|P|FA|Zachary Root P • LAD|0.0|0.0|0.0|0.0|0.0|0.0|0.0|0.0|0.0|0.0|0.0|0.0|0.0|0.00|0.00|9999
2837237|P|FA|Ryan Miller P • COL|0.0|0.0|0.0|0.0|0.0|0.0|0.0|0.0|0.0|0.0|0.0|0.0|0.0|0.00|0.00|9999
2836972|P|FA|Hunter Haworth P • BOS|0.0|0.0|0.0|0.0|0.0|0.0|0.0|0.0|0.0|0.0|0.0|0.0|0.0|0.00|0.00|9999
2135262|P|FA|Luis Ortiz P • NYM|0.0|0.0|0.0|0.0|0.0|0.0|0.0|0.0|0.0|0.0|0.0|0.0|0.0|0.00|0.00|9999
29342293|P|FA|Chris Kachmar P • CHC|0.0|0.0|0.0|0.0|0.0|0.0|0.0|0.0|0.0|0.0|0.0|0.0|0.0|0.00|0.00|9999
26719686|P|FA|Maddux Bruns P • LAD|0.0|0.0|0.0|0.0|0.0|0.0|0.0|0.0|0.0|0.0|0.0|0.0|0.0|0.00|0.00|9999
2824654|P|FA|Ryan Newell P • MIA|0.0|0.0|0.0|0.0|0.0|0.0|0.0|0.0|0.0|0.0|0.0|0.0|0.0|0.00|0.00|9999
29686705|P|FA|Jose Geraldo P • SD|0.0|0.0|0.0|0.0|0.0|0.0|0.0|0.0|0.0|0.0|0.0|0.0|0.0|0.00|0.00|9999
26635158|P|FA|Todd Peterson P • WAS|0.0|0.0|0.0|0.0|0.0|0.0|0.0|0.0|0.0|0.0|0.0|0.0|0.0|0.00|0.00|9999
29155726|P|FA|Noble Meyer P • MIA|0.0|0.0|0.0|0.0|0.0|0.0|0.0|0.0|0.0|0.0|0.0|0.0|0.0|0.00|0.00|9999
2847297|P|FA|Anderson Bido P • HOU|0.0|0.0|0.0|0.0|0.0|0.0|0.0|0.0|0.0|0.0|0.0|0.0|0.0|0.00|0.00|9999
2066305|P|FA|Chi Chi Gonzalez P • MIA|0.0|0.0|0.0|0.0|0.0|0.0|0.0|0.0|0.0|0.0|0.0|0.0|0.0|0.00|0.00|9999
29090018|P|FA|Jake Pilarski P • LAD|0.0|0.0|0.0|0.0|0.0|0.0|0.0|0.0|0.0|0.0|0.0|0.0|0.0|0.00|0.00|9999
29090150|P|FA|Alfredo Zarraga P • TB|0.0|0.0|0.0|0.0|0.0|0.0|0.0|0.0|0.0|0.0|0.0|0.0|0.0|0.00|0.00|9999
2167491|P|FA|Miguel Castro P • CHW|0.0|0.0|0.0|0.0|0.0|0.0|0.0|0.0|0.0|0.0|0.0|0.0|0.0|0.00|0.00|9999
2932831|P|FA|Justin Jarvis P • LAD|0.0|0.0|0.0|0.0|0.0|0.0|0.0|0.0|0.0|0.0|0.0|0.0|0.0|0.00|0.00|9999
2836689|P|FA|Griffin Canning P • SD|0.0|0.0|0.0|0.0|0.0|0.0|0.0|0.0|0.0|0.0|0.0|0.0|0.0|0.00|0.00|9999
2743625|P|FA|Jonathan Martinez P • CHC|0.0|0.0|0.0|0.0|0.0|0.0|0.0|0.0|0.0|0.0|0.0|0.0|0.0|0.00|0.00|9999
50044613|P|FA|Christian Becerra P • MIN|0.0|0.0|0.0|0.0|0.0|0.0|0.0|0.0|0.0|0.0|0.0|0.0|0.0|0.00|0.00|9999
2226784|P|FA|Kyle Regnault P • NYM|0.0|0.0|0.0|0.0|0.0|0.0|0.0|0.0|0.0|0.0|0.0|0.0|0.0|0.00|0.00|9999
29660660|P|FA|Zack Qin P • SD|0.0|0.0|0.0|0.0|0.0|0.0|0.0|0.0|0.0|0.0|0.0|0.0|0.0|0.00|0.00|9999
1718082|P|FA|Julio Teheran P • BAL|0.0|0.0|0.0|0.0|0.0|0.0|0.0|0.0|0.0|0.0|0.0|0.0|0.0|0.00|0.00|9999
28838271|P|FA|Sean Boyle P • SD|0.0|0.0|0.0|0.0|0.0|0.0|0.0|0.0|0.0|0.0|0.0|0.0|0.0|0.00|0.00|9999
2823433|P|FA|David Holman P • COL|0.0|0.0|0.0|0.0|0.0|0.0|0.0|0.0|0.0|0.0|0.0|0.0|0.0|0.00|0.00|9999
2739973|P|FA|James Naile P • STL|0.0|0.0|0.0|0.0|0.0|0.0|0.0|0.0|0.0|0.0|0.0|0.0|0.0|0.00|0.00|9999
2836587|P|FA|Cody Beckman P • MIL|0.0|0.0|0.0|0.0|0.0|0.0|0.0|0.0|0.0|0.0|0.0|0.0|0.0|0.00|0.00|9999
50041195|P|FA|Chase Shores P • LAA|0.0|0.0|0.0|0.0|0.0|0.0|0.0|0.0|0.0|0.0|0.0|0.0|0.0|0.00|0.00|9999
29155732|P|FA|Charlee Soto P • MIN|0.0|0.0|0.0|0.0|0.0|0.0|0.0|0.0|0.0|0.0|0.0|0.0|0.0|0.00|0.00|9999
29342652|P|FA|Jake Polancic P • MIL|0.0|0.0|0.0|0.0|0.0|0.0|0.0|0.0|0.0|0.0|0.0|0.0|0.0|0.00|0.00|9999
50041301|P|FA|Will Johnston P • ATH|0.0|0.0|0.0|0.0|0.0|0.0|0.0|0.0|0.0|0.0|0.0|0.0|0.0|0.00|0.00|9999
2837281|P|FA|Packy Naughton P • STL|0.0|0.0|0.0|0.0|0.0|0.0|0.0|0.0|0.0|0.0|0.0|0.0|0.0|0.00|0.00|9999
29342259|P|FA|Richard Gallardo P • CHC|0.0|0.0|0.0|0.0|0.0|0.0|0.0|0.0|0.0|0.0|0.0|0.0|0.0|0.00|0.00|9999
2910628|P|FA|Tobias Myers P • NYM|0.0|0.0|0.0|0.0|0.0|0.0|0.0|0.0|0.0|0.0|0.0|0.0|0.0|0.00|0.00|9999
2837668|P|FA|Sam Weatherly P • COL|0.0|0.0|0.0|0.0|0.0|0.0|0.0|0.0|0.0|0.0|0.0|0.0|0.0|0.00|0.00|9999
3157959|P|FA|Scott Engler P • TEX|0.0|0.0|0.0|0.0|0.0|0.0|0.0|0.0|0.0|0.0|0.0|0.0|0.0|0.00|0.00|9999
2871413|P|FA|Scott Kuzminsky P • SEA|0.0|0.0|0.0|0.0|0.0|0.0|0.0|0.0|0.0|0.0|0.0|0.0|0.0|0.00|0.00|9999
1797923|P|FA|Rubby De La Rosa P • LAD|0.0|0.0|0.0|0.0|0.0|0.0|0.0|0.0|0.0|0.0|0.0|0.0|0.0|0.00|0.00|9999
29077623|P|FA|Jean Cabrera P • PHI|0.0|0.0|0.0|0.0|0.0|0.0|0.0|0.0|0.0|0.0|0.0|0.0|0.0|0.00|0.00|9999
50048225|P|FA|Aidan Cremarosa P • TB|0.0|0.0|0.0|0.0|0.0|0.0|0.0|0.0|0.0|0.0|0.0|0.0|0.0|0.00|0.00|9999
28855171|P|FA|Jacob Webb P • ARI|0.0|0.0|0.0|0.0|0.0|0.0|0.0|0.0|0.0|0.0|0.0|0.0|0.0|0.00|0.00|9999
2837546|P|FA|Graham Spraker P • TB|0.0|0.0|0.0|0.0|0.0|0.0|0.0|0.0|0.0|0.0|0.0|0.0|0.0|0.00|0.00|9999
3116182|P|FA|Devin Smeltzer P • MIA|0.0|0.0|0.0|0.0|0.0|0.0|0.0|0.0|0.0|0.0|0.0|0.0|0.0|0.00|0.00|9999
2910634|P|FA|Garrett Williams P • ATH|0.0|0.0|0.0|0.0|0.0|0.0|0.0|0.0|0.0|0.0|0.0|0.0|0.0|0.00|0.00|9999
28838305|P|FA|Andres Nunez P • KC|0.0|0.0|0.0|0.0|0.0|0.0|0.0|0.0|0.0|0.0|0.0|0.0|0.0|0.00|0.00|9999
2921573|P|FA|Kaleb Fontenot P • TEX|0.0|0.0|0.0|0.0|0.0|0.0|0.0|0.0|0.0|0.0|0.0|0.0|0.0|0.00|0.00|9999
50044253|P|FA|Logan McGuire P • CLE|0.0|0.0|0.0|0.0|0.0|0.0|0.0|0.0|0.0|0.0|0.0|0.0|0.0|0.00|0.00|9999
2797796|P|FA|Scott Weathersby P • HOU|0.0|0.0|0.0|0.0|0.0|0.0|0.0|0.0|0.0|0.0|0.0|0.0|0.0|0.00|0.00|9999
50042620|P|FA|Hunter Patteson P • KC|0.0|0.0|0.0|0.0|0.0|0.0|0.0|0.0|0.0|0.0|0.0|0.0|0.0|0.00|0.00|9999
29676721|P|FA|Miguel Cienfuegos P • SD|0.0|0.0|0.0|0.0|0.0|0.0|0.0|0.0|0.0|0.0|0.0|0.0|0.0|0.00|0.00|9999
2699268|P|FA|Juan Benitez P • MIA|0.0|0.0|0.0|0.0|0.0|0.0|0.0|0.0|0.0|0.0|0.0|0.0|0.0|0.00|0.00|9999
2069487|P|FA|Luis Garcia P • MIN|0.0|0.0|0.0|0.0|0.0|0.0|0.0|0.0|0.0|0.0|0.0|0.0|0.0|0.00|0.00|9999
3165359|P|FA|Matt Cronin P • WAS|0.0|0.0|0.0|0.0|0.0|0.0|0.0|0.0|0.0|0.0|0.0|0.0|0.0|0.00|0.00|9999
2914057|P|FA|Taylor Widener P • ATL|0.0|0.0|0.0|0.0|0.0|0.0|0.0|0.0|0.0|0.0|0.0|0.0|0.0|0.00|0.00|9999
1947849|P|FA|Domingo Tapia P • SD|0.0|0.0|0.0|0.0|0.0|0.0|0.0|0.0|0.0|0.0|0.0|0.0|0.0|0.00|0.00|9999
29685405|P|FA|Hayden Merda P • NYY|0.0|0.0|0.0|0.0|0.0|0.0|0.0|0.0|0.0|0.0|0.0|0.0|0.0|0.00|0.00|9999
28920010|P|FA|Cade Horton P • CHC|0.0|0.0|0.0|0.0|0.0|0.0|0.0|0.0|0.0|0.0|0.0|0.0|0.0|0.00|0.00|9999
50041342|P|FA|Eric Yost P • SD|0.0|0.0|0.0|0.0|0.0|0.0|0.0|0.0|0.0|0.0|0.0|0.0|0.0|0.00|0.00|9999
29360036|P|FA|Zac Leigh P • CHC|0.0|0.0|0.0|0.0|0.0|0.0|0.0|0.0|0.0|0.0|0.0|0.0|0.0|0.00|0.00|9999
50044336|P|FA|Tanner Witt P • NYM|0.0|0.0|0.0|0.0|0.0|0.0|0.0|0.0|0.0|0.0|0.0|0.0|0.0|0.00|0.00|9999
29321992|P|FA|Kade Morris P • ATH|0.0|0.0|0.0|0.0|0.0|0.0|0.0|0.0|0.0|0.0|0.0|0.0|0.0|0.00|0.00|9999
26635141|P|FA|Tyler Carr P • PHI|0.0|0.0|0.0|0.0|0.0|0.0|0.0|0.0|0.0|0.0|0.0|0.0|0.0|0.00|0.00|9999
50043887|P|FA|Jesus Flores P • MIL|0.0|0.0|0.0|0.0|0.0|0.0|0.0|0.0|0.0|0.0|0.0|0.0|0.0|0.00|0.00|9999
29295957|P|FA|Blake Wolters P • KC|0.0|0.0|0.0|0.0|0.0|0.0|0.0|0.0|0.0|0.0|0.0|0.0|0.0|0.00|0.00|9999
29321974|P|FA|Andrew Lindsey P • TB|0.0|0.0|0.0|0.0|0.0|0.0|0.0|0.0|0.0|0.0|0.0|0.0|0.0|0.00|0.00|9999
29675845|P|FA|Avery Short P • ARI|0.0|0.0|0.0|0.0|0.0|0.0|0.0|0.0|0.0|0.0|0.0|0.0|0.0|0.00|0.00|9999
29693203|P|FA|Henry Gomez P • ATH|0.0|0.0|0.0|0.0|0.0|0.0|0.0|0.0|0.0|0.0|0.0|0.0|0.0|0.00|0.00|9999
2052548|P|FA|Chasen Shreve P • ATL|0.0|0.0|0.0|0.0|0.0|0.0|0.0|0.0|0.0|0.0|0.0|0.0|0.0|0.00|0.00|9999
50062246|P|FA|Xavier Rivas P • NYY|0.0|0.0|0.0|0.0|0.0|0.0|0.0|0.0|0.0|0.0|0.0|0.0|0.0|0.00|0.00|9999
50044441|P|FA|Lucas Mahlstedt P • LAA|0.0|0.0|0.0|0.0|0.0|0.0|0.0|0.0|0.0|0.0|0.0|0.0|0.0|0.00|0.00|9999
29321913|P|FA|Aidan Curry P • TEX|0.0|0.0|0.0|0.0|0.0|0.0|0.0|0.0|0.0|0.0|0.0|0.0|0.0|0.00|0.00|9999
2073700|P|FA|Julio Urias P • LAD|0.0|0.0|0.0|0.0|0.0|0.0|0.0|0.0|0.0|0.0|0.0|0.0|0.0|0.00|0.00|9999
3152833|P|FA|Matt Milburn P • ATH|0.0|0.0|0.0|0.0|0.0|0.0|0.0|0.0|0.0|0.0|0.0|0.0|0.0|0.00|0.00|9999
29033795|P|FA|Roddery Munoz P • HOU|0.0|0.0|0.0|0.0|0.0|0.0|0.0|0.0|0.0|0.0|0.0|0.0|0.0|0.00|0.00|9999
50044001|P|FA|Pedro Garcia P • DET|0.0|0.0|0.0|0.0|0.0|0.0|0.0|0.0|0.0|0.0|0.0|0.0|0.0|0.00|0.00|9999
2122258|P|FA|Brad Schreiber P • TB|0.0|0.0|0.0|0.0|0.0|0.0|0.0|0.0|0.0|0.0|0.0|0.0|0.0|0.00|0.00|9999
50043984|P|FA|Owen Puk P • WAS|0.0|0.0|0.0|0.0|0.0|0.0|0.0|0.0|0.0|0.0|0.0|0.0|0.0|0.00|0.00|9999
29295962|P|FA|Michael Prosecky P • COL|0.0|0.0|0.0|0.0|0.0|0.0|0.0|0.0|0.0|0.0|0.0|0.0|0.0|0.00|0.00|9999
1953419|P|FA|Yordy Cabrera P • LAD|0.0|0.0|0.0|0.0|0.0|0.0|0.0|0.0|0.0|0.0|0.0|0.0|0.0|0.00|0.00|9999
29322019|P|FA|Marino Santy P • CHC|0.0|0.0|0.0|0.0|0.0|0.0|0.0|0.0|0.0|0.0|0.0|0.0|0.0|0.00|0.00|9999
3103878|P|FA|Wyatt Strahan P • MIN|0.0|0.0|0.0|0.0|0.0|0.0|0.0|0.0|0.0|0.0|0.0|0.0|0.0|0.00|0.00|9999
29675787|P|FA|Sam Benschoter P • CIN|0.0|0.0|0.0|0.0|0.0|0.0|0.0|0.0|0.0|0.0|0.0|0.0|0.0|0.00|0.00|9999
2744184|P|FA|Kyle Hooper P • LAD|0.0|0.0|0.0|0.0|0.0|0.0|0.0|0.0|0.0|0.0|0.0|0.0|0.0|0.00|0.00|9999
50043064|P|FA|Ryan Lobus P • TEX|0.0|0.0|0.0|0.0|0.0|0.0|0.0|0.0|0.0|0.0|0.0|0.0|0.0|0.00|0.00|9999
2837625|P|FA|Alex Valverde P • NYM|0.0|0.0|0.0|0.0|0.0|0.0|0.0|0.0|0.0|0.0|0.0|0.0|0.0|0.00|0.00|9999
29321896|P|FA|Lucas Braun P • KC|0.0|0.0|0.0|0.0|0.0|0.0|0.0|0.0|0.0|0.0|0.0|0.0|0.0|0.00|0.00|9999
2211467|P|FA|Luis Perdomo P • WAS|0.0|0.0|0.0|0.0|0.0|0.0|0.0|0.0|0.0|0.0|0.0|0.0|0.0|0.00|0.00|9999
2915884|P|FA|Spencer Herrmann P • SEA|0.0|0.0|0.0|0.0|0.0|0.0|0.0|0.0|0.0|0.0|0.0|0.0|0.0|0.00|0.00|9999
2823339|P|FA|Kenny Hernandez P • STL|0.0|0.0|0.0|0.0|0.0|0.0|0.0|0.0|0.0|0.0|0.0|0.0|0.0|0.00|0.00|9999
29342282|P|FA|Joel Hurtado P • LAA|0.0|0.0|0.0|0.0|0.0|0.0|0.0|0.0|0.0|0.0|0.0|0.0|0.0|0.00|0.00|9999
28840188|P|FA|Braden Zarbnisky P • PHI|0.0|0.0|0.0|0.0|0.0|0.0|0.0|0.0|0.0|0.0|0.0|0.0|0.0|0.00|0.00|9999
2837028|P|FA|Tyler Ivey P • HOU|0.0|0.0|0.0|0.0|0.0|0.0|0.0|0.0|0.0|0.0|0.0|0.0|0.0|0.00|0.00|9999
50044971|P|FA|Mitch White P • SF|0.0|0.0|0.0|0.0|0.0|0.0|0.0|0.0|0.0|0.0|0.0|0.0|0.0|0.00|0.00|9999
28837586|P|FA|Mitch Spence P • KC|0.0|0.0|0.0|0.0|0.0|0.0|0.0|0.0|0.0|0.0|0.0|0.0|0.0|0.00|0.00|9999
29321888|P|FA|Aldrin Batista P • CHW|0.0|0.0|0.0|0.0|0.0|0.0|0.0|0.0|0.0|0.0|0.0|0.0|0.0|0.00|0.00|9999
50043878|P|FA|Luis Rujano P • CHC|0.0|0.0|0.0|0.0|0.0|0.0|0.0|0.0|0.0|0.0|0.0|0.0|0.0|0.00|0.00|9999
2932912|P|FA|Kyle Marman P • CLE|0.0|0.0|0.0|0.0|0.0|0.0|0.0|0.0|0.0|0.0|0.0|0.0|0.0|0.00|0.00|9999
26615403|P|FA|Christian Roa P • CHC|0.0|0.0|0.0|0.0|0.0|0.0|0.0|0.0|0.0|0.0|0.0|0.0|0.0|0.00|0.00|9999
1937566|P|FA|Austin Fleet P • SF|0.0|0.0|0.0|0.0|0.0|0.0|0.0|0.0|0.0|0.0|0.0|0.0|0.0|0.00|0.00|9999
2823785|P|FA|Janser Lara P • TEX|0.0|0.0|0.0|0.0|0.0|0.0|0.0|0.0|0.0|0.0|0.0|0.0|0.0|0.00|0.00|9999
29350970|P|FA|Aidan Anderson P • TEX|0.0|0.0|0.0|0.0|0.0|0.0|0.0|0.0|0.0|0.0|0.0|0.0|0.0|0.00|0.00|9999
2826713|P|FA|Jesus Zambrano P • ATH|0.0|0.0|0.0|0.0|0.0|0.0|0.0|0.0|0.0|0.0|0.0|0.0|0.0|0.00|0.00|9999
26635165|P|FA|Chad Smith P • NYM|0.0|0.0|0.0|0.0|0.0|0.0|0.0|0.0|0.0|0.0|0.0|0.0|0.0|0.00|0.00|9999
29687765|P|FA|Joe Glassey P • WAS|0.0|0.0|0.0|0.0|0.0|0.0|0.0|0.0|0.0|0.0|0.0|0.0|0.0|0.00|0.00|9999
29190767|P|FA|Carson Spiers P • CIN|0.0|0.0|0.0|0.0|0.0|0.0|0.0|0.0|0.0|0.0|0.0|0.0|0.0|0.00|0.00|9999
29344257|P|FA|Braxton Roxby P • SF|0.0|0.0|0.0|0.0|0.0|0.0|0.0|0.0|0.0|0.0|0.0|0.0|0.0|0.00|0.00|9999
2211786|P|FA|Angel German P • PIT|0.0|0.0|0.0|0.0|0.0|0.0|0.0|0.0|0.0|0.0|0.0|0.0|0.0|0.00|0.00|9999
2507526|P|FA|Joan Baez P • WAS|0.0|0.0|0.0|0.0|0.0|0.0|0.0|0.0|0.0|0.0|0.0|0.0|0.0|0.00|0.00|9999
3094397|P|FA|Manuel Rondon P • CHC|0.0|0.0|0.0|0.0|0.0|0.0|0.0|0.0|0.0|0.0|0.0|0.0|0.0|0.00|0.00|9999
2921416|P|FA|Jake McCasland P • SF|0.0|0.0|0.0|0.0|0.0|0.0|0.0|0.0|0.0|0.0|0.0|0.0|0.0|0.00|0.00|9999
29084391|P|FA|Taylor Lehman P • PHI|0.0|0.0|0.0|0.0|0.0|0.0|0.0|0.0|0.0|0.0|0.0|0.0|0.0|0.00|0.00|9999
26912479|P|FA|Juan Pinto P • SEA|0.0|0.0|0.0|0.0|0.0|0.0|0.0|0.0|0.0|0.0|0.0|0.0|0.0|0.00|0.00|9999
29353870|P|FA|Zach Barnes P • ARI|0.0|0.0|0.0|0.0|0.0|0.0|0.0|0.0|0.0|0.0|0.0|0.0|0.0|0.00|0.00|9999
2933042|P|FA|Angel Reyes P • DET|0.0|0.0|0.0|0.0|0.0|0.0|0.0|0.0|0.0|0.0|0.0|0.0|0.0|0.00|0.00|9999
1947821|P|FA|Matt Barnes P • WAS|0.0|0.0|0.0|0.0|0.0|0.0|0.0|0.0|0.0|0.0|0.0|0.0|0.0|0.00|0.00|9999
28837128|P|FA|Gil Luna P • CHW|0.0|0.0|0.0|0.0|0.0|0.0|0.0|0.0|0.0|0.0|0.0|0.0|0.0|0.00|0.00|9999
29676663|P|FA|Dakota Hawkins P • NYM|0.0|0.0|0.0|0.0|0.0|0.0|0.0|0.0|0.0|0.0|0.0|0.0|0.0|0.00|0.00|9999
29674813|P|FA|Kyle Amendt P • ARI|0.0|0.0|0.0|0.0|0.0|0.0|0.0|0.0|0.0|0.0|0.0|0.0|0.0|0.00|0.00|9999
29644427|P|FA|Connor Foley P • ARI|0.0|0.0|0.0|0.0|0.0|0.0|0.0|0.0|0.0|0.0|0.0|0.0|0.0|0.00|0.00|9999
3152733|P|FA|Caleb Baragar P • CLE|0.0|0.0|0.0|0.0|0.0|0.0|0.0|0.0|0.0|0.0|0.0|0.0|0.0|0.00|0.00|9999
29692136|P|FA|Xavier Meachem P • MIA|0.0|0.0|0.0|0.0|0.0|0.0|0.0|0.0|0.0|0.0|0.0|0.0|0.0|0.00|0.00|9999
2837341|P|FA|Aaron Perry P • BOS|0.0|0.0|0.0|0.0|0.0|0.0|0.0|0.0|0.0|0.0|0.0|0.0|0.0|0.00|0.00|9999
29683475|P|FA|Micah Dallas P • ATH|0.0|0.0|0.0|0.0|0.0|0.0|0.0|0.0|0.0|0.0|0.0|0.0|0.0|0.00|0.00|9999
50042284|P|FA|Argenis Cayama P • SF|0.0|0.0|0.0|0.0|0.0|0.0|0.0|0.0|0.0|0.0|0.0|0.0|0.0|0.00|0.00|9999
50041091|P|FA|Tyler Schlaffer P • CHC|0.0|0.0|0.0|0.0|0.0|0.0|0.0|0.0|0.0|0.0|0.0|0.0|0.0|0.00|0.00|9999
50043872|P|FA|LJ McDonough P • ATL|0.0|0.0|0.0|0.0|0.0|0.0|0.0|0.0|0.0|0.0|0.0|0.0|0.0|0.00|0.00|9999
2228428|P|FA|Corey Williams P • MIN|0.0|0.0|0.0|0.0|0.0|0.0|0.0|0.0|0.0|0.0|0.0|0.0|0.0|0.00|0.00|9999
3152114|P|FA|Tommy Henry P • ARI|0.0|0.0|0.0|0.0|0.0|0.0|0.0|0.0|0.0|0.0|0.0|0.0|0.0|0.00|0.00|9999
2822483|P|FA|Cole Duensing P • CHW|0.0|0.0|0.0|0.0|0.0|0.0|0.0|0.0|0.0|0.0|0.0|0.0|0.0|0.00|0.00|9999
29321882|P|FA|Patricio Aquino P • MIL|0.0|0.0|0.0|0.0|0.0|0.0|0.0|0.0|0.0|0.0|0.0|0.0|0.0|0.00|0.00|9999
29075507|P|FA|Cole Phillips P • SEA|0.0|0.0|0.0|0.0|0.0|0.0|0.0|0.0|0.0|0.0|0.0|0.0|0.0|0.00|0.00|9999
29188043|P|FA|Evan Justice P • COL|0.0|0.0|0.0|0.0|0.0|0.0|0.0|0.0|0.0|0.0|0.0|0.0|0.0|0.00|0.00|9999
2804236|P|FA|Lucas Benenati P • CIN|0.0|0.0|0.0|0.0|0.0|0.0|0.0|0.0|0.0|0.0|0.0|0.0|0.0|0.00|0.00|9999
29342296|P|FA|Nathan Landry P • BOS|0.0|0.0|0.0|0.0|0.0|0.0|0.0|0.0|0.0|0.0|0.0|0.0|0.0|0.00|0.00|9999
29342288|P|FA|Edwin Jimenez P • MIL|0.0|0.0|0.0|0.0|0.0|0.0|0.0|0.0|0.0|0.0|0.0|0.0|0.0|0.00|0.00|9999
26616949|P|FA|Nick Garcia P • PIT|0.0|0.0|0.0|0.0|0.0|0.0|0.0|0.0|0.0|0.0|0.0|0.0|0.0|0.00|0.00|9999
2836744|P|FA|Alex Cornwell P • STL|0.0|0.0|0.0|0.0|0.0|0.0|0.0|0.0|0.0|0.0|0.0|0.0|0.0|0.00|0.00|9999
2211221|P|FA|Jordan Holloway P • SEA|0.0|0.0|0.0|0.0|0.0|0.0|0.0|0.0|0.0|0.0|0.0|0.0|0.0|0.00|0.00|9999
29085574|P|FA|Austin Kitchen P • SEA|0.0|0.0|0.0|0.0|0.0|0.0|0.0|0.0|0.0|0.0|0.0|0.0|0.0|0.00|0.00|9999
29342665|P|FA|Logan Evans P • SEA|0.0|0.0|0.0|0.0|0.0|0.0|0.0|0.0|0.0|0.0|0.0|0.0|0.0|0.00|0.00|9999
29342277|P|FA|Blake Holub P • MIL|0.0|0.0|0.0|0.0|0.0|0.0|0.0|0.0|0.0|0.0|0.0|0.0|0.0|0.00|0.00|9999
50027255|P|FA|Austin Cates P • TOR|0.0|0.0|0.0|0.0|0.0|0.0|0.0|0.0|0.0|0.0|0.0|0.0|0.0|0.00|0.00|9999
29683784|P|FA|Carlos Espinosa P • LAA|0.0|0.0|0.0|0.0|0.0|0.0|0.0|0.0|0.0|0.0|0.0|0.0|0.0|0.00|0.00|9999
2823780|P|FA|Sauryn Lao P • WAS|0.0|0.0|0.0|0.0|0.0|0.0|0.0|0.0|0.0|0.0|0.0|0.0|0.0|0.00|0.00|9999
2165523|P|FA|Trevor Gott P • WAS|0.0|0.0|0.0|0.0|0.0|0.0|0.0|0.0|0.0|0.0|0.0|0.0|0.0|0.00|0.00|9999
26615453|P|FA|Malvin Pena P • WAS|0.0|0.0|0.0|0.0|0.0|0.0|0.0|0.0|0.0|0.0|0.0|0.0|0.0|0.00|0.00|9999
3108246|P|FA|Jose Nin P • CHW|0.0|0.0|0.0|0.0|0.0|0.0|0.0|0.0|0.0|0.0|0.0|0.0|0.0|0.00|0.00|9999
29106587|P|FA|Jordy Vargas P • COL|0.0|0.0|0.0|0.0|0.0|0.0|0.0|0.0|0.0|0.0|0.0|0.0|0.0|0.00|0.00|9999
1099043|P|FA|Jose Oyervidez P • SD|0.0|0.0|0.0|0.0|0.0|0.0|0.0|0.0|0.0|0.0|0.0|0.0|0.0|0.00|0.00|9999
26911757|P|FA|Bradley Blalock P • MIA|0.0|0.0|0.0|0.0|0.0|0.0|0.0|0.0|0.0|0.0|0.0|0.0|0.0|0.00|0.00|9999
29295968|P|FA|Eric Adler P • CHW|0.0|0.0|0.0|0.0|0.0|0.0|0.0|0.0|0.0|0.0|0.0|0.0|0.0|0.00|0.00|9999
50002599|P|FA|Tyler Bremner P • LAA|0.0|0.0|0.0|0.0|0.0|0.0|0.0|0.0|0.0|0.0|0.0|0.0|0.0|0.00|0.00|9999
2932738|P|FA|Michael Flynn P • SD|0.0|0.0|0.0|0.0|0.0|0.0|0.0|0.0|0.0|0.0|0.0|0.0|0.0|0.00|0.00|9999
29322002|P|FA|Hunter Owen P • KC|0.0|0.0|0.0|0.0|0.0|0.0|0.0|0.0|0.0|0.0|0.0|0.0|0.0|0.00|0.00|9999
2507334|P|FA|Garrett Davila P • KC|0.0|0.0|0.0|0.0|0.0|0.0|0.0|0.0|0.0|0.0|0.0|0.0|0.0|0.00|0.00|9999
28838307|P|FA|Vincent Timpanelli P • CIN|0.0|0.0|0.0|0.0|0.0|0.0|0.0|0.0|0.0|0.0|0.0|0.0|0.0|0.00|0.00|9999
2837077|P|FA|Will Kincanon P • CHW|0.0|0.0|0.0|0.0|0.0|0.0|0.0|0.0|0.0|0.0|0.0|0.0|0.0|0.00|0.00|9999
2167326|P|FA|Brady Feigl P • MIN|0.0|0.0|0.0|0.0|0.0|0.0|0.0|0.0|0.0|0.0|0.0|0.0|0.0|0.00|0.00|9999
29732674|P|FA|David Davalillo P • TEX|0.0|0.0|0.0|0.0|0.0|0.0|0.0|0.0|0.0|0.0|0.0|0.0|0.0|0.00|0.00|9999
29351812|P|FA|Nick Fraze P • TOR|0.0|0.0|0.0|0.0|0.0|0.0|0.0|0.0|0.0|0.0|0.0|0.0|0.0|0.00|0.00|9999
29077626|P|FA|Joe Elbis P • ARI|0.0|0.0|0.0|0.0|0.0|0.0|0.0|0.0|0.0|0.0|0.0|0.0|0.0|0.00|0.00|9999
29321986|P|FA|Cole Miller P • ATH|0.0|0.0|0.0|0.0|0.0|0.0|0.0|0.0|0.0|0.0|0.0|0.0|0.0|0.00|0.00|9999
3158102|P|FA|Jhon Peluffo P • CLE|0.0|0.0|0.0|0.0|0.0|0.0|0.0|0.0|0.0|0.0|0.0|0.0|0.0|0.00|0.00|9999
29084179|P|FA|Blake Whitney P • CHC|0.0|0.0|0.0|0.0|0.0|0.0|0.0|0.0|0.0|0.0|0.0|0.0|0.0|0.00|0.00|9999
26911762|P|FA|Doug Nikhazy P • CHC|0.0|0.0|0.0|0.0|0.0|0.0|0.0|0.0|0.0|0.0|0.0|0.0|0.0|0.00|0.00|9999
2218317|P|FA|Adam Miller P • ARI|0.0|0.0|0.0|0.0|0.0|0.0|0.0|0.0|0.0|0.0|0.0|0.0|0.0|0.00|0.00|9999
29686499|P|FA|Nick Mondak P • LAA|0.0|0.0|0.0|0.0|0.0|0.0|0.0|0.0|0.0|0.0|0.0|0.0|0.0|0.00|0.00|9999
3158165|P|FA|Seth Martinez P • BOS|0.0|0.0|0.0|0.0|0.0|0.0|0.0|0.0|0.0|0.0|0.0|0.0|0.0|0.00|0.00|9999
29075744|P|FA|Nate Savino P • ARI|0.0|0.0|0.0|0.0|0.0|0.0|0.0|0.0|0.0|0.0|0.0|0.0|0.0|0.00|0.00|9999
28838889|P|FA|Tai Tiedemann P • TEX|0.0|0.0|0.0|0.0|0.0|0.0|0.0|0.0|0.0|0.0|0.0|0.0|0.0|0.00|0.00|9999
2739980|P|FA|Reed Garrett P • NYM|0.0|0.0|0.0|0.0|0.0|0.0|0.0|0.0|0.0|0.0|0.0|0.0|0.0|0.00|0.00|9999
1758836|P|FA|Patrick Corbin P • TOR|0.0|0.0|0.0|0.0|0.0|0.0|0.0|0.0|0.0|0.0|0.0|0.0|0.0|0.00|0.00|9999
2169273|P|FA|Jon Keller P • BAL|0.0|0.0|0.0|0.0|0.0|0.0|0.0|0.0|0.0|0.0|0.0|0.0|0.0|0.00|0.00|9999
50041197|P|FA|CJ Gray P • LAA|0.0|0.0|0.0|0.0|0.0|0.0|0.0|0.0|0.0|0.0|0.0|0.0|0.0|0.00|0.00|9999
50049364|P|FA|Kevin Colmenares P • TEX|0.0|0.0|0.0|0.0|0.0|0.0|0.0|0.0|0.0|0.0|0.0|0.0|0.0|0.00|0.00|9999
2507519|P|FA|Melvin Adon P • BOS|0.0|0.0|0.0|0.0|0.0|0.0|0.0|0.0|0.0|0.0|0.0|0.0|0.0|0.00|0.00|9999
2821587|P|FA|Ronel Blanco P • HOU|0.0|0.0|0.0|0.0|0.0|0.0|0.0|0.0|0.0|0.0|0.0|0.0|0.0|0.00|0.00|9999
3117916|P|FA|Quinn Priester P • MIL|0.0|0.0|0.0|0.0|0.0|0.0|0.0|0.0|0.0|0.0|0.0|0.0|0.0|0.00|0.00|9999
2223334|P|FA|Confesor Lara P • DET|0.0|0.0|0.0|0.0|0.0|0.0|0.0|0.0|0.0|0.0|0.0|0.0|0.0|0.00|0.00|9999
29675453|P|FA|Zane Russell P • ARI|0.0|0.0|0.0|0.0|0.0|0.0|0.0|0.0|0.0|0.0|0.0|0.0|0.0|0.00|0.00|9999
29295972|P|FA|Jack Mahoney P • COL|0.0|0.0|0.0|0.0|0.0|0.0|0.0|0.0|0.0|0.0|0.0|0.0|0.0|0.00|0.00|9999
50044537|P|FA|Jacob Wosinski P • MIN|0.0|0.0|0.0|0.0|0.0|0.0|0.0|0.0|0.0|0.0|0.0|0.0|0.0|0.00|0.00|9999
29088541|P|FA|Ryan Middendorf P • MIL|0.0|0.0|0.0|0.0|0.0|0.0|0.0|0.0|0.0|0.0|0.0|0.0|0.0|0.00|0.00|9999
288900|P|FA|Johnny Cueto P • LAA|0.0|0.0|0.0|0.0|0.0|0.0|0.0|0.0|0.0|0.0|0.0|0.0|0.0|0.00|0.00|9999
29342332|P|FA|Miguel Rodriguez P • MIN|0.0|0.0|0.0|0.0|0.0|0.0|0.0|0.0|0.0|0.0|0.0|0.0|0.0|0.00|0.00|9999
2804726|P|FA|Wander Perez P • PHI|0.0|0.0|0.0|0.0|0.0|0.0|0.0|0.0|0.0|0.0|0.0|0.0|0.0|0.00|0.00|9999
29445812|P|FA|Steven Zobac P • KC|0.0|0.0|0.0|0.0|0.0|0.0|0.0|0.0|0.0|0.0|0.0|0.0|0.0|0.00|0.00|9999
28841191|P|FA|Joey Marciano P • SF|0.0|0.0|0.0|0.0|0.0|0.0|0.0|0.0|0.0|0.0|0.0|0.0|0.0|0.00|0.00|9999
2048494|P|FA|Yimi Garcia P • TOR|0.0|0.0|0.0|0.0|0.0|0.0|0.0|0.0|0.0|0.0|0.0|0.0|0.0|0.00|0.00|9999
2837579|P|FA|Beau Sulser P • BAL|0.0|0.0|0.0|0.0|0.0|0.0|0.0|0.0|0.0|0.0|0.0|0.0|0.0|0.00|0.00|9999
2804934|P|FA|Alex Katz P • CHW|0.0|0.0|0.0|0.0|0.0|0.0|0.0|0.0|0.0|0.0|0.0|0.0|0.0|0.00|0.00|9999
2798063|P|FA|Trey Wingenter P • CHC|0.0|0.0|0.0|0.0|0.0|0.0|0.0|0.0|0.0|0.0|0.0|0.0|0.0|0.00|0.00|9999
2170149|P|FA|Ben Klimesh P • CIN|0.0|0.0|0.0|0.0|0.0|0.0|0.0|0.0|0.0|0.0|0.0|0.0|0.0|0.00|0.00|9999
29084571|P|FA|Dalton Stambaugh P • CHC|0.0|0.0|0.0|0.0|0.0|0.0|0.0|0.0|0.0|0.0|0.0|0.0|0.0|0.00|0.00|9999
29077341|P|FA|Elmer Rodriguez P • NYY|0.0|0.0|0.0|0.0|0.0|0.0|0.0|0.0|0.0|0.0|0.0|0.0|0.0|0.00|0.00|9999
2117048|P|FA|Ben Lively P • CLE|0.0|0.0|0.0|0.0|0.0|0.0|0.0|0.0|0.0|0.0|0.0|0.0|0.0|0.00|0.00|9999
29086246|P|FA|Nolan Clenney P • CHC|0.0|0.0|0.0|0.0|0.0|0.0|0.0|0.0|0.0|0.0|0.0|0.0|0.0|0.00|0.00|9999
2825562|P|FA|Yerry Rodriguez P • NYY|0.0|0.0|0.0|0.0|0.0|0.0|0.0|0.0|0.0|0.0|0.0|0.0|0.0|0.00|0.00|9999
2837196|P|FA|Kade McClure P • PIT|0.0|0.0|0.0|0.0|0.0|0.0|0.0|0.0|0.0|0.0|0.0|0.0|0.0|0.00|0.00|9999
2120124|P|FA|Richard Bleier P • WAS|0.0|0.0|0.0|0.0|0.0|0.0|0.0|0.0|0.0|0.0|0.0|0.0|0.0|0.00|0.00|9999
2915883|P|FA|Bryan Bonnell P • WAS|0.0|0.0|0.0|0.0|0.0|0.0|0.0|0.0|0.0|0.0|0.0|0.0|0.0|0.00|0.00|9999
2226049|P|FA|Jose Alberto Molina P • LAA|0.0|0.0|0.0|0.0|0.0|0.0|0.0|0.0|0.0|0.0|0.0|0.0|0.0|0.00|0.00|9999
2830141|P|FA|Leonardo Taveras P • STL|0.0|0.0|0.0|0.0|0.0|0.0|0.0|0.0|0.0|0.0|0.0|0.0|0.0|0.00|0.00|9999
29085280|P|FA|Evan Gates P • PHI|0.0|0.0|0.0|0.0|0.0|0.0|0.0|0.0|0.0|0.0|0.0|0.0|0.0|0.00|0.00|9999
2117138|P|FA|Santiago Garrido P • DET|0.0|0.0|0.0|0.0|0.0|0.0|0.0|0.0|0.0|0.0|0.0|0.0|0.0|0.00|0.00|9999
29424566|P|FA|Gary Gill Hill P • NYM|0.0|0.0|0.0|0.0|0.0|0.0|0.0|0.0|0.0|0.0|0.0|0.0|0.0|0.00|0.00|9999
2915892|P|FA|Michael Koval P • SEA|0.0|0.0|0.0|0.0|0.0|0.0|0.0|0.0|0.0|0.0|0.0|0.0|0.0|0.00|0.00|9999
29344192|P|FA|Ryan Hennen P • BAL|0.0|0.0|0.0|0.0|0.0|0.0|0.0|0.0|0.0|0.0|0.0|0.0|0.0|0.00|0.00|9999
29092532|P|FA|Conor Larkin P • TOR|0.0|0.0|0.0|0.0|0.0|0.0|0.0|0.0|0.0|0.0|0.0|0.0|0.0|0.00|0.00|9999
50044493|P|FA|Trent Buchanan P • ATL|0.0|0.0|0.0|0.0|0.0|0.0|0.0|0.0|0.0|0.0|0.0|0.0|0.0|0.00|0.00|9999
2228476|P|FA|Andres Avila P • ATH|0.0|0.0|0.0|0.0|0.0|0.0|0.0|0.0|0.0|0.0|0.0|0.0|0.0|0.00|0.00|9999
28840614|P|FA|Andrew Schultz P • PHI|0.0|0.0|0.0|0.0|0.0|0.0|0.0|0.0|0.0|0.0|0.0|0.0|0.0|0.00|0.00|9999
29678299|P|FA|Hunter Gregory P • TOR|0.0|0.0|0.0|0.0|0.0|0.0|0.0|0.0|0.0|0.0|0.0|0.0|0.0|0.00|0.00|9999
26681456|P|FA|Mitchell Parker P • WAS|0.0|0.0|0.0|0.0|0.0|0.0|0.0|0.0|0.0|0.0|0.0|0.0|0.0|0.00|0.00|9999
50041326|P|FA|Matt Barr P • MIN|0.0|0.0|0.0|0.0|0.0|0.0|0.0|0.0|0.0|0.0|0.0|0.0|0.0|0.00|0.00|9999
29077595|P|FA|Dahian Santos P • TOR|0.0|0.0|0.0|0.0|0.0|0.0|0.0|0.0|0.0|0.0|0.0|0.0|0.0|0.00|0.00|9999
26911787|P|FA|Drew Parrish P • CIN|0.0|0.0|0.0|0.0|0.0|0.0|0.0|0.0|0.0|0.0|0.0|0.0|0.0|0.00|0.00|9999
2846712|P|FA|Matthew Hardy P • MIL|0.0|0.0|0.0|0.0|0.0|0.0|0.0|0.0|0.0|0.0|0.0|0.0|0.0|0.00|0.00|9999
1098908|P|FA|Jesse Chavez P • ATL|0.0|0.0|0.0|0.0|0.0|0.0|0.0|0.0|0.0|0.0|0.0|0.0|0.0|0.00|0.00|9999
50042266|P|FA|Lan-Hong Su P • SD|0.0|0.0|0.0|0.0|0.0|0.0|0.0|0.0|0.0|0.0|0.0|0.0|0.0|0.00|0.00|9999
2167352|P|FA|Miguel Diaz P • SF|0.0|0.0|0.0|0.0|0.0|0.0|0.0|0.0|0.0|0.0|0.0|0.0|0.0|0.00|0.00|9999
50044475|P|FA|Ryan Vanderhei P • SF|0.0|0.0|0.0|0.0|0.0|0.0|0.0|0.0|0.0|0.0|0.0|0.0|0.0|0.00|0.00|9999
29342311|P|FA|Jordan Mikel P • CHW|0.0|0.0|0.0|0.0|0.0|0.0|0.0|0.0|0.0|0.0|0.0|0.0|0.0|0.00|0.00|9999
29087589|P|FA|Baron Stuart P • NYY|0.0|0.0|0.0|0.0|0.0|0.0|0.0|0.0|0.0|0.0|0.0|0.0|0.0|0.00|0.00|9999
3094396|P|FA|Hunter Smith P • BOS|0.0|0.0|0.0|0.0|0.0|0.0|0.0|0.0|0.0|0.0|0.0|0.0|0.0|0.00|0.00|9999
29342326|P|FA|Chase Plymell P • CHW|0.0|0.0|0.0|0.0|0.0|0.0|0.0|0.0|0.0|0.0|0.0|0.0|0.0|0.00|0.00|9999
3104014|P|FA|Blake Bass P • TEX|0.0|0.0|0.0|0.0|0.0|0.0|0.0|0.0|0.0|0.0|0.0|0.0|0.0|0.00|0.00|9999
29683328|P|FA|Christian Suarez P • LAD|0.0|0.0|0.0|0.0|0.0|0.0|0.0|0.0|0.0|0.0|0.0|0.0|0.0|0.00|0.00|9999
2837316|P|FA|Glenn Otto P • HOU|0.0|0.0|0.0|0.0|0.0|0.0|0.0|0.0|0.0|0.0|0.0|0.0|0.0|0.00|0.00|9999
29075515|P|FA|David Festa P • MIN|0.0|0.0|0.0|0.0|0.0|0.0|0.0|0.0|0.0|0.0|0.0|0.0|0.0|0.00|0.00|9999
2836843|P|FA|Blayne Enlow P • ATL|0.0|0.0|0.0|0.0|0.0|0.0|0.0|0.0|0.0|0.0|0.0|0.0|0.0|0.00|0.00|9999
2167490|P|FA|Zech Lemond P • SD|0.0|0.0|0.0|0.0|0.0|0.0|0.0|0.0|0.0|0.0|0.0|0.0|0.0|0.00|0.00|9999
29644490|P|FA|Kyle Robinson P • LAA|0.0|0.0|0.0|0.0|0.0|0.0|0.0|0.0|0.0|0.0|0.0|0.0|0.0|0.00|0.00|9999
29675768|P|FA|Peter Van Loon P • BAL|0.0|0.0|0.0|0.0|0.0|0.0|0.0|0.0|0.0|0.0|0.0|0.0|0.0|0.00|0.00|9999
29090987|P|FA|Mitchell Tyranski P • CHC|0.0|0.0|0.0|0.0|0.0|0.0|0.0|0.0|0.0|0.0|0.0|0.0|0.0|0.00|0.00|9999
3152777|P|FA|Justin Ferrell P • HOU|0.0|0.0|0.0|0.0|0.0|0.0|0.0|0.0|0.0|0.0|0.0|0.0|0.0|0.00|0.00|9999
2224835|P|FA|Jorge Marban P • BOS|0.0|0.0|0.0|0.0|0.0|0.0|0.0|0.0|0.0|0.0|0.0|0.0|0.0|0.00|0.00|9999
50041332|P|FA|Pico Kohn P • NYY|0.0|0.0|0.0|0.0|0.0|0.0|0.0|0.0|0.0|0.0|0.0|0.0|0.0|0.00|0.00|9999
50043771|P|FA|Jay Allmer P • BOS|0.0|0.0|0.0|0.0|0.0|0.0|0.0|0.0|0.0|0.0|0.0|0.0|0.0|0.00|0.00|9999
2228461|P|FA|Lou Trivino P • PHI|0.0|0.0|0.0|0.0|0.0|0.0|0.0|0.0|0.0|0.0|0.0|0.0|0.0|0.00|0.00|9999
2121144|P|FA|Shawn Armstrong P • CLE|0.0|0.0|0.0|0.0|0.0|0.0|0.0|0.0|0.0|0.0|0.0|0.0|0.0|0.00|0.00|9999
29354502|P|FA|Daniel Harper P • PHI|0.0|0.0|0.0|0.0|0.0|0.0|0.0|0.0|0.0|0.0|0.0|0.0|0.0|0.00|0.00|9999
1103378|P|FA|John Lujan P • NYM|0.0|0.0|0.0|0.0|0.0|0.0|0.0|0.0|0.0|0.0|0.0|0.0|0.0|0.00|0.00|9999
29295987|P|FA|Marcelo Perez P • SEA|0.0|0.0|0.0|0.0|0.0|0.0|0.0|0.0|0.0|0.0|0.0|0.0|0.0|0.00|0.00|9999
2804237|P|FA|Sandy Lugo P • CIN|0.0|0.0|0.0|0.0|0.0|0.0|0.0|0.0|0.0|0.0|0.0|0.0|0.0|0.00|0.00|9999
26636351|P|FA|Zach Vennaro P • MIL|0.0|0.0|0.0|0.0|0.0|0.0|0.0|0.0|0.0|0.0|0.0|0.0|0.0|0.00|0.00|9999
1739600|P|FA|Matt Moore P • BOS|0.0|0.0|0.0|0.0|0.0|0.0|0.0|0.0|0.0|0.0|0.0|0.0|0.0|0.00|0.00|9999
2837061|P|FA|Ricky Karcher P • ARI|0.0|0.0|0.0|0.0|0.0|0.0|0.0|0.0|0.0|0.0|0.0|0.0|0.0|0.00|0.00|9999
547421|P|FA|Matt Bush P • TEX|0.0|0.0|0.0|0.0|0.0|0.0|0.0|0.0|0.0|0.0|0.0|0.0|0.0|0.00|0.00|9999
2107842|P|FA|Joely Rodriguez P • BOS|0.0|0.0|0.0|0.0|0.0|0.0|0.0|0.0|0.0|0.0|0.0|0.0|0.0|0.00|0.00|9999
50041338|P|FA|James Tallon P • PHI|0.0|0.0|0.0|0.0|0.0|0.0|0.0|0.0|0.0|0.0|0.0|0.0|0.0|0.00|0.00|9999
29085770|P|FA|Jacob DeLabio P • HOU|0.0|0.0|0.0|0.0|0.0|0.0|0.0|0.0|0.0|0.0|0.0|0.0|0.0|0.00|0.00|9999
29678048|P|FA|Jesse Bergin P • MIA|0.0|0.0|0.0|0.0|0.0|0.0|0.0|0.0|0.0|0.0|0.0|0.0|0.0|0.00|0.00|9999
2837553|P|FA|Cole Stapler P • ARI|0.0|0.0|0.0|0.0|0.0|0.0|0.0|0.0|0.0|0.0|0.0|0.0|0.0|0.00|0.00|9999
26861437|P|FA|Jorge Juan P • BOS|0.0|0.0|0.0|0.0|0.0|0.0|0.0|0.0|0.0|0.0|0.0|0.0|0.0|0.00|0.00|9999
2932680|P|FA|Noah Davis P • PIT|0.0|0.0|0.0|0.0|0.0|0.0|0.0|0.0|0.0|0.0|0.0|0.0|0.0|0.00|0.00|9999
50041360|P|FA|Jared Spencer P • TOR|0.0|0.0|0.0|0.0|0.0|0.0|0.0|0.0|0.0|0.0|0.0|0.0|0.0|0.00|0.00|9999
3096092|P|FA|Jhonleider Salinas P • TB|0.0|0.0|0.0|0.0|0.0|0.0|0.0|0.0|0.0|0.0|0.0|0.0|0.0|0.00|0.00|9999
2932723|P|FA|Justin Evans P • MIA|0.0|0.0|0.0|0.0|0.0|0.0|0.0|0.0|0.0|0.0|0.0|0.0|0.0|0.00|0.00|9999
29075734|P|FA|Mason Erla P • LAA|0.0|0.0|0.0|0.0|0.0|0.0|0.0|0.0|0.0|0.0|0.0|0.0|0.0|0.00|0.00|9999
26912469|P|FA|Sandy Gaston P • WAS|0.0|0.0|0.0|0.0|0.0|0.0|0.0|0.0|0.0|0.0|0.0|0.0|0.0|0.00|0.00|9999
26615421|P|FA|Erik Rivera P • LAA|0.0|0.0|0.0|0.0|0.0|0.0|0.0|0.0|0.0|0.0|0.0|0.0|0.0|0.00|0.00|9999
2682572|P|FA|Jeffrey Rosa P • TB|0.0|0.0|0.0|0.0|0.0|0.0|0.0|0.0|0.0|0.0|0.0|0.0|0.0|0.00|0.00|9999
26615416|P|FA|Davidjohn Herz P • WAS|0.0|0.0|0.0|0.0|0.0|0.0|0.0|0.0|0.0|0.0|0.0|0.0|0.0|0.00|0.00|9999
26912511|P|FA|Jaime Melendez P • HOU|0.0|0.0|0.0|0.0|0.0|0.0|0.0|0.0|0.0|0.0|0.0|0.0|0.0|0.00|0.00|9999
1959173|P|FA|Ryan Kussmaul P • CHW|0.0|0.0|0.0|0.0|0.0|0.0|0.0|0.0|0.0|0.0|0.0|0.0|0.0|0.00|0.00|9999
29680252|P|FA|Trevor Kuncl P • CIN|0.0|0.0|0.0|0.0|0.0|0.0|0.0|0.0|0.0|0.0|0.0|0.0|0.0|0.00|0.00|9999
2826814|P|FA|Jon Duplantier P • NYM|0.0|0.0|0.0|0.0|0.0|0.0|0.0|0.0|0.0|0.0|0.0|0.0|0.0|0.00|0.00|9999
29321723|P|FA|Jack O'Loughlin P • COL|0.0|0.0|0.0|0.0|0.0|0.0|0.0|0.0|0.0|0.0|0.0|0.0|0.0|0.00|0.00|9999
29295940|P|FA|Drue Hackenberg P • ATL|0.0|0.0|0.0|0.0|0.0|0.0|0.0|0.0|0.0|0.0|0.0|0.0|0.0|0.00|0.00|9999
50036777|P|FA|Jake Miller P • DET|0.0|0.0|0.0|0.0|0.0|0.0|0.0|0.0|0.0|0.0|0.0|0.0|0.0|0.00|0.00|9999
50043954|P|FA|Jacob Kroeger P • ATL|0.0|0.0|0.0|0.0|0.0|0.0|0.0|0.0|0.0|0.0|0.0|0.0|0.0|0.00|0.00|9999
2826599|P|FA|Luke Westphal P • SD|0.0|0.0|0.0|0.0|0.0|0.0|0.0|0.0|0.0|0.0|0.0|0.0|0.0|0.00|0.00|9999
27022494|P|FA|Jordan Brink P • MIN|0.0|0.0|0.0|0.0|0.0|0.0|0.0|0.0|0.0|0.0|0.0|0.0|0.0|0.00|0.00|9999
2449986|P|FA|Travis Lakins P • BAL|0.0|0.0|0.0|0.0|0.0|0.0|0.0|0.0|0.0|0.0|0.0|0.0|0.0|0.00|0.00|9999
2218316|P|FA|Daniel Gibson P • ARI|0.0|0.0|0.0|0.0|0.0|0.0|0.0|0.0|0.0|0.0|0.0|0.0|0.0|0.00|0.00|9999
26911772|P|FA|Beau Brieske P • DET|0.0|0.0|0.0|0.0|0.0|0.0|0.0|0.0|0.0|0.0|0.0|0.0|0.0|0.00|0.00|9999
29321906|P|FA|Kyle Carr P • NYY|0.0|0.0|0.0|0.0|0.0|0.0|0.0|0.0|0.0|0.0|0.0|0.0|0.0|0.00|0.00|9999
2821095|P|FA|Jose Adames P • BOS|0.0|0.0|0.0|0.0|0.0|0.0|0.0|0.0|0.0|0.0|0.0|0.0|0.0|0.00|0.00|9999
2837628|P|FA|Ricky Vanasco P • DET|0.0|0.0|0.0|0.0|0.0|0.0|0.0|0.0|0.0|0.0|0.0|0.0|0.0|0.00|0.00|9999
2250620|P|FA|A.J. Puk P • ARI|0.0|0.0|0.0|0.0|0.0|0.0|0.0|0.0|0.0|0.0|0.0|0.0|0.0|0.00|0.00|9999
29089077|P|FA|Antonio Knowles P • LAD|0.0|0.0|0.0|0.0|0.0|0.0|0.0|0.0|0.0|0.0|0.0|0.0|0.0|0.00|0.00|9999
50044910|P|FA|Amilcar Chirinos P • HOU|0.0|0.0|0.0|0.0|0.0|0.0|0.0|0.0|0.0|0.0|0.0|0.0|0.0|0.00|0.00|9999
29693032|P|FA|Philip Abner P • SF|0.0|0.0|0.0|0.0|0.0|0.0|0.0|0.0|0.0|0.0|0.0|0.0|0.0|0.00|0.00|9999
29087565|P|FA|Jack Neely P • CHC|0.0|0.0|0.0|0.0|0.0|0.0|0.0|0.0|0.0|0.0|0.0|0.0|0.0|0.00|0.00|9999
29342252|P|FA|Stevie Emanuels P • ATH|0.0|0.0|0.0|0.0|0.0|0.0|0.0|0.0|0.0|0.0|0.0|0.0|0.0|0.00|0.00|9999
2829903|P|FA|Jose Lopez P • TB|0.0|0.0|0.0|0.0|0.0|0.0|0.0|0.0|0.0|0.0|0.0|0.0|0.0|0.00|0.00|9999
50041208|P|FA|R.J. Gordon P • NYM|0.0|0.0|0.0|0.0|0.0|0.0|0.0|0.0|0.0|0.0|0.0|0.0|0.0|0.00|0.00|9999
29679118|P|FA|Christian Herberholz P • BAL|0.0|0.0|0.0|0.0|0.0|0.0|0.0|0.0|0.0|0.0|0.0|0.0|0.0|0.00|0.00|9999
2114068|P|FA|Ty Blach P • CHC|0.0|0.0|0.0|0.0|0.0|0.0|0.0|0.0|0.0|0.0|0.0|0.0|0.0|0.00|0.00|9999
2750021|P|FA|Will Morris P • PHI|0.0|0.0|0.0|0.0|0.0|0.0|0.0|0.0|0.0|0.0|0.0|0.0|0.0|0.00|0.00|9999
2932730|P|FA|Durbin Feltman P • BOS|0.0|0.0|0.0|0.0|0.0|0.0|0.0|0.0|0.0|0.0|0.0|0.0|0.0|0.00|0.00|9999
2824915|P|FA|Felix Paulino P • CHW|0.0|0.0|0.0|0.0|0.0|0.0|0.0|0.0|0.0|0.0|0.0|0.0|0.0|0.00|0.00|9999
29342338|P|FA|Tyler Santana P • CHC|0.0|0.0|0.0|0.0|0.0|0.0|0.0|0.0|0.0|0.0|0.0|0.0|0.0|0.00|0.00|9999
28838280|P|FA|Cristofer Melendez P • PIT|0.0|0.0|0.0|0.0|0.0|0.0|0.0|0.0|0.0|0.0|0.0|0.0|0.0|0.00|0.00|9999
29295978|P|FA|C.J. Culpepper P • MIN|0.0|0.0|0.0|0.0|0.0|0.0|0.0|0.0|0.0|0.0|0.0|0.0|0.0|0.00|0.00|9999
50043966|P|FA|Zachary Cawyer P • KC|0.0|0.0|0.0|0.0|0.0|0.0|0.0|0.0|0.0|0.0|0.0|0.0|0.0|0.00|0.00|9999
29342360|P|FA|Brian Van Belle P • TB|0.0|0.0|0.0|0.0|0.0|0.0|0.0|0.0|0.0|0.0|0.0|0.0|0.0|0.00|0.00|9999
2824577|P|FA|Ever Moya P • COL|0.0|0.0|0.0|0.0|0.0|0.0|0.0|0.0|0.0|0.0|0.0|0.0|0.0|0.00|0.00|9999
2169867|P|FA|Trey Cochran-Gill P • ATH|0.0|0.0|0.0|0.0|0.0|0.0|0.0|0.0|0.0|0.0|0.0|0.0|0.0|0.00|0.00|9999
2739981|P|FA|Ryan Ledbetter P • TEX|0.0|0.0|0.0|0.0|0.0|0.0|0.0|0.0|0.0|0.0|0.0|0.0|0.0|0.00|0.00|9999
29077597|P|FA|Dionys Rodriguez P • STL|0.0|0.0|0.0|0.0|0.0|0.0|0.0|0.0|0.0|0.0|0.0|0.0|0.0|0.00|0.00|9999
1960527|P|FA|Hector Neris P • KC|0.0|0.0|0.0|0.0|0.0|0.0|0.0|0.0|0.0|0.0|0.0|0.0|0.0|0.00|0.00|9999
2029073|P|FA|Braulio Lara P • WAS|0.0|0.0|0.0|0.0|0.0|0.0|0.0|0.0|0.0|0.0|0.0|0.0|0.0|0.00|0.00|9999
29687796|P|FA|Alejandro Lugo P • SD|0.0|0.0|0.0|0.0|0.0|0.0|0.0|0.0|0.0|0.0|0.0|0.0|0.0|0.00|0.00|9999
3157426|P|FA|Bryan Dobzanski P • STL|0.0|0.0|0.0|0.0|0.0|0.0|0.0|0.0|0.0|0.0|0.0|0.0|0.0|0.00|0.00|9999
50041349|P|FA|Tanner Franklin P • STL|0.0|0.0|0.0|0.0|0.0|0.0|0.0|0.0|0.0|0.0|0.0|0.0|0.0|0.00|0.00|9999
26912487|P|FA|Yoelvin Silven P • CHW|0.0|0.0|0.0|0.0|0.0|0.0|0.0|0.0|0.0|0.0|0.0|0.0|0.0|0.00|0.00|9999
2743634|P|FA|Austin Pettibone P • TEX|0.0|0.0|0.0|0.0|0.0|0.0|0.0|0.0|0.0|0.0|0.0|0.0|0.0|0.00|0.00|9999
29321999|P|FA|Connor O'Halloran P • TOR|0.0|0.0|0.0|0.0|0.0|0.0|0.0|0.0|0.0|0.0|0.0|0.0|0.0|0.00|0.00|9999
3107699|P|FA|Jake Haberer P • SEA|0.0|0.0|0.0|0.0|0.0|0.0|0.0|0.0|0.0|0.0|0.0|0.0|0.0|0.00|0.00|9999
2043264|P|FA|Sean Nolin P • MIA|0.0|0.0|0.0|0.0|0.0|0.0|0.0|0.0|0.0|0.0|0.0|0.0|0.0|0.00|0.00|9999
50044535|P|FA|Pablo Aldonis P • WAS|0.0|0.0|0.0|0.0|0.0|0.0|0.0|0.0|0.0|0.0|0.0|0.0|0.0|0.00|0.00|9999
2167472|P|FA|Spencer Adams P • CHW|0.0|0.0|0.0|0.0|0.0|0.0|0.0|0.0|0.0|0.0|0.0|0.0|0.0|0.00|0.00|9999
3157974|P|FA|Jordan Guerrero P • SD|0.0|0.0|0.0|0.0|0.0|0.0|0.0|0.0|0.0|0.0|0.0|0.0|0.0|0.00|0.00|9999
2775050|P|FA|Jason Richman P • TEX|0.0|0.0|0.0|0.0|0.0|0.0|0.0|0.0|0.0|0.0|0.0|0.0|0.0|0.00|0.00|9999
29676703|P|FA|Shay Schanaman P • ATL|0.0|0.0|0.0|0.0|0.0|0.0|0.0|0.0|0.0|0.0|0.0|0.0|0.0|0.00|0.00|9999
29675456|P|FA|Shane Telfer P • ARI|0.0|0.0|0.0|0.0|0.0|0.0|0.0|0.0|0.0|0.0|0.0|0.0|0.0|0.00|0.00|9999
29295969|P|FA|Hunter Hollan P • CIN|0.0|0.0|0.0|0.0|0.0|0.0|0.0|0.0|0.0|0.0|0.0|0.0|0.0|0.00|0.00|9999
2825484|P|FA|Dereck Rodriguez P • ATL|0.0|0.0|0.0|0.0|0.0|0.0|0.0|0.0|0.0|0.0|0.0|0.0|0.0|0.00|0.00|9999
2001082|P|FA|Marcus Stroman P • NYY|0.0|0.0|0.0|0.0|0.0|0.0|0.0|0.0|0.0|0.0|0.0|0.0|0.0|0.00|0.00|9999
29692992|P|FA|Ryan Shreve P • STL|0.0|0.0|0.0|0.0|0.0|0.0|0.0|0.0|0.0|0.0|0.0|0.0|0.0|0.00|0.00|9999
3088371|P|FA|Evan Grills P • COL|0.0|0.0|0.0|0.0|0.0|0.0|0.0|0.0|0.0|0.0|0.0|0.0|0.0|0.00|0.00|9999
2836607|P|FA|Sal Biasi P • CHW|0.0|0.0|0.0|0.0|0.0|0.0|0.0|0.0|0.0|0.0|0.0|0.0|0.0|0.00|0.00|9999
2171880|P|FA|Terance Marin P • CHW|0.0|0.0|0.0|0.0|0.0|0.0|0.0|0.0|0.0|0.0|0.0|0.0|0.0|0.00|0.00|9999
29662106|P|FA|Ubaldo Soto P • LAA|0.0|0.0|0.0|0.0|0.0|0.0|0.0|0.0|0.0|0.0|0.0|0.0|0.0|0.00|0.00|9999
29106579|P|FA|Pat Monteverde P • MIA|0.0|0.0|0.0|0.0|0.0|0.0|0.0|0.0|0.0|0.0|0.0|0.0|0.0|0.00|0.00|9999
3157088|P|FA|Nick Mears P • KC|0.0|0.0|0.0|0.0|0.0|0.0|0.0|0.0|0.0|0.0|0.0|0.0|0.0|0.00|0.00|9999
2823270|P|FA|Zach Hedges P • CHC|0.0|0.0|0.0|0.0|0.0|0.0|0.0|0.0|0.0|0.0|0.0|0.0|0.0|0.00|0.00|9999
29092523|P|FA|Alaska Abney P • CLE|0.0|0.0|0.0|0.0|0.0|0.0|0.0|0.0|0.0|0.0|0.0|0.0|0.0|0.00|0.00|9999
2822912|P|FA|David Garner P • TOR|0.0|0.0|0.0|0.0|0.0|0.0|0.0|0.0|0.0|0.0|0.0|0.0|0.0|0.00|0.00|9999
29342289|P|FA|Nick Jones P • LAA|0.0|0.0|0.0|0.0|0.0|0.0|0.0|0.0|0.0|0.0|0.0|0.0|0.0|0.00|0.00|9999
26616948|P|FA|Chris Clarke P • CHC|0.0|0.0|0.0|0.0|0.0|0.0|0.0|0.0|0.0|0.0|0.0|0.0|0.0|0.00|0.00|9999
2910625|P|FA|JoJo Romero P • MIL|0.0|0.0|0.0|0.0|0.0|0.0|0.0|0.0|0.0|0.0|0.0|0.0|0.0|0.00|0.00|9999
29675824|P|FA|Alexander Cornielle P • NYY|0.0|0.0|0.0|0.0|0.0|0.0|0.0|0.0|0.0|0.0|0.0|0.0|0.0|0.00|0.00|9999
29676684|P|FA|Jack Hostetler P • MIL|0.0|0.0|0.0|0.0|0.0|0.0|0.0|0.0|0.0|0.0|0.0|0.0|0.0|0.00|0.00|9999
29342349|P|FA|John Stankiewicz P • MIN|0.0|0.0|0.0|0.0|0.0|0.0|0.0|0.0|0.0|0.0|0.0|0.0|0.0|0.00|0.00|9999
2804515|P|FA|Wes Benjamin P • SD|0.0|0.0|0.0|0.0|0.0|0.0|0.0|0.0|0.0|0.0|0.0|0.0|0.0|0.00|0.00|9999
2118860|P|FA|Jacob Dahlstrand P • BOS|0.0|0.0|0.0|0.0|0.0|0.0|0.0|0.0|0.0|0.0|0.0|0.0|0.0|0.00|0.00|9999
3158364|P|FA|Mike Salvatore P • SEA|0.0|0.0|0.0|0.0|0.0|0.0|0.0|0.0|0.0|0.0|0.0|0.0|0.0|0.00|0.00|9999
29063927|P|FA|Adam Maier P • ATL|0.0|0.0|0.0|0.0|0.0|0.0|0.0|0.0|0.0|0.0|0.0|0.0|0.0|0.00|0.00|9999
26911785|P|FA|Eric Silva P • DET|0.0|0.0|0.0|0.0|0.0|0.0|0.0|0.0|0.0|0.0|0.0|0.0|0.0|0.00|0.00|9999
29342456|P|FA|Jake Palisch P • CHW|0.0|0.0|0.0|0.0|0.0|0.0|0.0|0.0|0.0|0.0|0.0|0.0|0.0|0.00|0.00|9999
1655645|P|FA|Derek Rodriguez P • CHW|0.0|0.0|0.0|0.0|0.0|0.0|0.0|0.0|0.0|0.0|0.0|0.0|0.0|0.00|0.00|9999
2837101|P|FA|Asa Lacy P • KC|0.0|0.0|0.0|0.0|0.0|0.0|0.0|0.0|0.0|0.0|0.0|0.0|0.0|0.00|0.00|9999
2910633|P|FA|Chris Rodriguez P • CHW|0.0|0.0|0.0|0.0|0.0|0.0|0.0|0.0|0.0|0.0|0.0|0.0|0.0|0.00|0.00|9999
50043879|P|FA|Hunter Dryden P • SF|0.0|0.0|0.0|0.0|0.0|0.0|0.0|0.0|0.0|0.0|0.0|0.0|0.0|0.00|0.00|9999
50036775|P|FA|John Klein P • TOR|0.0|0.0|0.0|0.0|0.0|0.0|0.0|0.0|0.0|0.0|0.0|0.0|0.0|0.00|0.00|9999
2227744|P|FA|Juan Caballero P • MIA|0.0|0.0|0.0|0.0|0.0|0.0|0.0|0.0|0.0|0.0|0.0|0.0|0.0|0.00|0.00|9999
2921574|P|FA|Kirby Bellow P • ARI|0.0|0.0|0.0|0.0|0.0|0.0|0.0|0.0|0.0|0.0|0.0|0.0|0.0|0.00|0.00|9999
29077584|P|FA|Alejandro Melean P • TOR|0.0|0.0|0.0|0.0|0.0|0.0|0.0|0.0|0.0|0.0|0.0|0.0|0.0|0.00|0.00|9999
26615413|P|FA|Brayan Bello P • BOS|0.0|0.0|0.0|0.0|0.0|0.0|0.0|0.0|0.0|0.0|0.0|0.0|0.0|0.00|0.00|9999
29091602|P|FA|Troy Taylor P • SEA|0.0|0.0|0.0|0.0|0.0|0.0|0.0|0.0|0.0|0.0|0.0|0.0|0.0|0.00|0.00|9999
2803410|P|FA|Nick Anderson P • ATH|0.0|0.0|0.0|0.0|0.0|0.0|0.0|0.0|0.0|0.0|0.0|0.0|0.0|0.00|0.00|9999
1960794|P|FA|Johan Yan P • TEX|0.0|0.0|0.0|0.0|0.0|0.0|0.0|0.0|0.0|0.0|0.0|0.0|0.0|0.00|0.00|9999
2824015|P|FA|Andres Machado P • WAS|0.0|0.0|0.0|0.0|0.0|0.0|0.0|0.0|0.0|0.0|0.0|0.0|0.0|0.00|0.00|9999
29086555|P|FA|Matt Keating P • NYY|0.0|0.0|0.0|0.0|0.0|0.0|0.0|0.0|0.0|0.0|0.0|0.0|0.0|0.00|0.00|9999
2836695|P|FA|Drew Carlton P • SD|0.0|0.0|0.0|0.0|0.0|0.0|0.0|0.0|0.0|0.0|0.0|0.0|0.0|0.00|0.00|9999
50058217|P|FA|Carson Wiggins P • NYM|0.0|0.0|0.0|0.0|0.0|0.0|0.0|0.0|0.0|0.0|0.0|0.0|0.0|0.00|0.00|9999
2119084|P|FA|Yoanner Negrin P • CHC|0.0|0.0|0.0|0.0|0.0|0.0|0.0|0.0|0.0|0.0|0.0|0.0|0.0|0.00|0.00|9999
29676047|P|FA|Cameron Foster P • BAL|0.0|0.0|0.0|0.0|0.0|0.0|0.0|0.0|0.0|0.0|0.0|0.0|0.0|0.00|0.00|9999
2826581|P|FA|Jordan Weems P • LAD|0.0|0.0|0.0|0.0|0.0|0.0|0.0|0.0|0.0|0.0|0.0|0.0|0.0|0.00|0.00|9999
2107835|P|FA|Jarret Martin P • TEX|0.0|0.0|0.0|0.0|0.0|0.0|0.0|0.0|0.0|0.0|0.0|0.0|0.0|0.00|0.00|9999
29349516|P|FA|Eli Saul P • ARI|0.0|0.0|0.0|0.0|0.0|0.0|0.0|0.0|0.0|0.0|0.0|0.0|0.0|0.00|0.00|9999
29348710|P|FA|Justin King P • MIA|0.0|0.0|0.0|0.0|0.0|0.0|0.0|0.0|0.0|0.0|0.0|0.0|0.0|0.00|0.00|9999
29321889|P|FA|Garrett Baumann P • ATL|0.0|0.0|0.0|0.0|0.0|0.0|0.0|0.0|0.0|0.0|0.0|0.0|0.0|0.00|0.00|9999
29342241|P|FA|Alex Cook P • TB|0.0|0.0|0.0|0.0|0.0|0.0|0.0|0.0|0.0|0.0|0.0|0.0|0.0|0.00|0.00|9999
2837594|P|FA|Jonathan Teaney P • CLE|0.0|0.0|0.0|0.0|0.0|0.0|0.0|0.0|0.0|0.0|0.0|0.0|0.0|0.00|0.00|9999
29295985|P|FA|Isaiah Lowe P • SD|0.0|0.0|0.0|0.0|0.0|0.0|0.0|0.0|0.0|0.0|0.0|0.0|0.0|0.00|0.00|9999
29085020|P|FA|Grant Black P • STL|0.0|0.0|0.0|0.0|0.0|0.0|0.0|0.0|0.0|0.0|0.0|0.0|0.0|0.00|0.00|9999
2453414|P|FA|Cory Taylor P • SF|0.0|0.0|0.0|0.0|0.0|0.0|0.0|0.0|0.0|0.0|0.0|0.0|0.0|0.00|0.00|9999
3086089|P|FA|Shaun Anderson P • LAA|0.0|0.0|0.0|0.0|0.0|0.0|0.0|0.0|0.0|0.0|0.0|0.0|0.0|0.00|0.00|9999
29085444|P|FA|Andrew Magno P • BAL|0.0|0.0|0.0|0.0|0.0|0.0|0.0|0.0|0.0|0.0|0.0|0.0|0.0|0.00|0.00|9999
2821192|P|FA|Cristian Alvarado P • ATH|0.0|0.0|0.0|0.0|0.0|0.0|0.0|0.0|0.0|0.0|0.0|0.0|0.0|0.00|0.00|9999
2118802|P|FA|Connor Sadzeck P • MIN|0.0|0.0|0.0|0.0|0.0|0.0|0.0|0.0|0.0|0.0|0.0|0.0|0.0|0.00|0.00|9999
2915826|P|FA|Brian Keller P • PHI|0.0|0.0|0.0|0.0|0.0|0.0|0.0|0.0|0.0|0.0|0.0|0.0|0.0|0.00|0.00|9999
2829929|P|FA|Luis Palacios P • MIA|0.0|0.0|0.0|0.0|0.0|0.0|0.0|0.0|0.0|0.0|0.0|0.0|0.0|0.00|0.00|9999
29322009|P|FA|Matt Pushard P • STL|0.0|0.0|0.0|0.0|0.0|0.0|0.0|0.0|0.0|0.0|0.0|0.0|0.0|0.00|0.00|9999
2932673|P|FA|R.J. Dabovich P • SF|0.0|0.0|0.0|0.0|0.0|0.0|0.0|0.0|0.0|0.0|0.0|0.0|0.0|0.00|0.00|9999
2170005|P|FA|Will Lamb P • CHW|0.0|0.0|0.0|0.0|0.0|0.0|0.0|0.0|0.0|0.0|0.0|0.0|0.0|0.00|0.00|9999
2739974|P|FA|Miguel Nunez P • PHI|0.0|0.0|0.0|0.0|0.0|0.0|0.0|0.0|0.0|0.0|0.0|0.0|0.0|0.00|0.00|9999
2804510|P|FA|Bud Jeter P • ARI|0.0|0.0|0.0|0.0|0.0|0.0|0.0|0.0|0.0|0.0|0.0|0.0|0.0|0.00|0.00|9999
2226783|P|FA|Rainy Lara P • NYM|0.0|0.0|0.0|0.0|0.0|0.0|0.0|0.0|0.0|0.0|0.0|0.0|0.0|0.00|0.00|9999
2073701|P|FA|Carl Edwards P • DET|0.0|0.0|0.0|0.0|0.0|0.0|0.0|0.0|0.0|0.0|0.0|0.0|0.0|0.00|0.00|9999
29084418|P|FA|Davis Sharpe P • CLE|0.0|0.0|0.0|0.0|0.0|0.0|0.0|0.0|0.0|0.0|0.0|0.0|0.0|0.00|0.00|9999
50044011|P|FA|Sam Ryan P • MIN|0.0|0.0|0.0|0.0|0.0|0.0|0.0|0.0|0.0|0.0|0.0|0.0|0.0|0.00|0.00|9999
29322018|P|FA|Winston Santos P • TEX|0.0|0.0|0.0|0.0|0.0|0.0|0.0|0.0|0.0|0.0|0.0|0.0|0.0|0.00|0.00|9999
1717424|P|FA|Jordan Lyles P • KC|0.0|0.0|0.0|0.0|0.0|0.0|0.0|0.0|0.0|0.0|0.0|0.0|0.0|0.00|0.00|9999
29089075|P|FA|Haylen Green P • CHW|0.0|0.0|0.0|0.0|0.0|0.0|0.0|0.0|0.0|0.0|0.0|0.0|0.0|0.00|0.00|9999
2836586|P|FA|Tristan Beck P • SF|0.0|0.0|0.0|0.0|0.0|0.0|0.0|0.0|0.0|0.0|0.0|0.0|0.0|0.00|0.00|9999
2117131|P|FA|Luis Severino P • ATH|0.0|0.0|0.0|0.0|0.0|0.0|0.0|0.0|0.0|0.0|0.0|0.0|0.0|0.00|0.00|9999
2211225|P|FA|Jon Harris P • TOR|0.0|0.0|0.0|0.0|0.0|0.0|0.0|0.0|0.0|0.0|0.0|0.0|0.0|0.00|0.00|9999
3157099|P|FA|Daniel Castano P • MIA|0.0|0.0|0.0|0.0|0.0|0.0|0.0|0.0|0.0|0.0|0.0|0.0|0.0|0.00|0.00|9999
2824406|P|FA|Jose Mesa P • NYY|0.0|0.0|0.0|0.0|0.0|0.0|0.0|0.0|0.0|0.0|0.0|0.0|0.0|0.00|0.00|9999
2599645|P|FA|Victor Arano P • WAS|0.0|0.0|0.0|0.0|0.0|0.0|0.0|0.0|0.0|0.0|0.0|0.0|0.0|0.00|0.00|9999
28838882|P|FA|Kevin Coulter P • CLE|0.0|0.0|0.0|0.0|0.0|0.0|0.0|0.0|0.0|0.0|0.0|0.0|0.0|0.00|0.00|9999
2040766|P|FA|Tommy Kahnle P • BOS|0.0|0.0|0.0|0.0|0.0|0.0|0.0|0.0|0.0|0.0|0.0|0.0|0.0|0.00|0.00|9999
29096124|P|FA|Carlos Francisco P • PHI|0.0|0.0|0.0|0.0|0.0|0.0|0.0|0.0|0.0|0.0|0.0|0.0|0.0|0.00|0.00|9999
2837660|P|FA|Mark Washington P • HOU|0.0|0.0|0.0|0.0|0.0|0.0|0.0|0.0|0.0|0.0|0.0|0.0|0.0|0.00|0.00|9999
29085317|P|FA|Sawyer Gipson-Long P • DET|0.0|0.0|0.0|0.0|0.0|0.0|0.0|0.0|0.0|0.0|0.0|0.0|0.0|0.00|0.00|9999
2246181|P|FA|Chris Paddack P • TEX|0.0|0.0|0.0|0.0|0.0|0.0|0.0|0.0|0.0|0.0|0.0|0.0|0.0|0.00|0.00|9999
29342287|P|FA|Antonio Jimenez P • SF|0.0|0.0|0.0|0.0|0.0|0.0|0.0|0.0|0.0|0.0|0.0|0.0|0.0|0.00|0.00|9999
2211785|P|FA|Junior Fernandez P • ARI|0.0|0.0|0.0|0.0|0.0|0.0|0.0|0.0|0.0|0.0|0.0|0.0|0.0|0.00|0.00|9999
2768554|P|FA|Skylar Szynski P • ATH|0.0|0.0|0.0|0.0|0.0|0.0|0.0|0.0|0.0|0.0|0.0|0.0|0.0|0.00|0.00|9999
2918656|P|FA|Steven Klimek P • MIN|0.0|0.0|0.0|0.0|0.0|0.0|0.0|0.0|0.0|0.0|0.0|0.0|0.0|0.00|0.00|9999
29692367|P|FA|Jack Young P • CHW|0.0|0.0|0.0|0.0|0.0|0.0|0.0|0.0|0.0|0.0|0.0|0.0|0.0|0.00|0.00|9999
2615373|P|FA|Edison Frias P • HOU|0.0|0.0|0.0|0.0|0.0|0.0|0.0|0.0|0.0|0.0|0.0|0.0|0.0|0.00|0.00|9999
2507525|P|FA|Pedro Avila P • CLE|0.0|0.0|0.0|0.0|0.0|0.0|0.0|0.0|0.0|0.0|0.0|0.0|0.0|0.00|0.00|9999
2118870|P|FA|Jeremy Kehrt P • LAD|0.0|0.0|0.0|0.0|0.0|0.0|0.0|0.0|0.0|0.0|0.0|0.0|0.0|0.00|0.00|9999
29075508|P|FA|Coleman Crow P • MIL|0.0|0.0|0.0|0.0|0.0|0.0|0.0|0.0|0.0|0.0|0.0|0.0|0.0|0.00|0.00|9999
1946523|P|FA|Jorge Reyes P • SD|0.0|0.0|0.0|0.0|0.0|0.0|0.0|0.0|0.0|0.0|0.0|0.0|0.0|0.00|0.00|9999
29342414|P|FA|Kyle Luckham P • WAS|0.0|0.0|0.0|0.0|0.0|0.0|0.0|0.0|0.0|0.0|0.0|0.0|0.0|0.00|0.00|9999
2121517|P|FA|Kyle Hansen P • CHW|0.0|0.0|0.0|0.0|0.0|0.0|0.0|0.0|0.0|0.0|0.0|0.0|0.0|0.00|0.00|9999
2453408|P|FA|Brandon Waddell P • NYM|0.0|0.0|0.0|0.0|0.0|0.0|0.0|0.0|0.0|0.0|0.0|0.0|0.0|0.00|0.00|9999
2942990|P|FA|Mason Denaburg P • WAS|0.0|0.0|0.0|0.0|0.0|0.0|0.0|0.0|0.0|0.0|0.0|0.0|0.0|0.00|0.00|9999
2836889|P|FA|Will Gaddis P • COL|0.0|0.0|0.0|0.0|0.0|0.0|0.0|0.0|0.0|0.0|0.0|0.0|0.0|0.00|0.00|9999
2167295|P|FA|Robert Zarate P • CLE|0.0|0.0|0.0|0.0|0.0|0.0|0.0|0.0|0.0|0.0|0.0|0.0|0.0|0.00|0.00|9999
50036768|P|FA|Brandan Bidois P • MIA|0.0|0.0|0.0|0.0|0.0|0.0|0.0|0.0|0.0|0.0|0.0|0.0|0.0|0.00|0.00|9999
29342347|P|FA|Dylan Spacke P • BOS|0.0|0.0|0.0|0.0|0.0|0.0|0.0|0.0|0.0|0.0|0.0|0.0|0.0|0.00|0.00|9999
50043261|P|FA|Jeisson Cabrera P • BAL|0.0|0.0|0.0|0.0|0.0|0.0|0.0|0.0|0.0|0.0|0.0|0.0|0.0|0.00|0.00|9999
2222109|P|FA|Gabe Hemmer P • DET|0.0|0.0|0.0|0.0|0.0|0.0|0.0|0.0|0.0|0.0|0.0|0.0|0.0|0.00|0.00|9999
2170524|P|FA|Kurt Spomer P • LAA|0.0|0.0|0.0|0.0|0.0|0.0|0.0|0.0|0.0|0.0|0.0|0.0|0.0|0.00|0.00|9999
29662209|P|FA|Adrian Bohorquez P • MIN|0.0|0.0|0.0|0.0|0.0|0.0|0.0|0.0|0.0|0.0|0.0|0.0|0.0|0.00|0.00|9999
2821696|P|FA|Craig Brooks P • CHC|0.0|0.0|0.0|0.0|0.0|0.0|0.0|0.0|0.0|0.0|0.0|0.0|0.0|0.00|0.00|9999
29077650|P|FA|Juan Carela P • CHW|0.0|0.0|0.0|0.0|0.0|0.0|0.0|0.0|0.0|0.0|0.0|0.0|0.0|0.00|0.00|9999
29342240|P|FA|Adisyn Coffey P • CHW|0.0|0.0|0.0|0.0|0.0|0.0|0.0|0.0|0.0|0.0|0.0|0.0|0.0|0.00|0.00|9999
29085021|P|FA|Hunter Breault P • ATH|0.0|0.0|0.0|0.0|0.0|0.0|0.0|0.0|0.0|0.0|0.0|0.0|0.0|0.00|0.00|9999
2167794|P|FA|Aaron Kurcz P • ATH|0.0|0.0|0.0|0.0|0.0|0.0|0.0|0.0|0.0|0.0|0.0|0.0|0.0|0.00|0.00|9999
2837626|P|FA|CJ Van Eyk P • TOR|0.0|0.0|0.0|0.0|0.0|0.0|0.0|0.0|0.0|0.0|0.0|0.0|0.0|0.00|0.00|9999
1697836|P|FA|Daniel Hudson P • LAD|0.0|0.0|0.0|0.0|0.0|0.0|0.0|0.0|0.0|0.0|0.0|0.0|0.0|0.00|0.00|9999
29348711|P|FA|Brett Wichrowski P • MIL|0.0|0.0|0.0|0.0|0.0|0.0|0.0|0.0|0.0|0.0|0.0|0.0|0.0|0.00|0.00|9999
2932930|P|FA|Tyler McKay P • PHI|0.0|0.0|0.0|0.0|0.0|0.0|0.0|0.0|0.0|0.0|0.0|0.0|0.0|0.00|0.00|9999
50044334|P|FA|Pedro Rodriguez P • NYY|0.0|0.0|0.0|0.0|0.0|0.0|0.0|0.0|0.0|0.0|0.0|0.0|0.0|0.00|0.00|9999
29087585|P|FA|Zach Messinger P • NYY|0.0|0.0|0.0|0.0|0.0|0.0|0.0|0.0|0.0|0.0|0.0|0.0|0.0|0.00|0.00|9999
29321997|P|FA|Juan Nunez P • SD|0.0|0.0|0.0|0.0|0.0|0.0|0.0|0.0|0.0|0.0|0.0|0.0|0.0|0.00|0.00|9999
2167333|P|FA|Chris Ellis P • BAL|0.0|0.0|0.0|0.0|0.0|0.0|0.0|0.0|0.0|0.0|0.0|0.0|0.0|0.00|0.00|9999
2734153|P|FA|Ty Buttrey P • SEA|0.0|0.0|0.0|0.0|0.0|0.0|0.0|0.0|0.0|0.0|0.0|0.0|0.0|0.00|0.00|9999
3152060|P|FA|Michael McAvene P • CHC|0.0|0.0|0.0|0.0|0.0|0.0|0.0|0.0|0.0|0.0|0.0|0.0|0.0|0.00|0.00|9999
50042292|P|FA|Luis De La Torre P • SF|0.0|0.0|0.0|0.0|0.0|0.0|0.0|0.0|0.0|0.0|0.0|0.0|0.0|0.00|0.00|9999
50009345|P|FA|Kyson Witherspoon P • BAL|0.0|0.0|0.0|0.0|0.0|0.0|0.0|0.0|0.0|0.0|0.0|0.0|0.0|0.00|0.00|9999
2933080|P|FA|Cole Sands P • MIN|0.0|0.0|0.0|0.0|0.0|0.0|0.0|0.0|0.0|0.0|0.0|0.0|0.0|0.00|0.00|9999
50041198|P|FA|Xavier Mitchell P • LAA|0.0|0.0|0.0|0.0|0.0|0.0|0.0|0.0|0.0|0.0|0.0|0.0|0.0|0.00|0.00|9999
50044204|P|FA|Kelena Sauer P • TOR|0.0|0.0|0.0|0.0|0.0|0.0|0.0|0.0|0.0|0.0|0.0|0.0|0.0|0.00|0.00|9999
2171419|P|FA|Zack Weiss P • STL|0.0|0.0|0.0|0.0|0.0|0.0|0.0|0.0|0.0|0.0|0.0|0.0|0.0|0.00|0.00|9999
26719570|P|FA|Frankie Mozzicato P • KC|0.0|0.0|0.0|0.0|0.0|0.0|0.0|0.0|0.0|0.0|0.0|0.0|0.0|0.00|0.00|9999
2921399|P|FA|Grant Zawadzki P • TEX|0.0|0.0|0.0|0.0|0.0|0.0|0.0|0.0|0.0|0.0|0.0|0.0|0.0|0.00|0.00|9999
2167462|P|FA|Trey Supak P • TEX|0.0|0.0|0.0|0.0|0.0|0.0|0.0|0.0|0.0|0.0|0.0|0.0|0.0|0.00|0.00|9999
2836706|P|FA|Joe Cavallaro P • NYM|0.0|0.0|0.0|0.0|0.0|0.0|0.0|0.0|0.0|0.0|0.0|0.0|0.0|0.00|0.00|9999
50044010|P|FA|Mike Paredes P • MIN|0.0|0.0|0.0|0.0|0.0|0.0|0.0|0.0|0.0|0.0|0.0|0.0|0.0|0.00|0.00|9999
2171699|P|FA|Damion Carroll P • TB|0.0|0.0|0.0|0.0|0.0|0.0|0.0|0.0|0.0|0.0|0.0|0.0|0.0|0.00|0.00|9999
29295952|P|FA|Jaxon Wiggins P • CHC|0.0|0.0|0.0|0.0|0.0|0.0|0.0|0.0|0.0|0.0|0.0|0.0|0.0|0.00|0.00|9999
3158248|P|FA|Thomas McIlraith P • NYM|0.0|0.0|0.0|0.0|0.0|0.0|0.0|0.0|0.0|0.0|0.0|0.0|0.0|0.00|0.00|9999
50043882|P|FA|Mason Burns P • STL|0.0|0.0|0.0|0.0|0.0|0.0|0.0|0.0|0.0|0.0|0.0|0.0|0.0|0.00|0.00|9999
2836908|P|FA|John Gavin P • SF|0.0|0.0|0.0|0.0|0.0|0.0|0.0|0.0|0.0|0.0|0.0|0.0|0.0|0.00|0.00|9999
2209943|P|FA|Reinier Roibal P • LAD|0.0|0.0|0.0|0.0|0.0|0.0|0.0|0.0|0.0|0.0|0.0|0.0|0.0|0.00|0.00|9999
29295967|P|FA|Brody McCullough P • CHC|0.0|0.0|0.0|0.0|0.0|0.0|0.0|0.0|0.0|0.0|0.0|0.0|0.0|0.00|0.00|9999
2919772|P|FA|Bubba Derby P • MIL|0.0|0.0|0.0|0.0|0.0|0.0|0.0|0.0|0.0|0.0|0.0|0.0|0.0|0.00|0.00|9999
28838308|P|FA|Blake Workman P • ARI|0.0|0.0|0.0|0.0|0.0|0.0|0.0|0.0|0.0|0.0|0.0|0.0|0.0|0.00|0.00|9999
2228220|P|FA|A.J. Vanegas P • LAD|0.0|0.0|0.0|0.0|0.0|0.0|0.0|0.0|0.0|0.0|0.0|0.0|0.0|0.00|0.00|9999
50043066|P|FA|Yunior Tur P • ATH|0.0|0.0|0.0|0.0|0.0|0.0|0.0|0.0|0.0|0.0|0.0|0.0|0.0|0.00|0.00|9999
2847302|P|FA|Brusdar Graterol P • LAD|0.0|0.0|0.0|0.0|0.0|0.0|0.0|0.0|0.0|0.0|0.0|0.0|0.0|0.00|0.00|9999
29426044|P|FA|Jurrangelo Cijntje P • STL|0.0|0.0|0.0|0.0|0.0|0.0|0.0|0.0|0.0|0.0|0.0|0.0|0.0|0.00|0.00|9999
2119871|P|FA|Dixon Llorens P • STL|0.0|0.0|0.0|0.0|0.0|0.0|0.0|0.0|0.0|0.0|0.0|0.0|0.0|0.00|0.00|9999
3095384|P|FA|Conor Harber P • MIL|0.0|0.0|0.0|0.0|0.0|0.0|0.0|0.0|0.0|0.0|0.0|0.0|0.0|0.00|0.00|9999
1739607|P|FA|Alex Colome P • CHW|0.0|0.0|0.0|0.0|0.0|0.0|0.0|0.0|0.0|0.0|0.0|0.0|0.0|0.00|0.00|9999
2921006|P|FA|Ryan Mason P • MIN|0.0|0.0|0.0|0.0|0.0|0.0|0.0|0.0|0.0|0.0|0.0|0.0|0.0|0.00|0.00|9999
3152826|P|FA|Jayson McKinley P • ARI|0.0|0.0|0.0|0.0|0.0|0.0|0.0|0.0|0.0|0.0|0.0|0.0|0.0|0.00|0.00|9999
2826006|P|FA|Markus Solbach P • DET|0.0|0.0|0.0|0.0|0.0|0.0|0.0|0.0|0.0|0.0|0.0|0.0|0.0|0.00|0.00|9999
2029433|P|FA|Hyun-Jin Ryu P • TOR|0.0|0.0|0.0|0.0|0.0|0.0|0.0|0.0|0.0|0.0|0.0|0.0|0.0|0.00|0.00|9999
26757778|P|FA|Xzavion Curry P • NYM|0.0|0.0|0.0|0.0|0.0|0.0|0.0|0.0|0.0|0.0|0.0|0.0|0.0|0.00|0.00|9999
2830233|P|FA|Santiago Florez P • PIT|0.0|0.0|0.0|0.0|0.0|0.0|0.0|0.0|0.0|0.0|0.0|0.0|0.0|0.00|0.00|9999
2053474|P|FA|Amir Garrett P • TOR|0.0|0.0|0.0|0.0|0.0|0.0|0.0|0.0|0.0|0.0|0.0|0.0|0.0|0.00|0.00|9999
29675788|P|FA|Magnus Ellerts P • CLE|0.0|0.0|0.0|0.0|0.0|0.0|0.0|0.0|0.0|0.0|0.0|0.0|0.0|0.00|0.00|9999
3166985|P|FA|Adam Seminaris P • PHI|0.0|0.0|0.0|0.0|0.0|0.0|0.0|0.0|0.0|0.0|0.0|0.0|0.0|0.00|0.00|9999
28838302|P|FA|Randy Labaut P • PIT|0.0|0.0|0.0|0.0|0.0|0.0|0.0|0.0|0.0|0.0|0.0|0.0|0.0|0.00|0.00|9999
29342294|P|FA|Tanner Kiest P • LAD|0.0|0.0|0.0|0.0|0.0|0.0|0.0|0.0|0.0|0.0|0.0|0.0|0.0|0.00|0.00|9999
29322007|P|FA|Jean Pinto P • BAL|0.0|0.0|0.0|0.0|0.0|0.0|0.0|0.0|0.0|0.0|0.0|0.0|0.0|0.00|0.00|9999
28839742|P|FA|Trey Jeans P • CHW|0.0|0.0|0.0|0.0|0.0|0.0|0.0|0.0|0.0|0.0|0.0|0.0|0.0|0.00|0.00|9999
2227177|P|FA|Luke Farrell P • WAS|0.0|0.0|0.0|0.0|0.0|0.0|0.0|0.0|0.0|0.0|0.0|0.0|0.0|0.00|0.00|9999
3094730|P|FA|Scott Effross P • DET|0.0|0.0|0.0|0.0|0.0|0.0|0.0|0.0|0.0|0.0|0.0|0.0|0.0|0.00|0.00|9999
29675796|P|FA|Wesley Moore P • PHI|0.0|0.0|0.0|0.0|0.0|0.0|0.0|0.0|0.0|0.0|0.0|0.0|0.0|0.00|0.00|9999
29321878|P|FA|Samuel Aldegheri P • LAA|0.0|0.0|0.0|0.0|0.0|0.0|0.0|0.0|0.0|0.0|0.0|0.0|0.0|0.00|0.00|9999
29077503|P|FA|Evan Reifert P • TB|0.0|0.0|0.0|0.0|0.0|0.0|0.0|0.0|0.0|0.0|0.0|0.0|0.0|0.00|0.00|9999
50043888|P|FA|Tanner Gillis P • MIL|0.0|0.0|0.0|0.0|0.0|0.0|0.0|0.0|0.0|0.0|0.0|0.0|0.0|0.00|0.00|9999
27022827|P|FA|Yorvin Pantoja P • ARI|0.0|0.0|0.0|0.0|0.0|0.0|0.0|0.0|0.0|0.0|0.0|0.0|0.0|0.00|0.00|9999
1804328|P|FA|Matt Lollis P • CHW|0.0|0.0|0.0|0.0|0.0|0.0|0.0|0.0|0.0|0.0|0.0|0.0|0.0|0.00|0.00|9999
29295958|P|FA|Hiro Wyatt P • KC|0.0|0.0|0.0|0.0|0.0|0.0|0.0|0.0|0.0|0.0|0.0|0.0|0.0|0.00|0.00|9999
2743311|P|FA|Jimmy Yacabonis P • NYM|0.0|0.0|0.0|0.0|0.0|0.0|0.0|0.0|0.0|0.0|0.0|0.0|0.0|0.00|0.00|9999
29351817|P|FA|Cade Smith P • NYY|0.0|0.0|0.0|0.0|0.0|0.0|0.0|0.0|0.0|0.0|0.0|0.0|0.0|0.00|0.00|9999
2119280|P|FA|Kurt Heyer P • STL|0.0|0.0|0.0|0.0|0.0|0.0|0.0|0.0|0.0|0.0|0.0|0.0|0.0|0.00|0.00|9999
50044152|P|FA|Nolan DeVos P • HOU|0.0|0.0|0.0|0.0|0.0|0.0|0.0|0.0|0.0|0.0|0.0|0.0|0.0|0.00|0.00|9999
29155735|P|FA|Ty Floyd P • CIN|0.0|0.0|0.0|0.0|0.0|0.0|0.0|0.0|0.0|0.0|0.0|0.0|0.0|0.00|0.00|9999
50041192|P|FA|Josh Hansell P • KC|0.0|0.0|0.0|0.0|0.0|0.0|0.0|0.0|0.0|0.0|0.0|0.0|0.0|0.00|0.00|9999
2739964|P|FA|Bradley Markey P • CHC|0.0|0.0|0.0|0.0|0.0|0.0|0.0|0.0|0.0|0.0|0.0|0.0|0.0|0.00|0.00|9999
50048643|P|FA|Xavier Cruz P • STL|0.0|0.0|0.0|0.0|0.0|0.0|0.0|0.0|0.0|0.0|0.0|0.0|0.0|0.00|0.00|9999
26615463|P|FA|Reid Humphreys P • COL|0.0|0.0|0.0|0.0|0.0|0.0|0.0|0.0|0.0|0.0|0.0|0.0|0.0|0.00|0.00|9999
3094398|P|FA|Aaron Fossas P • MIN|0.0|0.0|0.0|0.0|0.0|0.0|0.0|0.0|0.0|0.0|0.0|0.0|0.0|0.00|0.00|9999
29632459|P|FA|Marquis Grissom P • WAS|0.0|0.0|0.0|0.0|0.0|0.0|0.0|0.0|0.0|0.0|0.0|0.0|0.0|0.00|0.00|9999
26912465|P|FA|Keegan Curtis P • LAD|0.0|0.0|0.0|0.0|0.0|0.0|0.0|0.0|0.0|0.0|0.0|0.0|0.0|0.00|0.00|9999
2044493|P|FA|Mitch Brown P • CLE|0.0|0.0|0.0|0.0|0.0|0.0|0.0|0.0|0.0|0.0|0.0|0.0|0.0|0.00|0.00|9999
29075746|P|FA|Nazier Mule P • CHC|0.0|0.0|0.0|0.0|0.0|0.0|0.0|0.0|0.0|0.0|0.0|0.0|0.0|0.00|0.00|9999
29662212|P|FA|Francis Pena P • SD|0.0|0.0|0.0|0.0|0.0|0.0|0.0|0.0|0.0|0.0|0.0|0.0|0.0|0.00|0.00|9999
2837019|P|FA|Brandon Hughes P • CHC|0.0|0.0|0.0|0.0|0.0|0.0|0.0|0.0|0.0|0.0|0.0|0.0|0.0|0.00|0.00|9999
29086085|P|FA|Fineas Del Bonta-Smith P • PIT|0.0|0.0|0.0|0.0|0.0|0.0|0.0|0.0|0.0|0.0|0.0|0.0|0.0|0.00|0.00|9999
29084141|P|FA|Justin Courtney P • NYM|0.0|0.0|0.0|0.0|0.0|0.0|0.0|0.0|0.0|0.0|0.0|0.0|0.0|0.00|0.00|9999
50044695|P|FA|Dilan Figueredo P • LAD|0.0|0.0|0.0|0.0|0.0|0.0|0.0|0.0|0.0|0.0|0.0|0.0|0.0|0.00|0.00|9999
29692358|P|FA|Phil Fox P • CHW|0.0|0.0|0.0|0.0|0.0|0.0|0.0|0.0|0.0|0.0|0.0|0.0|0.0|0.00|0.00|9999
50043877|P|FA|Yenrri Rojas P • CHC|0.0|0.0|0.0|0.0|0.0|0.0|0.0|0.0|0.0|0.0|0.0|0.0|0.0|0.00|0.00|9999
2167361|P|FA|Sean Reid-Foley P • ATL|0.0|0.0|0.0|0.0|0.0|0.0|0.0|0.0|0.0|0.0|0.0|0.0|0.0|0.00|0.00|9999
29077624|P|FA|Jean Munoz P • SEA|0.0|0.0|0.0|0.0|0.0|0.0|0.0|0.0|0.0|0.0|0.0|0.0|0.0|0.00|0.00|9999
2804235|P|FA|Nolan Becker P • CIN|0.0|0.0|0.0|0.0|0.0|0.0|0.0|0.0|0.0|0.0|0.0|0.0|0.0|0.00|0.00|9999
2804926|P|FA|Greg Williams P • PIT|0.0|0.0|0.0|0.0|0.0|0.0|0.0|0.0|0.0|0.0|0.0|0.0|0.0|0.00|0.00|9999
2066314|P|FA|Corey Knebel P • CHW|0.0|0.0|0.0|0.0|0.0|0.0|0.0|0.0|0.0|0.0|0.0|0.0|0.0|0.00|0.00|9999
2120046|P|FA|Kyle Hunter P • SEA|0.0|0.0|0.0|0.0|0.0|0.0|0.0|0.0|0.0|0.0|0.0|0.0|0.0|0.00|0.00|9999
29321887|P|FA|Angel Bastardo P • TOR|0.0|0.0|0.0|0.0|0.0|0.0|0.0|0.0|0.0|0.0|0.0|0.0|0.0|0.00|0.00|9999
2826119|P|FA|Cole Sulser P • TB|0.0|0.0|0.0|0.0|0.0|0.0|0.0|0.0|0.0|0.0|0.0|0.0|0.0|0.00|0.00|9999
2933085|P|FA|Reid Schaller P • WAS|0.0|0.0|0.0|0.0|0.0|0.0|0.0|0.0|0.0|0.0|0.0|0.0|0.0|0.00|0.00|9999
28838021|P|FA|Trevor Brigden P • TB|0.0|0.0|0.0|0.0|0.0|0.0|0.0|0.0|0.0|0.0|0.0|0.0|0.0|0.00|0.00|9999
50044108|P|FA|Geison Urbaez P • TOR|0.0|0.0|0.0|0.0|0.0|0.0|0.0|0.0|0.0|0.0|0.0|0.0|0.0|0.00|0.00|9999
29342215|P|FA|Mason Adams P • COL|0.0|0.0|0.0|0.0|0.0|0.0|0.0|0.0|0.0|0.0|0.0|0.0|0.0|0.00|0.00|9999
1962832|P|FA|Matt Crouse P • DET|0.0|0.0|0.0|0.0|0.0|0.0|0.0|0.0|0.0|0.0|0.0|0.0|0.0|0.00|0.00|9999
2135250|P|FA|Touki Toussaint P • LAA|0.0|0.0|0.0|0.0|0.0|0.0|0.0|0.0|0.0|0.0|0.0|0.0|0.0|0.00|0.00|9999
2912223|P|FA|Art Warren P • NYY|0.0|0.0|0.0|0.0|0.0|0.0|0.0|0.0|0.0|0.0|0.0|0.0|0.0|0.00|0.00|9999
3081744|P|FA|Ryder Ryan P • LAD|0.0|0.0|0.0|0.0|0.0|0.0|0.0|0.0|0.0|0.0|0.0|0.0|0.0|0.00|0.00|9999
2169652|P|FA|Jordan Cooper P • CLE|0.0|0.0|0.0|0.0|0.0|0.0|0.0|0.0|0.0|0.0|0.0|0.0|0.0|0.00|0.00|9999
29084706|P|FA|Trayson Kubo P • ATH|0.0|0.0|0.0|0.0|0.0|0.0|0.0|0.0|0.0|0.0|0.0|0.0|0.0|0.00|0.00|9999
2837667|P|FA|Justin Watts P • TOR|0.0|0.0|0.0|0.0|0.0|0.0|0.0|0.0|0.0|0.0|0.0|0.0|0.0|0.00|0.00|9999
2040768|P|FA|Zach Nuding P • NYY|0.0|0.0|0.0|0.0|0.0|0.0|0.0|0.0|0.0|0.0|0.0|0.0|0.0|0.00|0.00|9999
29342345|P|FA|Chase Solesky P • CIN|0.0|0.0|0.0|0.0|0.0|0.0|0.0|0.0|0.0|0.0|0.0|0.0|0.0|0.00|0.00|9999
29321973|P|FA|Sheng-En Lin P • CIN|0.0|0.0|0.0|0.0|0.0|0.0|0.0|0.0|0.0|0.0|0.0|0.0|0.0|0.00|0.00|9999
2823475|P|FA|David Hurlbut P • TEX|0.0|0.0|0.0|0.0|0.0|0.0|0.0|0.0|0.0|0.0|0.0|0.0|0.0|0.00|0.00|9999
2836605|P|FA|Osvaldo Berrios P • BOS|0.0|0.0|0.0|0.0|0.0|0.0|0.0|0.0|0.0|0.0|0.0|0.0|0.0|0.00|0.00|9999
26635162|P|FA|Kenny Rosenberg P • LAA|0.0|0.0|0.0|0.0|0.0|0.0|0.0|0.0|0.0|0.0|0.0|0.0|0.0|0.00|0.00|9999
26911789|P|FA|Mason Albright P • COL|0.0|0.0|0.0|0.0|0.0|0.0|0.0|0.0|0.0|0.0|0.0|0.0|0.0|0.00|0.00|9999
29321914|P|FA|Juan De La Cruz P • MIA|0.0|0.0|0.0|0.0|0.0|0.0|0.0|0.0|0.0|0.0|0.0|0.0|0.0|0.00|0.00|9999
29693204|P|FA|Weilnton Herrera P • COL|0.0|0.0|0.0|0.0|0.0|0.0|0.0|0.0|0.0|0.0|0.0|0.0|0.0|0.00|0.00|9999
50025419|P|FA|Ixan Henderson P • STL|0.0|0.0|0.0|0.0|0.0|0.0|0.0|0.0|0.0|0.0|0.0|0.0|0.0|0.00|0.00|9999
2804517|P|FA|Andrew Case P • TOR|0.0|0.0|0.0|0.0|0.0|0.0|0.0|0.0|0.0|0.0|0.0|0.0|0.0|0.00|0.00|9999
28838086|P|FA|Matt Dennis P • COL|0.0|0.0|0.0|0.0|0.0|0.0|0.0|0.0|0.0|0.0|0.0|0.0|0.0|0.00|0.00|9999
29680497|P|FA|Adam Laskey P • COL|0.0|0.0|0.0|0.0|0.0|0.0|0.0|0.0|0.0|0.0|0.0|0.0|0.0|0.00|0.00|9999
29038837|P|FA|Justin Garza P • LAA|0.0|0.0|0.0|0.0|0.0|0.0|0.0|0.0|0.0|0.0|0.0|0.0|0.0|0.00|0.00|9999
26635157|P|FA|Brayan Perez P • SEA|0.0|0.0|0.0|0.0|0.0|0.0|0.0|0.0|0.0|0.0|0.0|0.0|0.0|0.00|0.00|9999
3077703|P|FA|A.J. Alexy P • MIN|0.0|0.0|0.0|0.0|0.0|0.0|0.0|0.0|0.0|0.0|0.0|0.0|0.0|0.00|0.00|9999
2823543|P|FA|Odalvi Javier P • ATL|0.0|0.0|0.0|0.0|0.0|0.0|0.0|0.0|0.0|0.0|0.0|0.0|0.0|0.00|0.00|9999
50043983|P|FA|Davian Garcia P • WAS|0.0|0.0|0.0|0.0|0.0|0.0|0.0|0.0|0.0|0.0|0.0|0.0|0.0|0.00|0.00|9999
26911811|P|FA|Taylor Dollard P • SEA|0.0|0.0|0.0|0.0|0.0|0.0|0.0|0.0|0.0|0.0|0.0|0.0|0.0|0.00|0.00|9999
29292533|P|FA|Yoniel Curet P • PHI|0.0|0.0|0.0|0.0|0.0|0.0|0.0|0.0|0.0|0.0|0.0|0.0|0.0|0.00|0.00|9999
26615420|P|FA|Ben Hernandez P • KC|0.0|0.0|0.0|0.0|0.0|0.0|0.0|0.0|0.0|0.0|0.0|0.0|0.0|0.00|0.00|9999
29671358|P|FA|Carlos Tavera P • BAL|0.0|0.0|0.0|0.0|0.0|0.0|0.0|0.0|0.0|0.0|0.0|0.0|0.0|0.00|0.00|9999
29689782|P|FA|Jack Jasiak P • CLE|0.0|0.0|0.0|0.0|0.0|0.0|0.0|0.0|0.0|0.0|0.0|0.0|0.0|0.00|0.00|9999
2824893|P|FA|Olbis Parra P • SF|0.0|0.0|0.0|0.0|0.0|0.0|0.0|0.0|0.0|0.0|0.0|0.0|0.0|0.00|0.00|9999
29342285|P|FA|Gabriel Jackson P • BOS|0.0|0.0|0.0|0.0|0.0|0.0|0.0|0.0|0.0|0.0|0.0|0.0|0.0|0.00|0.00|9999
2829136|P|FA|Victor Santos P • STL|0.0|0.0|0.0|0.0|0.0|0.0|0.0|0.0|0.0|0.0|0.0|0.0|0.0|0.00|0.00|9999
2227790|P|FA|Jason Forjet P • SF|0.0|0.0|0.0|0.0|0.0|0.0|0.0|0.0|0.0|0.0|0.0|0.0|0.0|0.00|0.00|9999
29295941|P|FA|Cade Kuehler P • ATL|0.0|0.0|0.0|0.0|0.0|0.0|0.0|0.0|0.0|0.0|0.0|0.0|0.0|0.00|0.00|9999
2823088|P|FA|Josh Graham P • ATL|0.0|0.0|0.0|0.0|0.0|0.0|0.0|0.0|0.0|0.0|0.0|0.0|0.0|0.00|0.00|9999
2218071|P|FA|Richard Castillo P • COL|0.0|0.0|0.0|0.0|0.0|0.0|0.0|0.0|0.0|0.0|0.0|0.0|0.0|0.00|0.00|9999
29153556|P|FA|Hurston Waldrep P • ATL|0.0|0.0|0.0|0.0|0.0|0.0|0.0|0.0|0.0|0.0|0.0|0.0|0.0|0.00|0.00|9999
2702106|P|FA|Yuhei Nakaushiro P • ARI|0.0|0.0|0.0|0.0|0.0|0.0|0.0|0.0|0.0|0.0|0.0|0.0|0.0|0.00|0.00|9999
29084204|P|FA|David Hagaman P • ARI|0.0|0.0|0.0|0.0|0.0|0.0|0.0|0.0|0.0|0.0|0.0|0.0|0.0|0.00|0.00|9999
2933012|P|FA|Matt Pidich P • CIN|0.0|0.0|0.0|0.0|0.0|0.0|0.0|0.0|0.0|0.0|0.0|0.0|0.0|0.00|0.00|9999
2931901|P|FA|Valente Bellozo P • COL|0.0|0.0|0.0|0.0|0.0|0.0|0.0|0.0|0.0|0.0|0.0|0.0|0.0|0.00|0.00|9999
2169865|P|FA|Dan Altavilla P • MIN|0.0|0.0|0.0|0.0|0.0|0.0|0.0|0.0|0.0|0.0|0.0|0.0|0.0|0.00|0.00|9999
2121437|P|FA|Adrian Salcedo P • MIN|0.0|0.0|0.0|0.0|0.0|0.0|0.0|0.0|0.0|0.0|0.0|0.0|0.0|0.00|0.00|9999
29295965|P|FA|Alonzo Tredwell P • HOU|0.0|0.0|0.0|0.0|0.0|0.0|0.0|0.0|0.0|0.0|0.0|0.0|0.0|0.00|0.00|9999
29355685|P|FA|Luis Moreno P • NYM|0.0|0.0|0.0|0.0|0.0|0.0|0.0|0.0|0.0|0.0|0.0|0.0|0.0|0.00|0.00|9999
29678297|P|FA|Gabriel Sosa P • SEA|0.0|0.0|0.0|0.0|0.0|0.0|0.0|0.0|0.0|0.0|0.0|0.0|0.0|0.00|0.00|9999
28837074|P|FA|Cam Alldred P • PIT|0.0|0.0|0.0|0.0|0.0|0.0|0.0|0.0|0.0|0.0|0.0|0.0|0.0|0.00|0.00|9999
2220258|P|FA|Kyle Haynes P • NYY|0.0|0.0|0.0|0.0|0.0|0.0|0.0|0.0|0.0|0.0|0.0|0.0|0.0|0.00|0.00|9999
2171863|P|FA|Javy Guerra P • ATL|0.0|0.0|0.0|0.0|0.0|0.0|0.0|0.0|0.0|0.0|0.0|0.0|0.0|0.00|0.00|9999
26615404|P|FA|Kyle Nicolas P • WAS|0.0|0.0|0.0|0.0|0.0|0.0|0.0|0.0|0.0|0.0|0.0|0.0|0.0|0.00|0.00|9999
29675842|P|FA|Livan Reinoso P • LAD|0.0|0.0|0.0|0.0|0.0|0.0|0.0|0.0|0.0|0.0|0.0|0.0|0.0|0.00|0.00|9999
29342361|P|FA|Luis Velasquez P • NYY|0.0|0.0|0.0|0.0|0.0|0.0|0.0|0.0|0.0|0.0|0.0|0.0|0.0|0.00|0.00|9999
50041345|P|FA|Grant Knipp P • SEA|0.0|0.0|0.0|0.0|0.0|0.0|0.0|0.0|0.0|0.0|0.0|0.0|0.0|0.00|0.00|9999
3093640|P|FA|Mike Kaelin P • LAA|0.0|0.0|0.0|0.0|0.0|0.0|0.0|0.0|0.0|0.0|0.0|0.0|0.0|0.00|0.00|9999
29087578|P|FA|Blane Abeyta P • ATL|0.0|0.0|0.0|0.0|0.0|0.0|0.0|0.0|0.0|0.0|0.0|0.0|0.0|0.00|0.00|9999
28838281|P|FA|Matt Minnick P • NYY|0.0|0.0|0.0|0.0|0.0|0.0|0.0|0.0|0.0|0.0|0.0|0.0|0.0|0.00|0.00|9999
29676038|P|FA|Sam Armstrong P • MIN|0.0|0.0|0.0|0.0|0.0|0.0|0.0|0.0|0.0|0.0|0.0|0.0|0.0|0.00|0.00|9999
50048646|P|FA|Andri Hidalgo P • BAL|0.0|0.0|0.0|0.0|0.0|0.0|0.0|0.0|0.0|0.0|0.0|0.0|0.0|0.00|0.00|9999
50043893|P|FA|John Bertrand P • SF|0.0|0.0|0.0|0.0|0.0|0.0|0.0|0.0|0.0|0.0|0.0|0.0|0.0|0.00|0.00|9999
29089079|P|FA|Seth Mayberry P • SD|0.0|0.0|0.0|0.0|0.0|0.0|0.0|0.0|0.0|0.0|0.0|0.0|0.0|0.00|0.00|9999
2227751|P|FA|Anthony Banda P • MIN|0.0|0.0|0.0|0.0|0.0|0.0|0.0|0.0|0.0|0.0|0.0|0.0|0.0|0.00|0.00|9999
2190046|P|FA|Scott McGough P • ATH|0.0|0.0|0.0|0.0|0.0|0.0|0.0|0.0|0.0|0.0|0.0|0.0|0.0|0.00|0.00|9999
2228193|P|FA|Michael Freeman P • HOU|0.0|0.0|0.0|0.0|0.0|0.0|0.0|0.0|0.0|0.0|0.0|0.0|0.0|0.00|0.00|9999
28841681|P|FA|Ryan Fernandez P • STL|0.0|0.0|0.0|0.0|0.0|0.0|0.0|0.0|0.0|0.0|0.0|0.0|0.0|0.00|0.00|9999
2122296|P|FA|Chris Nunn P • ATL|0.0|0.0|0.0|0.0|0.0|0.0|0.0|0.0|0.0|0.0|0.0|0.0|0.0|0.00|0.00|9999
2453422|P|FA|Tyler Ferguson P • CHC|0.0|0.0|0.0|0.0|0.0|0.0|0.0|0.0|0.0|0.0|0.0|0.0|0.0|0.00|0.00|9999
29084570|P|FA|Connor Curlis P • CIN|0.0|0.0|0.0|0.0|0.0|0.0|0.0|0.0|0.0|0.0|0.0|0.0|0.0|0.00|0.00|9999
1231629|P|FA|Carlos Carrasco P • ATL|0.0|0.0|0.0|0.0|0.0|0.0|0.0|0.0|0.0|0.0|0.0|0.0|0.0|0.00|0.00|9999
29077340|P|FA|Dane Acker P • TEX|0.0|0.0|0.0|0.0|0.0|0.0|0.0|0.0|0.0|0.0|0.0|0.0|0.0|0.00|0.00|9999
2915877|P|FA|Josh Rogers P • COL|0.0|0.0|0.0|0.0|0.0|0.0|0.0|0.0|0.0|0.0|0.0|0.0|0.0|0.00|0.00|9999
2837114|P|FA|Max Lazar P • PHI|0.0|0.0|0.0|0.0|0.0|0.0|0.0|0.0|0.0|0.0|0.0|0.0|0.0|0.00|0.00|9999
3152902|P|FA|Pedro Vasquez P • PIT|0.0|0.0|0.0|0.0|0.0|0.0|0.0|0.0|0.0|0.0|0.0|0.0|0.0|0.00|0.00|9999
2837347|P|FA|Aaron Phillips P • SF|0.0|0.0|0.0|0.0|0.0|0.0|0.0|0.0|0.0|0.0|0.0|0.0|0.0|0.00|0.00|9999
50042283|P|FA|Keyner Martinez P • SF|0.0|0.0|0.0|0.0|0.0|0.0|0.0|0.0|0.0|0.0|0.0|0.0|0.0|0.00|0.00|9999
2227795|P|FA|Joe Filomeno P • TEX|0.0|0.0|0.0|0.0|0.0|0.0|0.0|0.0|0.0|0.0|0.0|0.0|0.0|0.00|0.00|9999
50044080|P|FA|Cody Morse P • LAD|0.0|0.0|0.0|0.0|0.0|0.0|0.0|0.0|0.0|0.0|0.0|0.0|0.0|0.00|0.00|9999
2444514|P|FA|Thyago Vieira P • ARI|0.0|0.0|0.0|0.0|0.0|0.0|0.0|0.0|0.0|0.0|0.0|0.0|0.0|0.00|0.00|9999
2837066|P|FA|Rylan Kaufman P • CHW|0.0|0.0|0.0|0.0|0.0|0.0|0.0|0.0|0.0|0.0|0.0|0.0|0.0|0.00|0.00|9999
2138864|P|FA|Austin Voth P • MIN|0.0|0.0|0.0|0.0|0.0|0.0|0.0|0.0|0.0|0.0|0.0|0.0|0.0|0.00|0.00|9999
29085281|P|FA|David Griffin P • NYM|0.0|0.0|0.0|0.0|0.0|0.0|0.0|0.0|0.0|0.0|0.0|0.0|0.0|0.00|0.00|9999
29071001|P|FA|Andrew Taylor P • HOU|0.0|0.0|0.0|0.0|0.0|0.0|0.0|0.0|0.0|0.0|0.0|0.0|0.0|0.00|0.00|9999
2170126|P|FA|Daniel Mengden P • KC|0.0|0.0|0.0|0.0|0.0|0.0|0.0|0.0|0.0|0.0|0.0|0.0|0.0|0.00|0.00|9999
2822836|P|FA|Cameron Gann P • ARI|0.0|0.0|0.0|0.0|0.0|0.0|0.0|0.0|0.0|0.0|0.0|0.0|0.0|0.00|0.00|9999
2066835|P|FA|Alex Balog P • COL|0.0|0.0|0.0|0.0|0.0|0.0|0.0|0.0|0.0|0.0|0.0|0.0|0.0|0.00|0.00|9999
28843212|P|FA|Everhett Hazelwood P • CHW|0.0|0.0|0.0|0.0|0.0|0.0|0.0|0.0|0.0|0.0|0.0|0.0|0.0|0.00|0.00|9999
2228484|P|FA|Johendi Jiminian P • MIN|0.0|0.0|0.0|0.0|0.0|0.0|0.0|0.0|0.0|0.0|0.0|0.0|0.0|0.00|0.00|9999
29683783|P|FA|Bryce Collins P • CHW|0.0|0.0|0.0|0.0|0.0|0.0|0.0|0.0|0.0|0.0|0.0|0.0|0.0|0.00|0.00|9999
28838092|P|FA|Chris Wright P • SF|0.0|0.0|0.0|0.0|0.0|0.0|0.0|0.0|0.0|0.0|0.0|0.0|0.0|0.00|0.00|9999
3094350|P|FA|Zac Ryan P • LAA|0.0|0.0|0.0|0.0|0.0|0.0|0.0|0.0|0.0|0.0|0.0|0.0|0.0|0.00|0.00|9999
26615454|P|FA|Daysbel Hernandez P • ATL|0.0|0.0|0.0|0.0|0.0|0.0|0.0|0.0|0.0|0.0|0.0|0.0|0.0|0.00|0.00|9999
3156918|P|FA|Ofreidy Gomez P • NYM|0.0|0.0|0.0|0.0|0.0|0.0|0.0|0.0|0.0|0.0|0.0|0.0|0.0|0.00|0.00|9999
2743626|P|FA|Mario Meza P • CHC|0.0|0.0|0.0|0.0|0.0|0.0|0.0|0.0|0.0|0.0|0.0|0.0|0.0|0.00|0.00|9999
29676026|P|FA|Manuel Castro P • SD|0.0|0.0|0.0|0.0|0.0|0.0|0.0|0.0|0.0|0.0|0.0|0.0|0.0|0.00|0.00|9999
50042535|P|FA|Hancel Rincon P • STL|0.0|0.0|0.0|0.0|0.0|0.0|0.0|0.0|0.0|0.0|0.0|0.0|0.0|0.00|0.00|9999
29321885|P|FA|Luinder Avila P • KC|0.0|0.0|0.0|0.0|0.0|0.0|0.0|0.0|0.0|0.0|0.0|0.0|0.0|0.00|0.00|9999
2921091|P|FA|Ben Wright P • CHW|0.0|0.0|0.0|0.0|0.0|0.0|0.0|0.0|0.0|0.0|0.0|0.0|0.0|0.00|0.00|9999
29687332|P|FA|Joseph Yabbour P • CHW|0.0|0.0|0.0|0.0|0.0|0.0|0.0|0.0|0.0|0.0|0.0|0.0|0.0|0.00|0.00|9999
29295989|P|FA|Zack Showalter P • STL|0.0|0.0|0.0|0.0|0.0|0.0|0.0|0.0|0.0|0.0|0.0|0.0|0.0|0.00|0.00|9999
29644491|P|FA|Jonathan Santucci P • NYM|0.0|0.0|0.0|0.0|0.0|0.0|0.0|0.0|0.0|0.0|0.0|0.0|0.0|0.00|0.00|9999
2449981|P|FA|Kyle Muller P • ATH|0.0|0.0|0.0|0.0|0.0|0.0|0.0|0.0|0.0|0.0|0.0|0.0|0.0|0.00|0.00|9999
26635168|P|FA|Yosver Zulueta P • BAL|0.0|0.0|0.0|0.0|0.0|0.0|0.0|0.0|0.0|0.0|0.0|0.0|0.0|0.00|0.00|9999
50043875|P|FA|Peyton Stumbo P • PIT|0.0|0.0|0.0|0.0|0.0|0.0|0.0|0.0|0.0|0.0|0.0|0.0|0.0|0.00|0.00|9999
50044828|P|FA|Grayson Moore P • CHC|0.0|0.0|0.0|0.0|0.0|0.0|0.0|0.0|0.0|0.0|0.0|0.0|0.0|0.00|0.00|9999
50036779|P|FA|Tyler Uberstine P • ATL|0.0|0.0|0.0|0.0|0.0|0.0|0.0|0.0|0.0|0.0|0.0|0.0|0.0|0.00|0.00|9999
2932035|P|FA|Benony Robles P • LAD|0.0|0.0|0.0|0.0|0.0|0.0|0.0|0.0|0.0|0.0|0.0|0.0|0.0|0.00|0.00|9999
26911741|P|FA|Anthony Solometo P • PIT|0.0|0.0|0.0|0.0|0.0|0.0|0.0|0.0|0.0|0.0|0.0|0.0|0.0|0.00|0.00|9999
2120054|P|FA|Austin House P • COL|0.0|0.0|0.0|0.0|0.0|0.0|0.0|0.0|0.0|0.0|0.0|0.0|0.0|0.00|0.00|9999
50043770|P|FA|Aaron Nixon P • NYY|0.0|0.0|0.0|0.0|0.0|0.0|0.0|0.0|0.0|0.0|0.0|0.0|0.0|0.00|0.00|9999
26912467|P|FA|Robert Dominguez P • NYM|0.0|0.0|0.0|0.0|0.0|0.0|0.0|0.0|0.0|0.0|0.0|0.0|0.0|0.00|0.00|9999
29086087|P|FA|Brooks Crawford P • CIN|0.0|0.0|0.0|0.0|0.0|0.0|0.0|0.0|0.0|0.0|0.0|0.0|0.0|0.00|0.00|9999
29675454|P|FA|Chris Campos P • LAD|0.0|0.0|0.0|0.0|0.0|0.0|0.0|0.0|0.0|0.0|0.0|0.0|0.0|0.00|0.00|9999
2066824|P|FA|Kevin Ziomek P • DET|0.0|0.0|0.0|0.0|0.0|0.0|0.0|0.0|0.0|0.0|0.0|0.0|0.0|0.00|0.00|9999
28840950|P|FA|Luis F. Castillo P • BAL|0.0|0.0|0.0|0.0|0.0|0.0|0.0|0.0|0.0|0.0|0.0|0.0|0.0|0.00|0.00|9999
29684916|P|FA|Julio Rodriguez P • HOU|0.0|0.0|0.0|0.0|0.0|0.0|0.0|0.0|0.0|0.0|0.0|0.0|0.0|0.00|0.00|9999
2453272|P|FA|A.J. Puckett P • CHC|0.0|0.0|0.0|0.0|0.0|0.0|0.0|0.0|0.0|0.0|0.0|0.0|0.0|0.00|0.00|9999
50041090|P|FA|Dominick Reid P • CHC|0.0|0.0|0.0|0.0|0.0|0.0|0.0|0.0|0.0|0.0|0.0|0.0|0.0|0.00|0.00|9999
29075512|P|FA|Conor Grammes P • ARI|0.0|0.0|0.0|0.0|0.0|0.0|0.0|0.0|0.0|0.0|0.0|0.0|0.0|0.00|0.00|9999
3158453|P|FA|Jonathan Hennigan P • PHI|0.0|0.0|0.0|0.0|0.0|0.0|0.0|0.0|0.0|0.0|0.0|0.0|0.0|0.00|0.00|9999
29692375|P|FA|Michael Cuevas P • WAS|0.0|0.0|0.0|0.0|0.0|0.0|0.0|0.0|0.0|0.0|0.0|0.0|0.0|0.00|0.00|9999
50041335|P|FA|Cody Bowker P • PHI|0.0|0.0|0.0|0.0|0.0|0.0|0.0|0.0|0.0|0.0|0.0|0.0|0.0|0.00|0.00|9999
50043903|P|FA|Bryan Magdaleno P • TEX|0.0|0.0|0.0|0.0|0.0|0.0|0.0|0.0|0.0|0.0|0.0|0.0|0.0|0.00|0.00|9999
50047243|P|FA|Choyce Diffey P • CHW|0.0|0.0|0.0|0.0|0.0|0.0|0.0|0.0|0.0|0.0|0.0|0.0|0.0|0.00|0.00|9999
2915820|P|FA|Ryan Moseley P • LAD|0.0|0.0|0.0|0.0|0.0|0.0|0.0|0.0|0.0|0.0|0.0|0.0|0.0|0.00|0.00|9999
1959497|P|FA|Angel Sanchez P • SD|0.0|0.0|0.0|0.0|0.0|0.0|0.0|0.0|0.0|0.0|0.0|0.0|0.0|0.00|0.00|9999
29631466|P|FA|Garrett McDaniels P • LAD|0.0|0.0|0.0|0.0|0.0|0.0|0.0|0.0|0.0|0.0|0.0|0.0|0.0|0.00|0.00|9999
2066838|P|FA|Colby Suggs P • MIA|0.0|0.0|0.0|0.0|0.0|0.0|0.0|0.0|0.0|0.0|0.0|0.0|0.0|0.00|0.00|9999
50044472|P|FA|Victor Juarez P • COL|0.0|0.0|0.0|0.0|0.0|0.0|0.0|0.0|0.0|0.0|0.0|0.0|0.0|0.00|0.00|9999
2837481|P|FA|Garrett Schoenle P • CHW|0.0|0.0|0.0|0.0|0.0|0.0|0.0|0.0|0.0|0.0|0.0|0.0|0.0|0.00|0.00|9999
50058218|P|FA|Jack Radel P • HOU|0.0|0.0|0.0|0.0|0.0|0.0|0.0|0.0|0.0|0.0|0.0|0.0|0.0|0.00|0.00|9999
2121833|P|FA|Andrew Robinson P • LAD|0.0|0.0|0.0|0.0|0.0|0.0|0.0|0.0|0.0|0.0|0.0|0.0|0.0|0.00|0.00|9999
2218067|P|FA|Tyler DeLoach P • LAA|0.0|0.0|0.0|0.0|0.0|0.0|0.0|0.0|0.0|0.0|0.0|0.0|0.0|0.00|0.00|9999
29683468|P|FA|Jake Walkinshaw P • MIA|0.0|0.0|0.0|0.0|0.0|0.0|0.0|0.0|0.0|0.0|0.0|0.0|0.0|0.00|0.00|9999
29676333|P|FA|Evan Shawver P • COL|0.0|0.0|0.0|0.0|0.0|0.0|0.0|0.0|0.0|0.0|0.0|0.0|0.0|0.00|0.00|9999
29321963|P|FA|Henry Lalane P • SF|0.0|0.0|0.0|0.0|0.0|0.0|0.0|0.0|0.0|0.0|0.0|0.0|0.0|0.00|0.00|9999
2804675|P|FA|Luis Gonzalez P • BAL|0.0|0.0|0.0|0.0|0.0|0.0|0.0|0.0|0.0|0.0|0.0|0.0|0.0|0.00|0.00|9999
2919943|P|FA|Nate Griep P • COL|0.0|0.0|0.0|0.0|0.0|0.0|0.0|0.0|0.0|0.0|0.0|0.0|0.0|0.00|0.00|9999
29658244|P|FA|Josh Bostick P • SF|0.0|0.0|0.0|0.0|0.0|0.0|0.0|0.0|0.0|0.0|0.0|0.0|0.0|0.00|0.00|9999
29383722|P|FA|Alejandro Rosario P • WAS|0.0|0.0|0.0|0.0|0.0|0.0|0.0|0.0|0.0|0.0|0.0|0.0|0.0|0.00|0.00|9999
29644504|P|FA|Jakob Wright P • LAD|0.0|0.0|0.0|0.0|0.0|0.0|0.0|0.0|0.0|0.0|0.0|0.0|0.0|0.00|0.00|9999
50058209|P|FA|Coleman Borthwick P • SD|0.0|0.0|0.0|0.0|0.0|0.0|0.0|0.0|0.0|0.0|0.0|0.0|0.0|0.00|0.00|9999
2825899|P|FA|Joe Shaw P • NYM|0.0|0.0|0.0|0.0|0.0|0.0|0.0|0.0|0.0|0.0|0.0|0.0|0.0|0.00|0.00|9999
29092535|P|FA|Ryan Walker P • SF|0.0|0.0|0.0|0.0|0.0|0.0|0.0|0.0|0.0|0.0|0.0|0.0|0.0|0.00|0.00|9999
2837092|P|FA|Collin Kober P • SEA|0.0|0.0|0.0|0.0|0.0|0.0|0.0|0.0|0.0|0.0|0.0|0.0|0.0|0.00|0.00|9999
29295959|P|FA|David Sandlin P • CHW|0.0|0.0|0.0|0.0|0.0|0.0|0.0|0.0|0.0|0.0|0.0|0.0|0.0|0.00|0.00|9999
2223646|P|FA|Jefri Hernandez P • BAL|0.0|0.0|0.0|0.0|0.0|0.0|0.0|0.0|0.0|0.0|0.0|0.0|0.0|0.00|0.00|9999
2120610|P|FA|Kyle McMyne P • CIN|0.0|0.0|0.0|0.0|0.0|0.0|0.0|0.0|0.0|0.0|0.0|0.0|0.0|0.00|0.00|9999
2507521|P|FA|Genesis Cabrera P • PHI|0.0|0.0|0.0|0.0|0.0|0.0|0.0|0.0|0.0|0.0|0.0|0.0|0.0|0.00|0.00|9999
50044604|P|FA|Logan Berrier P • DET|0.0|0.0|0.0|0.0|0.0|0.0|0.0|0.0|0.0|0.0|0.0|0.0|0.0|0.00|0.00|9999
29295931|P|FA|Julian Aguiar P • CIN|0.0|0.0|0.0|0.0|0.0|0.0|0.0|0.0|0.0|0.0|0.0|0.0|0.0|0.00|0.00|9999
50041103|P|FA|Lebarron Johnson P • COL|0.0|0.0|0.0|0.0|0.0|0.0|0.0|0.0|0.0|0.0|0.0|0.0|0.0|0.00|0.00|9999
29676686|P|FA|Jose Rodriguez P • LAD|0.0|0.0|0.0|0.0|0.0|0.0|0.0|0.0|0.0|0.0|0.0|0.0|0.0|0.00|0.00|9999
2184450|P|FA|Kolby Allard P • CLE|0.0|0.0|0.0|0.0|0.0|0.0|0.0|0.0|0.0|0.0|0.0|0.0|0.0|0.00|0.00|9999
2933074|P|FA|Caleb Sampen P • TB|0.0|0.0|0.0|0.0|0.0|0.0|0.0|0.0|0.0|0.0|0.0|0.0|0.0|0.00|0.00|9999
29084417|P|FA|Christian Mejias P • MIL|0.0|0.0|0.0|0.0|0.0|0.0|0.0|0.0|0.0|0.0|0.0|0.0|0.0|0.00|0.00|9999
2170722|P|FA|Pedro Rodriguez P • SF|0.0|0.0|0.0|0.0|0.0|0.0|0.0|0.0|0.0|0.0|0.0|0.0|0.0|0.00|0.00|9999
50041205|P|FA|Ethan Dorchies P • MIL|0.0|0.0|0.0|0.0|0.0|0.0|0.0|0.0|0.0|0.0|0.0|0.0|0.0|0.00|0.00|9999
2702107|P|FA|Josh Taylor P • KC|0.0|0.0|0.0|0.0|0.0|0.0|0.0|0.0|0.0|0.0|0.0|0.0|0.0|0.00|0.00|9999
29679115|P|FA|T.J. Fondtain P • TB|0.0|0.0|0.0|0.0|0.0|0.0|0.0|0.0|0.0|0.0|0.0|0.0|0.0|0.00|0.00|9999
2915540|P|FA|Brandon Lawson P • MIN|0.0|0.0|0.0|0.0|0.0|0.0|0.0|0.0|0.0|0.0|0.0|0.0|0.0|0.00|0.00|9999
29342335|P|FA|Carson Rudd P • CIN|0.0|0.0|0.0|0.0|0.0|0.0|0.0|0.0|0.0|0.0|0.0|0.0|0.0|0.00|0.00|9999
29295975|P|FA|Trey Dombroski P • HOU|0.0|0.0|0.0|0.0|0.0|0.0|0.0|0.0|0.0|0.0|0.0|0.0|0.0|0.00|0.00|9999
2824940|P|FA|Elvis Peguero P • CHW|0.0|0.0|0.0|0.0|0.0|0.0|0.0|0.0|0.0|0.0|0.0|0.0|0.0|0.00|0.00|9999
2040765|P|FA|Shane Greene P • TEX|0.0|0.0|0.0|0.0|0.0|0.0|0.0|0.0|0.0|0.0|0.0|0.0|0.0|0.00|0.00|9999
28838309|P|FA|Juan Zapata P • CLE|0.0|0.0|0.0|0.0|0.0|0.0|0.0|0.0|0.0|0.0|0.0|0.0|0.0|0.00|0.00|9999
29693196|P|FA|Hayden Snelsire P • TB|0.0|0.0|0.0|0.0|0.0|0.0|0.0|0.0|0.0|0.0|0.0|0.0|0.0|0.00|0.00|9999
26635140|P|FA|Denny Brady P • LAA|0.0|0.0|0.0|0.0|0.0|0.0|0.0|0.0|0.0|0.0|0.0|0.0|0.0|0.00|0.00|9999
26911759|P|FA|Tanner McDougal P • CHW|0.0|0.0|0.0|0.0|0.0|0.0|0.0|0.0|0.0|0.0|0.0|0.0|0.0|0.00|0.00|9999
2932266|P|FA|Tanner Andrews P • TOR|0.0|0.0|0.0|0.0|0.0|0.0|0.0|0.0|0.0|0.0|0.0|0.0|0.0|0.00|0.00|9999
1784971|P|FA|Wily Peralta P • PIT|0.0|0.0|0.0|0.0|0.0|0.0|0.0|0.0|0.0|0.0|0.0|0.0|0.0|0.00|0.00|9999
2120704|P|FA|Jordan Harrison P • ATL|0.0|0.0|0.0|0.0|0.0|0.0|0.0|0.0|0.0|0.0|0.0|0.0|0.0|0.00|0.00|9999
28920026|P|FA|Brandon Barriera P • TOR|0.0|0.0|0.0|0.0|0.0|0.0|0.0|0.0|0.0|0.0|0.0|0.0|0.0|0.00|0.00|9999
26911731|P|FA|Levi Stoudt P • PHI|0.0|0.0|0.0|0.0|0.0|0.0|0.0|0.0|0.0|0.0|0.0|0.0|0.0|0.00|0.00|9999
1852623|P|FA|Trevor Bauer P • LAD|0.0|0.0|0.0|0.0|0.0|0.0|0.0|0.0|0.0|0.0|0.0|0.0|0.0|0.00|0.00|9999
50002601|P|FA|Liam Doyle P • STL|0.0|0.0|0.0|0.0|0.0|0.0|0.0|0.0|0.0|0.0|0.0|0.0|0.0|0.00|0.00|9999
2167302|P|FA|Mitch Keller P • PIT|0.0|0.0|0.0|0.0|0.0|0.0|0.0|0.0|0.0|0.0|0.0|0.0|0.0|0.00|0.00|9999
2211226|P|FA|Conner Greene P • HOU|0.0|0.0|0.0|0.0|0.0|0.0|0.0|0.0|0.0|0.0|0.0|0.0|0.0|0.00|0.00|9999
28838887|P|FA|Nate Ocker P • CLE|0.0|0.0|0.0|0.0|0.0|0.0|0.0|0.0|0.0|0.0|0.0|0.0|0.0|0.00|0.00|9999
29077586|P|FA|Alimber Santa P • HOU|0.0|0.0|0.0|0.0|0.0|0.0|0.0|0.0|0.0|0.0|0.0|0.0|0.0|0.00|0.00|9999
2216699|P|FA|Corey Littrell P • STL|0.0|0.0|0.0|0.0|0.0|0.0|0.0|0.0|0.0|0.0|0.0|0.0|0.0|0.00|0.00|9999
2821908|P|FA|Maximo Castillo P • PHI|0.0|0.0|0.0|0.0|0.0|0.0|0.0|0.0|0.0|0.0|0.0|0.0|0.0|0.00|0.00|9999
2915683|P|FA|James Teague P • BAL|0.0|0.0|0.0|0.0|0.0|0.0|0.0|0.0|0.0|0.0|0.0|0.0|0.0|0.00|0.00|9999
26861449|P|FA|Freddy Pacheco P • DET|0.0|0.0|0.0|0.0|0.0|0.0|0.0|0.0|0.0|0.0|0.0|0.0|0.0|0.00|0.00|9999
29686497|P|FA|Anthony Block P • LAA|0.0|0.0|0.0|0.0|0.0|0.0|0.0|0.0|0.0|0.0|0.0|0.0|0.0|0.00|0.00|9999
2826336|P|FA|Robert Tyler P • COL|0.0|0.0|0.0|0.0|0.0|0.0|0.0|0.0|0.0|0.0|0.0|0.0|0.0|0.00|0.00|9999
50043841|P|FA|Teofilo Mendez P • ARI|0.0|0.0|0.0|0.0|0.0|0.0|0.0|0.0|0.0|0.0|0.0|0.0|0.0|0.00|0.00|9999
26912488|P|FA|Joander Suarez P • NYM|0.0|0.0|0.0|0.0|0.0|0.0|0.0|0.0|0.0|0.0|0.0|0.0|0.0|0.00|0.00|9999
2986554|P|FA|Jeff Brigham P • CHC|0.0|0.0|0.0|0.0|0.0|0.0|0.0|0.0|0.0|0.0|0.0|0.0|0.0|0.00|0.00|9999
2915876|P|FA|Trevor Lane P • NYY|0.0|0.0|0.0|0.0|0.0|0.0|0.0|0.0|0.0|0.0|0.0|0.0|0.0|0.00|0.00|9999
2846111|P|FA|Robinson Ortiz P • SEA|0.0|0.0|0.0|0.0|0.0|0.0|0.0|0.0|0.0|0.0|0.0|0.0|0.0|0.00|0.00|9999
2931956|P|FA|Michael Grove P • TB|0.0|0.0|0.0|0.0|0.0|0.0|0.0|0.0|0.0|0.0|0.0|0.0|0.0|0.00|0.00|9999
2902128|P|FA|Julian Fernandez P • WAS|0.0|0.0|0.0|0.0|0.0|0.0|0.0|0.0|0.0|0.0|0.0|0.0|0.0|0.00|0.00|9999
2052633|P|FA|Jeffry Antigua P • CHC|0.0|0.0|0.0|0.0|0.0|0.0|0.0|0.0|0.0|0.0|0.0|0.0|0.0|0.00|0.00|9999
28862328|P|FA|Bryan Hoeing P • SD|0.0|0.0|0.0|0.0|0.0|0.0|0.0|0.0|0.0|0.0|0.0|0.0|0.0|0.00|0.00|9999
50043953|P|FA|Jackson Kirkpatrick P • CHC|0.0|0.0|0.0|0.0|0.0|0.0|0.0|0.0|0.0|0.0|0.0|0.0|0.0|0.00|0.00|9999
3157664|P|FA|Wandisson Charles P • BAL|0.0|0.0|0.0|0.0|0.0|0.0|0.0|0.0|0.0|0.0|0.0|0.0|0.0|0.00|0.00|9999
3152061|P|FA|Tommy Parsons P • STL|0.0|0.0|0.0|0.0|0.0|0.0|0.0|0.0|0.0|0.0|0.0|0.0|0.0|0.00|0.00|9999
29662208|P|FA|Keyner Benitez P • MIA|0.0|0.0|0.0|0.0|0.0|0.0|0.0|0.0|0.0|0.0|0.0|0.0|0.0|0.00|0.00|9999
1587074|P|FA|Michael Nix P • ATL|0.0|0.0|0.0|0.0|0.0|0.0|0.0|0.0|0.0|0.0|0.0|0.0|0.0|0.00|0.00|9999
29680255|P|FA|Nick Wissman P • SD|0.0|0.0|0.0|0.0|0.0|0.0|0.0|0.0|0.0|0.0|0.0|0.0|0.0|0.00|0.00|9999
50002367|P|FA|Alex Carrillo P • NYM|0.0|0.0|0.0|0.0|0.0|0.0|0.0|0.0|0.0|0.0|0.0|0.0|0.0|0.00|0.00|9999
29077661|P|FA|Luis Devers P • CHC|0.0|0.0|0.0|0.0|0.0|0.0|0.0|0.0|0.0|0.0|0.0|0.0|0.0|0.00|0.00|9999
2823688|P|FA|Sean Keselica P • PIT|0.0|0.0|0.0|0.0|0.0|0.0|0.0|0.0|0.0|0.0|0.0|0.0|0.0|0.00|0.00|9999
50036769|P|FA|Riley Cornelio P • WAS|0.0|0.0|0.0|0.0|0.0|0.0|0.0|0.0|0.0|0.0|0.0|0.0|0.0|0.00|0.00|9999
29476191|P|FA|Moises Chace P • PHI|0.0|0.0|0.0|0.0|0.0|0.0|0.0|0.0|0.0|0.0|0.0|0.0|0.0|0.00|0.00|9999
50044970|P|FA|Abel Mercedes P • ATH|0.0|0.0|0.0|0.0|0.0|0.0|0.0|0.0|0.0|0.0|0.0|0.0|0.0|0.00|0.00|9999
2228202|P|FA|Ryan Brinley P • WAS|0.0|0.0|0.0|0.0|0.0|0.0|0.0|0.0|0.0|0.0|0.0|0.0|0.0|0.00|0.00|9999
2915545|P|FA|Chris Jensen P • COL|0.0|0.0|0.0|0.0|0.0|0.0|0.0|0.0|0.0|0.0|0.0|0.0|0.0|0.00|0.00|9999
50044581|P|FA|Jose Nova P • MIL|0.0|0.0|0.0|0.0|0.0|0.0|0.0|0.0|0.0|0.0|0.0|0.0|0.0|0.00|0.00|9999
2824164|P|FA|Juan Martinez P • CIN|0.0|0.0|0.0|0.0|0.0|0.0|0.0|0.0|0.0|0.0|0.0|0.0|0.0|0.00|0.00|9999
29687778|P|FA|Mark McLaughlin P • CHW|0.0|0.0|0.0|0.0|0.0|0.0|0.0|0.0|0.0|0.0|0.0|0.0|0.0|0.00|0.00|9999
26637847|P|FA|Zac Kristofak P • LAA|0.0|0.0|0.0|0.0|0.0|0.0|0.0|0.0|0.0|0.0|0.0|0.0|0.0|0.00|0.00|9999
29681722|P|FA|Derek Diamond P • PIT|0.0|0.0|0.0|0.0|0.0|0.0|0.0|0.0|0.0|0.0|0.0|0.0|0.0|0.00|0.00|9999
2825104|P|FA|Yankory Pimentel P • BOS|0.0|0.0|0.0|0.0|0.0|0.0|0.0|0.0|0.0|0.0|0.0|0.0|0.0|0.00|0.00|9999
2119060|P|FA|Keith Couch P • BOS|0.0|0.0|0.0|0.0|0.0|0.0|0.0|0.0|0.0|0.0|0.0|0.0|0.0|0.00|0.00|9999
50044112|P|FA|Moises Rodriguez P • DET|0.0|0.0|0.0|0.0|0.0|0.0|0.0|0.0|0.0|0.0|0.0|0.0|0.0|0.00|0.00|9999
2743627|P|FA|Michael Peoples P • CLE|0.0|0.0|0.0|0.0|0.0|0.0|0.0|0.0|0.0|0.0|0.0|0.0|0.0|0.00|0.00|9999
29075509|P|FA|Colton Gordon P • MIL|0.0|0.0|0.0|0.0|0.0|0.0|0.0|0.0|0.0|0.0|0.0|0.0|0.0|0.00|0.00|9999
2828993|P|FA|Danis Correa P • ATH|0.0|0.0|0.0|0.0|0.0|0.0|0.0|0.0|0.0|0.0|0.0|0.0|0.0|0.00|0.00|9999
2822799|P|FA|Luis Frias P • CLE|0.0|0.0|0.0|0.0|0.0|0.0|0.0|0.0|0.0|0.0|0.0|0.0|0.0|0.00|0.00|9999
50036778|P|FA|Anthony Nunez P • BAL|0.0|0.0|0.0|0.0|0.0|0.0|0.0|0.0|0.0|0.0|0.0|0.0|0.0|0.00|0.00|9999
50041324|P|FA|Ryan Gallagher P • MIN|0.0|0.0|0.0|0.0|0.0|0.0|0.0|0.0|0.0|0.0|0.0|0.0|0.0|0.00|0.00|9999
29087622|P|FA|Jackson Fristoe P • NYY|0.0|0.0|0.0|0.0|0.0|0.0|0.0|0.0|0.0|0.0|0.0|0.0|0.0|0.00|0.00|9999
2836622|P|FA|Cody Bolton P • HOU|0.0|0.0|0.0|0.0|0.0|0.0|0.0|0.0|0.0|0.0|0.0|0.0|0.0|0.00|0.00|9999
29092500|P|FA|Bryan Pope P • STL|0.0|0.0|0.0|0.0|0.0|0.0|0.0|0.0|0.0|0.0|0.0|0.0|0.0|0.00|0.00|9999
1697837|P|FA|Casey Kelly P • ARI|0.0|0.0|0.0|0.0|0.0|0.0|0.0|0.0|0.0|0.0|0.0|0.0|0.0|0.00|0.00|9999
3095383|P|FA|Ben Krauth P • CLE|0.0|0.0|0.0|0.0|0.0|0.0|0.0|0.0|0.0|0.0|0.0|0.0|0.0|0.00|0.00|9999
2830306|P|FA|Matthew Peguero P • TB|0.0|0.0|0.0|0.0|0.0|0.0|0.0|0.0|0.0|0.0|0.0|0.0|0.0|0.00|0.00|9999
2211465|P|FA|Evan Rutckyj P • NYY|0.0|0.0|0.0|0.0|0.0|0.0|0.0|0.0|0.0|0.0|0.0|0.0|0.0|0.00|0.00|9999
2822888|P|FA|Oliver Garcia P • PIT|0.0|0.0|0.0|0.0|0.0|0.0|0.0|0.0|0.0|0.0|0.0|0.0|0.0|0.00|0.00|9999
2224836|P|FA|Arturo Reyes P • TEX|0.0|0.0|0.0|0.0|0.0|0.0|0.0|0.0|0.0|0.0|0.0|0.0|0.0|0.00|0.00|9999
3103459|P|FA|Miguel Figueroa P • HOU|0.0|0.0|0.0|0.0|0.0|0.0|0.0|0.0|0.0|0.0|0.0|0.0|0.0|0.00|0.00|9999
3103667|P|FA|Matt Ball P • CIN|0.0|0.0|0.0|0.0|0.0|0.0|0.0|0.0|0.0|0.0|0.0|0.0|0.0|0.00|0.00|9999
2921090|P|FA|Matt Foster P • CHW|0.0|0.0|0.0|0.0|0.0|0.0|0.0|0.0|0.0|0.0|0.0|0.0|0.0|0.00|0.00|9999
2825428|P|FA|Alexis Rivero P • PHI|0.0|0.0|0.0|0.0|0.0|0.0|0.0|0.0|0.0|0.0|0.0|0.0|0.0|0.00|0.00|9999
50041337|P|FA|Gabe Craig P • PHI|0.0|0.0|0.0|0.0|0.0|0.0|0.0|0.0|0.0|0.0|0.0|0.0|0.0|0.00|0.00|9999
2829327|P|FA|Franklin De La Paz P • LAD|0.0|0.0|0.0|0.0|0.0|0.0|0.0|0.0|0.0|0.0|0.0|0.0|0.0|0.00|0.00|9999
2167334|P|FA|Joe Gatto P • PHI|0.0|0.0|0.0|0.0|0.0|0.0|0.0|0.0|0.0|0.0|0.0|0.0|0.0|0.00|0.00|9999
2734154|P|FA|Keegan Yuhl P • HOU|0.0|0.0|0.0|0.0|0.0|0.0|0.0|0.0|0.0|0.0|0.0|0.0|0.0|0.00|0.00|9999
3094395|P|FA|Jeremy Walker P • PHI|0.0|0.0|0.0|0.0|0.0|0.0|0.0|0.0|0.0|0.0|0.0|0.0|0.0|0.00|0.00|9999
29086244|P|FA|Donovan Benoit P • CIN|0.0|0.0|0.0|0.0|0.0|0.0|0.0|0.0|0.0|0.0|0.0|0.0|0.0|0.00|0.00|9999
29342300|P|FA|Carter Loewen P • SD|0.0|0.0|0.0|0.0|0.0|0.0|0.0|0.0|0.0|0.0|0.0|0.0|0.0|0.00|0.00|9999
3094351|P|FA|Ryan Kellogg P • CHC|0.0|0.0|0.0|0.0|0.0|0.0|0.0|0.0|0.0|0.0|0.0|0.0|0.0|0.00|0.00|9999
1803544|P|FA|Ryan Beckman P • MIA|0.0|0.0|0.0|0.0|0.0|0.0|0.0|0.0|0.0|0.0|0.0|0.0|0.0|0.00|0.00|9999
3157963|P|FA|Junior Garcia P • ARI|0.0|0.0|0.0|0.0|0.0|0.0|0.0|0.0|0.0|0.0|0.0|0.0|0.0|0.00|0.00|9999
2750311|P|FA|Tyler Bugner P • COL|0.0|0.0|0.0|0.0|0.0|0.0|0.0|0.0|0.0|0.0|0.0|0.0|0.0|0.00|0.00|9999
29295988|P|FA|Joe Whitman P • SF|0.0|0.0|0.0|0.0|0.0|0.0|0.0|0.0|0.0|0.0|0.0|0.0|0.0|0.00|0.00|9999
29660661|P|FA|Dalvinson Reyes P • BOS|0.0|0.0|0.0|0.0|0.0|0.0|0.0|0.0|0.0|0.0|0.0|0.0|0.0|0.00|0.00|9999
26608272|P|FA|Bailey Falter P • ATL|0.0|0.0|0.0|0.0|0.0|0.0|0.0|0.0|0.0|0.0|0.0|0.0|0.0|0.00|0.00|9999
3152852|P|FA|Cody Poteet P • BAL|0.0|0.0|0.0|0.0|0.0|0.0|0.0|0.0|0.0|0.0|0.0|0.0|0.0|0.00|0.00|9999
28843202|P|FA|Mason Auer P • TB|0.0|0.0|0.0|0.0|0.0|0.0|0.0|0.0|0.0|0.0|0.0|0.0|0.0|0.00|0.00|9999
29295977|P|FA|Cory Lewis P • MIN|0.0|0.0|0.0|0.0|0.0|0.0|0.0|0.0|0.0|0.0|0.0|0.0|0.0|0.00|0.00|9999
2804238|P|FA|Jake Paulson P • CLE|0.0|0.0|0.0|0.0|0.0|0.0|0.0|0.0|0.0|0.0|0.0|0.0|0.0|0.00|0.00|9999
29676107|P|FA|Brandon Neeck P • PIT|0.0|0.0|0.0|0.0|0.0|0.0|0.0|0.0|0.0|0.0|0.0|0.0|0.0|0.00|0.00|9999
3118726|P|FA|Sean Poppen P • SEA|0.0|0.0|0.0|0.0|0.0|0.0|0.0|0.0|0.0|0.0|0.0|0.0|0.0|0.00|0.00|9999
28842424|P|FA|Kent Hasler P • MIL|0.0|0.0|0.0|0.0|0.0|0.0|0.0|0.0|0.0|0.0|0.0|0.0|0.0|0.00|0.00|9999
2049585|P|FA|Andrew Russell P • ATL|0.0|0.0|0.0|0.0|0.0|0.0|0.0|0.0|0.0|0.0|0.0|0.0|0.0|0.00|0.00|9999
2837195|P|FA|Darren McCaughan P • CIN|0.0|0.0|0.0|0.0|0.0|0.0|0.0|0.0|0.0|0.0|0.0|0.0|0.0|0.00|0.00|9999
2932873|P|FA|Zack Leban P • MIA|0.0|0.0|0.0|0.0|0.0|0.0|0.0|0.0|0.0|0.0|0.0|0.0|0.0|0.00|0.00|9999
29679117|P|FA|Landon Harper P • ATL|0.0|0.0|0.0|0.0|0.0|0.0|0.0|0.0|0.0|0.0|0.0|0.0|0.0|0.00|0.00|9999
2769303|P|FA|Preston Gainey P • MIL|0.0|0.0|0.0|0.0|0.0|0.0|0.0|0.0|0.0|0.0|0.0|0.0|0.0|0.00|0.00|9999
2932642|P|FA|Chase Cohen P • ATH|0.0|0.0|0.0|0.0|0.0|0.0|0.0|0.0|0.0|0.0|0.0|0.0|0.0|0.00|0.00|9999
29089078|P|FA|Alejandro Mateo P • CHW|0.0|0.0|0.0|0.0|0.0|0.0|0.0|0.0|0.0|0.0|0.0|0.0|0.0|0.00|0.00|9999
29676683|P|FA|Will Childers P • MIL|0.0|0.0|0.0|0.0|0.0|0.0|0.0|0.0|0.0|0.0|0.0|0.0|0.0|0.00|0.00|9999
50041106|P|FA|Andrew Sears P • DET|0.0|0.0|0.0|0.0|0.0|0.0|0.0|0.0|0.0|0.0|0.0|0.0|0.0|0.00|0.00|9999
29342324|P|FA|Zach Penrod P • WAS|0.0|0.0|0.0|0.0|0.0|0.0|0.0|0.0|0.0|0.0|0.0|0.0|0.0|0.00|0.00|9999
2836944|P|FA|Sean Guenther P • DET|0.0|0.0|0.0|0.0|0.0|0.0|0.0|0.0|0.0|0.0|0.0|0.0|0.0|0.00|0.00|9999
2837529|P|FA|Russell Smith P • MIL|0.0|0.0|0.0|0.0|0.0|0.0|0.0|0.0|0.0|0.0|0.0|0.0|0.0|0.00|0.00|9999
3107591|P|FA|Emmanuel Clase P • CLE|0.0|0.0|0.0|0.0|0.0|0.0|0.0|0.0|0.0|0.0|0.0|0.0|0.0|0.00|0.00|9999
2826563|P|FA|Spenser Watkins P • WAS|0.0|0.0|0.0|0.0|0.0|0.0|0.0|0.0|0.0|0.0|0.0|0.0|0.0|0.00|0.00|9999
2932759|P|FA|Christopher Gau P • PIT|0.0|0.0|0.0|0.0|0.0|0.0|0.0|0.0|0.0|0.0|0.0|0.0|0.0|0.00|0.00|9999
2933088|P|FA|Austin Schulfer P • PHI|0.0|0.0|0.0|0.0|0.0|0.0|0.0|0.0|0.0|0.0|0.0|0.0|0.0|0.00|0.00|9999
26911777|P|FA|Christian McGowan P • PHI|0.0|0.0|0.0|0.0|0.0|0.0|0.0|0.0|0.0|0.0|0.0|0.0|0.0|0.00|0.00|9999
50043819|P|FA|Cam Schuelke P • CLE|0.0|0.0|0.0|0.0|0.0|0.0|0.0|0.0|0.0|0.0|0.0|0.0|0.0|0.00|0.00|9999
1937568|P|FA|Heath Hembree P • SEA|0.0|0.0|0.0|0.0|0.0|0.0|0.0|0.0|0.0|0.0|0.0|0.0|0.0|0.00|0.00|9999
29342350|P|FA|Sean Sullivan P • PIT|0.0|0.0|0.0|0.0|0.0|0.0|0.0|0.0|0.0|0.0|0.0|0.0|0.0|0.00|0.00|9999
50043956|P|FA|Wilkin Paredes P • ARI|0.0|0.0|0.0|0.0|0.0|0.0|0.0|0.0|0.0|0.0|0.0|0.0|0.0|0.00|0.00|9999
29077647|P|FA|Josh Stephan P • TOR|0.0|0.0|0.0|0.0|0.0|0.0|0.0|0.0|0.0|0.0|0.0|0.0|0.0|0.00|0.00|9999
50042720|P|FA|Dennis Colleran P • KC|0.0|0.0|0.0|0.0|0.0|0.0|0.0|0.0|0.0|0.0|0.0|0.0|0.0|0.00|0.00|9999
29676039|P|FA|Paxton Schultz P • WAS|0.0|0.0|0.0|0.0|0.0|0.0|0.0|0.0|0.0|0.0|0.0|0.0|0.0|0.00|0.00|9999
2822267|P|FA|Jasseel De La Cruz P • ATH|0.0|0.0|0.0|0.0|0.0|0.0|0.0|0.0|0.0|0.0|0.0|0.0|0.0|0.00|0.00|9999
28838885|P|FA|Clayton McGinness P • BAL|0.0|0.0|0.0|0.0|0.0|0.0|0.0|0.0|0.0|0.0|0.0|0.0|0.0|0.00|0.00|9999
2217334|P|FA|Jordan Guerrero P • CHW|0.0|0.0|0.0|0.0|0.0|0.0|0.0|0.0|0.0|0.0|0.0|0.0|0.0|0.00|0.00|9999
1953420|P|FA|Blake Treinen P • LAD|0.0|0.0|0.0|0.0|0.0|0.0|0.0|0.0|0.0|0.0|0.0|0.0|0.0|0.00|0.00|9999
28862950|P|FA|Tanner Jesson-Dalton P • CHC|0.0|0.0|0.0|0.0|0.0|0.0|0.0|0.0|0.0|0.0|0.0|0.0|0.0|0.00|0.00|9999
29087579|P|FA|Alex Bustamante P • NYY|0.0|0.0|0.0|0.0|0.0|0.0|0.0|0.0|0.0|0.0|0.0|0.0|0.0|0.00|0.00|9999
2170998|P|FA|Nelson Gonzalez P • COL|0.0|0.0|0.0|0.0|0.0|0.0|0.0|0.0|0.0|0.0|0.0|0.0|0.0|0.00|0.00|9999
29321920|P|FA|Blake Dickerson P • SD|0.0|0.0|0.0|0.0|0.0|0.0|0.0|0.0|0.0|0.0|0.0|0.0|0.0|0.00|0.00|9999
29677753|P|FA|Ryan Hawks P • SEA|0.0|0.0|0.0|0.0|0.0|0.0|0.0|0.0|0.0|0.0|0.0|0.0|0.0|0.00|0.00|9999
2044494|P|FA|Kieran Lovegrove P • SF|0.0|0.0|0.0|0.0|0.0|0.0|0.0|0.0|0.0|0.0|0.0|0.0|0.0|0.00|0.00|9999
29342262|P|FA|Paul Gervase P • LAD|0.0|0.0|0.0|0.0|0.0|0.0|0.0|0.0|0.0|0.0|0.0|0.0|0.0|0.00|0.00|9999
2825737|P|FA|Mario Sanchez P • MIN|0.0|0.0|0.0|0.0|0.0|0.0|0.0|0.0|0.0|0.0|0.0|0.0|0.0|0.00|0.00|9999
50043781|P|FA|Harry Gustin P • SD|0.0|0.0|0.0|0.0|0.0|0.0|0.0|0.0|0.0|0.0|0.0|0.0|0.0|0.00|0.00|9999
29341704|P|FA|Zach Fogell P • BOS|0.0|0.0|0.0|0.0|0.0|0.0|0.0|0.0|0.0|0.0|0.0|0.0|0.0|0.00|0.00|9999
2734419|P|FA|James Pugliese P • CHC|0.0|0.0|0.0|0.0|0.0|0.0|0.0|0.0|0.0|0.0|0.0|0.0|0.0|0.00|0.00|9999
29632441|P|FA|Mavis Graves P • PHI|0.0|0.0|0.0|0.0|0.0|0.0|0.0|0.0|0.0|0.0|0.0|0.0|0.0|0.00|0.00|9999
2227176|P|FA|Matt Alvarez P • KC|0.0|0.0|0.0|0.0|0.0|0.0|0.0|0.0|0.0|0.0|0.0|0.0|0.0|0.00|0.00|9999
2167298|P|FA|Garrett Fulenchek P • ATL|0.0|0.0|0.0|0.0|0.0|0.0|0.0|0.0|0.0|0.0|0.0|0.0|0.0|0.00|0.00|9999
3152101|P|FA|Alec Marsh P • KC|0.0|0.0|0.0|0.0|0.0|0.0|0.0|0.0|0.0|0.0|0.0|0.0|0.0|0.00|0.00|9999
29084159|P|FA|Leonardo Pestana P • NYY|0.0|0.0|0.0|0.0|0.0|0.0|0.0|0.0|0.0|0.0|0.0|0.0|0.0|0.00|0.00|9999
28920023|P|FA|Owen Murphy P • ATL|0.0|0.0|0.0|0.0|0.0|0.0|0.0|0.0|0.0|0.0|0.0|0.0|0.0|0.00|0.00|9999
2449985|P|FA|Matthias Dietz P • BAL|0.0|0.0|0.0|0.0|0.0|0.0|0.0|0.0|0.0|0.0|0.0|0.0|0.0|0.00|0.00|9999
2218070|P|FA|Justin Brantley P • CLE|0.0|0.0|0.0|0.0|0.0|0.0|0.0|0.0|0.0|0.0|0.0|0.0|0.0|0.00|0.00|9999
29476136|P|FA|Brandon Birdsell P • CHC|0.0|0.0|0.0|0.0|0.0|0.0|0.0|0.0|0.0|0.0|0.0|0.0|0.0|0.00|0.00|9999
2218315|P|FA|Miller Diaz P • ARI|0.0|0.0|0.0|0.0|0.0|0.0|0.0|0.0|0.0|0.0|0.0|0.0|0.0|0.00|0.00|9999
2876703|P|FA|Brendan Nail P • BOS|0.0|0.0|0.0|0.0|0.0|0.0|0.0|0.0|0.0|0.0|0.0|0.0|0.0|0.00|0.00|9999
2823182|P|FA|Carlos Guzman P • NYM|0.0|0.0|0.0|0.0|0.0|0.0|0.0|0.0|0.0|0.0|0.0|0.0|0.0|0.00|0.00|9999
29295982|P|FA|Steven Echavarria P • ATH|0.0|0.0|0.0|0.0|0.0|0.0|0.0|0.0|0.0|0.0|0.0|0.0|0.0|0.00|0.00|9999
2821662|P|FA|John Brebbia P • COL|0.0|0.0|0.0|0.0|0.0|0.0|0.0|0.0|0.0|0.0|0.0|0.0|0.0|0.00|0.00|9999
50045006|P|FA|Kaleb Corbett P • TB|0.0|0.0|0.0|0.0|0.0|0.0|0.0|0.0|0.0|0.0|0.0|0.0|0.0|0.00|0.00|9999
29089644|P|FA|Tyler Myrick P • SF|0.0|0.0|0.0|0.0|0.0|0.0|0.0|0.0|0.0|0.0|0.0|0.0|0.0|0.00|0.00|9999
26911801|P|FA|Brock Selvidge P • NYY|0.0|0.0|0.0|0.0|0.0|0.0|0.0|0.0|0.0|0.0|0.0|0.0|0.0|0.00|0.00|9999
29675767|P|FA|Yaqui Rivera P • BAL|0.0|0.0|0.0|0.0|0.0|0.0|0.0|0.0|0.0|0.0|0.0|0.0|0.0|0.00|0.00|9999
2932664|P|FA|Cooper Criswell P • SEA|0.0|0.0|0.0|0.0|0.0|0.0|0.0|0.0|0.0|0.0|0.0|0.0|0.0|0.00|0.00|9999
2739963|P|FA|Adam Hofacket P • LAA|0.0|0.0|0.0|0.0|0.0|0.0|0.0|0.0|0.0|0.0|0.0|0.0|0.0|0.00|0.00|9999
3158013|P|FA|Robert Broom P • CLE|0.0|0.0|0.0|0.0|0.0|0.0|0.0|0.0|0.0|0.0|0.0|0.0|0.0|0.00|0.00|9999
2932773|P|FA|Luis Gonzalez P • MIL|0.0|0.0|0.0|0.0|0.0|0.0|0.0|0.0|0.0|0.0|0.0|0.0|0.0|0.00|0.00|9999
2053473|P|FA|Rafael De Paula P • ATL|0.0|0.0|0.0|0.0|0.0|0.0|0.0|0.0|0.0|0.0|0.0|0.0|0.0|0.00|0.00|9999
2823358|P|FA|Wilkel Hernandez P • DET|0.0|0.0|0.0|0.0|0.0|0.0|0.0|0.0|0.0|0.0|0.0|0.0|0.0|0.00|0.00|9999
2823036|P|FA|Harol Gonzalez P • NYM|0.0|0.0|0.0|0.0|0.0|0.0|0.0|0.0|0.0|0.0|0.0|0.0|0.0|0.00|0.00|9999
50041350|P|FA|Braden Davis P • STL|0.0|0.0|0.0|0.0|0.0|0.0|0.0|0.0|0.0|0.0|0.0|0.0|0.0|0.00|0.00|9999
2836559|P|FA|Jason Bahr P • TEX|0.0|0.0|0.0|0.0|0.0|0.0|0.0|0.0|0.0|0.0|0.0|0.0|0.0|0.00|0.00|9999
2826531|P|FA|Raffi Vizcaino P • ARI|0.0|0.0|0.0|0.0|0.0|0.0|0.0|0.0|0.0|0.0|0.0|0.0|0.0|0.00|0.00|9999
2038824|P|FA|Rafael Montero P • NYY|0.0|0.0|0.0|0.0|0.0|0.0|0.0|0.0|0.0|0.0|0.0|0.0|0.0|0.00|0.00|9999
26911788|P|FA|Landon Marceaux P • LAA|0.0|0.0|0.0|0.0|0.0|0.0|0.0|0.0|0.0|0.0|0.0|0.0|0.0|0.00|0.00|9999
50043867|P|FA|P.J. Labriola P • BOS|0.0|0.0|0.0|0.0|0.0|0.0|0.0|0.0|0.0|0.0|0.0|0.0|0.0|0.00|0.00|9999
29686522|P|FA|Ivran Romero P • MIN|0.0|0.0|0.0|0.0|0.0|0.0|0.0|0.0|0.0|0.0|0.0|0.0|0.0|0.00|0.00|9999
2804927|P|FA|Geno Encina P • TOR|0.0|0.0|0.0|0.0|0.0|0.0|0.0|0.0|0.0|0.0|0.0|0.0|0.0|0.00|0.00|9999
50036772|P|FA|Jose Franco P • CIN|0.0|0.0|0.0|0.0|0.0|0.0|0.0|0.0|0.0|0.0|0.0|0.0|0.0|0.00|0.00|9999
29688608|P|FA|Chris Kean P • NYY|0.0|0.0|0.0|0.0|0.0|0.0|0.0|0.0|0.0|0.0|0.0|0.0|0.0|0.00|0.00|9999
29084721|P|FA|Charles Hall P • ATH|0.0|0.0|0.0|0.0|0.0|0.0|0.0|0.0|0.0|0.0|0.0|0.0|0.0|0.00|0.00|9999
29075722|P|FA|Justin Campbell P • CLE|0.0|0.0|0.0|0.0|0.0|0.0|0.0|0.0|0.0|0.0|0.0|0.0|0.0|0.00|0.00|9999
2044240|P|FA|Austin Wood P • LAA|0.0|0.0|0.0|0.0|0.0|0.0|0.0|0.0|0.0|0.0|0.0|0.0|0.0|0.00|0.00|9999
2027405|P|FA|Charlie Shirek P • CHW|0.0|0.0|0.0|0.0|0.0|0.0|0.0|0.0|0.0|0.0|0.0|0.0|0.0|0.00|0.00|9999
29075720|P|FA|Justin Armbruester P • BAL|0.0|0.0|0.0|0.0|0.0|0.0|0.0|0.0|0.0|0.0|0.0|0.0|0.0|0.00|0.00|9999
50036770|P|FA|Duncan Davitt P • ATL|0.0|0.0|0.0|0.0|0.0|0.0|0.0|0.0|0.0|0.0|0.0|0.0|0.0|0.00|0.00|9999
2933065|P|FA|John Rooney P • TB|0.0|0.0|0.0|0.0|0.0|0.0|0.0|0.0|0.0|0.0|0.0|0.0|0.0|0.00|0.00|9999
26911817|P|FA|Irv Carter P • TOR|0.0|0.0|0.0|0.0|0.0|0.0|0.0|0.0|0.0|0.0|0.0|0.0|0.0|0.00|0.00|9999
3108526|P|FA|Jose Disla P • TB|0.0|0.0|0.0|0.0|0.0|0.0|0.0|0.0|0.0|0.0|0.0|0.0|0.0|0.00|0.00|9999
50044969|P|FA|Ubert Mejias P • SF|0.0|0.0|0.0|0.0|0.0|0.0|0.0|0.0|0.0|0.0|0.0|0.0|0.0|0.00|0.00|9999
26635151|P|FA|Zach King P • MIA|0.0|0.0|0.0|0.0|0.0|0.0|0.0|0.0|0.0|0.0|0.0|0.0|0.0|0.00|0.00|9999
2921004|P|FA|Jonah Wesely P • LAA|0.0|0.0|0.0|0.0|0.0|0.0|0.0|0.0|0.0|0.0|0.0|0.0|0.0|0.00|0.00|9999
2453269|P|FA|Drew Smith P • WAS|0.0|0.0|0.0|0.0|0.0|0.0|0.0|0.0|0.0|0.0|0.0|0.0|0.0|0.00|0.00|9999
2615377|P|FA|Aaron West P • HOU|0.0|0.0|0.0|0.0|0.0|0.0|0.0|0.0|0.0|0.0|0.0|0.0|0.0|0.00|0.00|9999
29080206|P|FA|Aaron Brown P • HOU|0.0|0.0|0.0|0.0|0.0|0.0|0.0|0.0|0.0|0.0|0.0|0.0|0.0|0.00|0.00|9999
3094345|P|FA|Diogenes Almengo P • BAL|0.0|0.0|0.0|0.0|0.0|0.0|0.0|0.0|0.0|0.0|0.0|0.0|0.0|0.00|0.00|9999
29660659|P|FA|Jedixson Paez P • CHW|0.0|0.0|0.0|0.0|0.0|0.0|0.0|0.0|0.0|0.0|0.0|0.0|0.0|0.00|0.00|9999
3089587|P|FA|Connor Jones P • STL|0.0|0.0|0.0|0.0|0.0|0.0|0.0|0.0|0.0|0.0|0.0|0.0|0.0|0.00|0.00|9999
29085025|P|FA|Jensen Elliott P • BAL|0.0|0.0|0.0|0.0|0.0|0.0|0.0|0.0|0.0|0.0|0.0|0.0|0.0|0.00|0.00|9999
2210222|P|FA|Jimmy Cordero P • NYY|0.0|0.0|0.0|0.0|0.0|0.0|0.0|0.0|0.0|0.0|0.0|0.0|0.0|0.00|0.00|9999
2836561|P|FA|Jeff Bain P • ARI|0.0|0.0|0.0|0.0|0.0|0.0|0.0|0.0|0.0|0.0|0.0|0.0|0.0|0.00|0.00|9999
50041083|P|FA|Braxton Bragg P • BAL|0.0|0.0|0.0|0.0|0.0|0.0|0.0|0.0|0.0|0.0|0.0|0.0|0.0|0.00|0.00|9999
29342319|P|FA|Juan Nunez P • TOR|0.0|0.0|0.0|0.0|0.0|0.0|0.0|0.0|0.0|0.0|0.0|0.0|0.0|0.00|0.00|9999
28837788|P|FA|Dakota Donovan P • LAA|0.0|0.0|0.0|0.0|0.0|0.0|0.0|0.0|0.0|0.0|0.0|0.0|0.0|0.00|0.00|9999
2029067|P|FA|Ryan Pressly P • CHC|0.0|0.0|0.0|0.0|0.0|0.0|0.0|0.0|0.0|0.0|0.0|0.0|0.0|0.00|0.00|9999
29342367|P|FA|Nathan Wiles P • ATL|0.0|0.0|0.0|0.0|0.0|0.0|0.0|0.0|0.0|0.0|0.0|0.0|0.0|0.00|0.00|9999
29084555|P|FA|Trey McLoughlin P • HOU|0.0|0.0|0.0|0.0|0.0|0.0|0.0|0.0|0.0|0.0|0.0|0.0|0.0|0.00|0.00|9999
2837322|P|FA|John Parke P • CHW|0.0|0.0|0.0|0.0|0.0|0.0|0.0|0.0|0.0|0.0|0.0|0.0|0.0|0.00|0.00|9999
29644484|P|FA|Bryce Meccage P • MIL|0.0|0.0|0.0|0.0|0.0|0.0|0.0|0.0|0.0|0.0|0.0|0.0|0.0|0.00|0.00|9999
1758976|P|FA|Anthony Gose P • NYM|0.0|0.0|0.0|0.0|0.0|0.0|0.0|0.0|0.0|0.0|0.0|0.0|0.0|0.00|0.00|9999
28842391|P|FA|Cody Laweryson P • MIN|0.0|0.0|0.0|0.0|0.0|0.0|0.0|0.0|0.0|0.0|0.0|0.0|0.0|0.00|0.00|9999
1947842|P|FA|Scott Barlow P • ATH|0.0|0.0|0.0|0.0|0.0|0.0|0.0|0.0|0.0|0.0|0.0|0.0|0.0|0.00|0.00|9999
29087214|P|FA|Alex Phillips P • MIN|0.0|0.0|0.0|0.0|0.0|0.0|0.0|0.0|0.0|0.0|0.0|0.0|0.0|0.00|0.00|9999
2119260|P|FA|Jim Fuller P • PIT|0.0|0.0|0.0|0.0|0.0|0.0|0.0|0.0|0.0|0.0|0.0|0.0|0.0|0.00|0.00|9999
29692605|P|FA|Robert Cranz P • WAS|0.0|0.0|0.0|0.0|0.0|0.0|0.0|0.0|0.0|0.0|0.0|0.0|0.0|0.00|0.00|9999
1739603|P|FA|Shelby Miller P • CHC|0.0|0.0|0.0|0.0|0.0|0.0|0.0|0.0|0.0|0.0|0.0|0.0|0.0|0.00|0.00|9999
29342238|P|FA|Jordan Carr P • MIN|0.0|0.0|0.0|0.0|0.0|0.0|0.0|0.0|0.0|0.0|0.0|0.0|0.0|0.00|0.00|9999
2915885|P|FA|Anthony Misiewicz P • CIN|0.0|0.0|0.0|0.0|0.0|0.0|0.0|0.0|0.0|0.0|0.0|0.0|0.0|0.00|0.00|9999
29078779|P|FA|Dylan Bice P • MIA|0.0|0.0|0.0|0.0|0.0|0.0|0.0|0.0|0.0|0.0|0.0|0.0|0.0|0.00|0.00|9999
50044873|P|FA|Frankeli Arias P • CHW|0.0|0.0|0.0|0.0|0.0|0.0|0.0|0.0|0.0|0.0|0.0|0.0|0.0|0.00|0.00|9999
3108882|P|FA|Ty Culbreth P • COL|0.0|0.0|0.0|0.0|0.0|0.0|0.0|0.0|0.0|0.0|0.0|0.0|0.0|0.00|0.00|9999
2768556|P|FA|Mitch White P • MIL|0.0|0.0|0.0|0.0|0.0|0.0|0.0|0.0|0.0|0.0|0.0|0.0|0.0|0.00|0.00|9999
3075571|P|FA|Eduardo Vera P • WAS|0.0|0.0|0.0|0.0|0.0|0.0|0.0|0.0|0.0|0.0|0.0|0.0|0.0|0.00|0.00|9999
2918654|P|FA|Hector Lujan P • CIN|0.0|0.0|0.0|0.0|0.0|0.0|0.0|0.0|0.0|0.0|0.0|0.0|0.0|0.00|0.00|9999
2836994|P|FA|Robbie Hitt P • MIL|0.0|0.0|0.0|0.0|0.0|0.0|0.0|0.0|0.0|0.0|0.0|0.0|0.0|0.00|0.00|9999
2507330|P|FA|Thomas Hatch P • ARI|0.0|0.0|0.0|0.0|0.0|0.0|0.0|0.0|0.0|0.0|0.0|0.0|0.0|0.00|0.00|9999
2211242|P|FA|Juan Hillman P • CLE|0.0|0.0|0.0|0.0|0.0|0.0|0.0|0.0|0.0|0.0|0.0|0.0|0.0|0.00|0.00|9999
50042722|P|FA|Tate Kuehner P • MIL|0.0|0.0|0.0|0.0|0.0|0.0|0.0|0.0|0.0|0.0|0.0|0.0|0.0|0.00|0.00|9999
2215993|P|FA|Kenta Maeda P • NYY|0.0|0.0|0.0|0.0|0.0|0.0|0.0|0.0|0.0|0.0|0.0|0.0|0.0|0.00|0.00|9999
29342352|P|FA|Matt Svanson P • STL|0.0|0.0|0.0|0.0|0.0|0.0|0.0|0.0|0.0|0.0|0.0|0.0|0.0|0.00|0.00|9999
3157971|P|FA|Austin Ross P • PHI|0.0|0.0|0.0|0.0|0.0|0.0|0.0|0.0|0.0|0.0|0.0|0.0|0.0|0.00|0.00|9999
28851015|P|FA|Zack Phillips P • KC|0.0|0.0|0.0|0.0|0.0|0.0|0.0|0.0|0.0|0.0|0.0|0.0|0.0|0.00|0.00|9999
29077349|P|FA|Ross Carver P • CLE|0.0|0.0|0.0|0.0|0.0|0.0|0.0|0.0|0.0|0.0|0.0|0.0|0.0|0.00|0.00|9999
29676728|P|FA|Nick Krauth P • TEX|0.0|0.0|0.0|0.0|0.0|0.0|0.0|0.0|0.0|0.0|0.0|0.0|0.0|0.00|0.00|9999
3107242|P|FA|Tyler Mark P • ARI|0.0|0.0|0.0|0.0|0.0|0.0|0.0|0.0|0.0|0.0|0.0|0.0|0.0|0.00|0.00|9999
29683093|P|FA|Preston Johnson P • BAL|0.0|0.0|0.0|0.0|0.0|0.0|0.0|0.0|0.0|0.0|0.0|0.0|0.0|0.00|0.00|9999
2821257|P|FA|Argenis Angulo P • ATH|0.0|0.0|0.0|0.0|0.0|0.0|0.0|0.0|0.0|0.0|0.0|0.0|0.0|0.00|0.00|9999
2824739|P|FA|Emilio Ogando P • KC|0.0|0.0|0.0|0.0|0.0|0.0|0.0|0.0|0.0|0.0|0.0|0.0|0.0|0.00|0.00|9999
29682371|P|FA|Reid Morgan P • SEA|0.0|0.0|0.0|0.0|0.0|0.0|0.0|0.0|0.0|0.0|0.0|0.0|0.0|0.00|0.00|9999
2822992|P|FA|Anyelo Gomez P • BOS|0.0|0.0|0.0|0.0|0.0|0.0|0.0|0.0|0.0|0.0|0.0|0.0|0.0|0.00|0.00|9999
29676111|P|FA|Chandler Welch P • MIL|0.0|0.0|0.0|0.0|0.0|0.0|0.0|0.0|0.0|0.0|0.0|0.0|0.0|0.00|0.00|9999
26615396|P|FA|Justin Lange P • NYY|0.0|0.0|0.0|0.0|0.0|0.0|0.0|0.0|0.0|0.0|0.0|0.0|0.0|0.00|0.00|9999
2766488|P|FA|Samuel Holland P • LAA|0.0|0.0|0.0|0.0|0.0|0.0|0.0|0.0|0.0|0.0|0.0|0.0|0.0|0.00|0.00|9999
29669927|P|FA|Tyler Cleveland P • SEA|0.0|0.0|0.0|0.0|0.0|0.0|0.0|0.0|0.0|0.0|0.0|0.0|0.0|0.00|0.00|9999
2044519|P|FA|Matt Smoral P • TOR|0.0|0.0|0.0|0.0|0.0|0.0|0.0|0.0|0.0|0.0|0.0|0.0|0.0|0.00|0.00|9999
2931994|P|FA|Jordi Martinez P • PHI|0.0|0.0|0.0|0.0|0.0|0.0|0.0|0.0|0.0|0.0|0.0|0.0|0.0|0.00|0.00|9999
29679030|P|FA|Douglas Orellana P • NYM|0.0|0.0|0.0|0.0|0.0|0.0|0.0|0.0|0.0|0.0|0.0|0.0|0.0|0.00|0.00|9999
2739971|P|FA|Ricky Knapp P • NYM|0.0|0.0|0.0|0.0|0.0|0.0|0.0|0.0|0.0|0.0|0.0|0.0|0.0|0.00|0.00|9999
29321672|P|FA|Woo-Suk Go P • MIN|0.0|0.0|0.0|0.0|0.0|0.0|0.0|0.0|0.0|0.0|0.0|0.0|0.0|0.00|0.00|9999
2228435|P|FA|Shane Broyles P • COL|0.0|0.0|0.0|0.0|0.0|0.0|0.0|0.0|0.0|0.0|0.0|0.0|0.0|0.00|0.00|9999
2121103|P|FA|Ryne Slack P • TEX|0.0|0.0|0.0|0.0|0.0|0.0|0.0|0.0|0.0|0.0|0.0|0.0|0.0|0.00|0.00|9999
2146204|P|FA|Kendall Graveman P • ARI|0.0|0.0|0.0|0.0|0.0|0.0|0.0|0.0|0.0|0.0|0.0|0.0|0.0|0.00|0.00|9999
28843014|P|FA|Luis Curvelo P • TEX|0.0|0.0|0.0|0.0|0.0|0.0|0.0|0.0|0.0|0.0|0.0|0.0|0.0|0.00|0.00|9999
1812889|P|FA|Josh Johnson P • CHC|0.0|0.0|0.0|0.0|0.0|0.0|0.0|0.0|0.0|0.0|0.0|0.0|0.0|0.00|0.00|9999
2932761|P|FA|Joey Gerber P • NYM|0.0|0.0|0.0|0.0|0.0|0.0|0.0|0.0|0.0|0.0|0.0|0.0|0.0|0.00|0.00|9999
29084161|P|FA|Joey Stock P • BOS|0.0|0.0|0.0|0.0|0.0|0.0|0.0|0.0|0.0|0.0|0.0|0.0|0.0|0.00|0.00|9999
2167482|P|FA|Jorge Lopez P • WAS|0.0|0.0|0.0|0.0|0.0|0.0|0.0|0.0|0.0|0.0|0.0|0.0|0.0|0.00|0.00|9999
29088721|P|FA|Christian Chamberlain P • KC|0.0|0.0|0.0|0.0|0.0|0.0|0.0|0.0|0.0|0.0|0.0|0.0|0.0|0.00|0.00|9999
29155731|P|FA|Josh Knoth P • MIL|0.0|0.0|0.0|0.0|0.0|0.0|0.0|0.0|0.0|0.0|0.0|0.0|0.0|0.00|0.00|9999
2822849|P|FA|Deivi Garcia P • MIL|0.0|0.0|0.0|0.0|0.0|0.0|0.0|0.0|0.0|0.0|0.0|0.0|0.0|0.00|0.00|9999
2804924|P|FA|Mark Leiter P • ATH|0.0|0.0|0.0|0.0|0.0|0.0|0.0|0.0|0.0|0.0|0.0|0.0|0.0|0.00|0.00|9999
29686869|P|FA|Ben Vespi P • BAL|0.0|0.0|0.0|0.0|0.0|0.0|0.0|0.0|0.0|0.0|0.0|0.0|0.0|0.00|0.00|9999
2226129|P|FA|Nickolas Sarianides P • ARI|0.0|0.0|0.0|0.0|0.0|0.0|0.0|0.0|0.0|0.0|0.0|0.0|0.0|0.00|0.00|9999
26913413|P|FA|Andry Lara P • WAS|0.0|0.0|0.0|0.0|0.0|0.0|0.0|0.0|0.0|0.0|0.0|0.0|0.0|0.00|0.00|9999
29644476|P|FA|Brian Holiday P • STL|0.0|0.0|0.0|0.0|0.0|0.0|0.0|0.0|0.0|0.0|0.0|0.0|0.0|0.00|0.00|9999
2444540|P|FA|Keynan Middleton P • LAD|0.0|0.0|0.0|0.0|0.0|0.0|0.0|0.0|0.0|0.0|0.0|0.0|0.0|0.00|0.00|9999
50043934|P|FA|Colby Martin P • MIA|0.0|0.0|0.0|0.0|0.0|0.0|0.0|0.0|0.0|0.0|0.0|0.0|0.0|0.00|0.00|9999
29677725|P|FA|Nick Brink P • MIA|0.0|0.0|0.0|0.0|0.0|0.0|0.0|0.0|0.0|0.0|0.0|0.0|0.0|0.00|0.00|9999
2921571|P|FA|John Gorman P • ATH|0.0|0.0|0.0|0.0|0.0|0.0|0.0|0.0|0.0|0.0|0.0|0.0|0.0|0.00|0.00|9999
2803769|P|FA|Marlon Arias P • ARI|0.0|0.0|0.0|0.0|0.0|0.0|0.0|0.0|0.0|0.0|0.0|0.0|0.0|0.00|0.00|9999
3103461|P|FA|Alex Winkelman P • HOU|0.0|0.0|0.0|0.0|0.0|0.0|0.0|0.0|0.0|0.0|0.0|0.0|0.0|0.00|0.00|9999
2837030|P|FA|Andre Jackson P • PIT|0.0|0.0|0.0|0.0|0.0|0.0|0.0|0.0|0.0|0.0|0.0|0.0|0.0|0.00|0.00|9999
2444667|P|FA|Giovanny Gallegos P • LAD|0.0|0.0|0.0|0.0|0.0|0.0|0.0|0.0|0.0|0.0|0.0|0.0|0.0|0.00|0.00|9999
2824756|P|FA|Deyni Olivero P • ARI|0.0|0.0|0.0|0.0|0.0|0.0|0.0|0.0|0.0|0.0|0.0|0.0|0.0|0.00|0.00|9999
2740419|P|FA|Clayton Cook P • TEX|0.0|0.0|0.0|0.0|0.0|0.0|0.0|0.0|0.0|0.0|0.0|0.0|0.0|0.00|0.00|9999
26615429|P|FA|Daison Acosta P • SD|0.0|0.0|0.0|0.0|0.0|0.0|0.0|0.0|0.0|0.0|0.0|0.0|0.0|0.00|0.00|9999
26912519|P|FA|Misael Tamarez P • SD|0.0|0.0|0.0|0.0|0.0|0.0|0.0|0.0|0.0|0.0|0.0|0.0|0.0|0.00|0.00|9999
29340090|P|FA|Yariel Rodriguez P • TOR|0.0|0.0|0.0|0.0|0.0|0.0|0.0|0.0|0.0|0.0|0.0|0.0|0.0|0.00|0.00|9999
2910642|P|FA|Steven Jennings P • TEX|0.0|0.0|0.0|0.0|0.0|0.0|0.0|0.0|0.0|0.0|0.0|0.0|0.0|0.00|0.00|9999
29077677|P|FA|Royber Salinas P • ATL|0.0|0.0|0.0|0.0|0.0|0.0|0.0|0.0|0.0|0.0|0.0|0.0|0.0|0.00|0.00|9999
3158016|P|FA|Devin Sweet P • BOS|0.0|0.0|0.0|0.0|0.0|0.0|0.0|0.0|0.0|0.0|0.0|0.0|0.0|0.00|0.00|9999
2829294|P|FA|Joan Adon P • WAS|0.0|0.0|0.0|0.0|0.0|0.0|0.0|0.0|0.0|0.0|0.0|0.0|0.0|0.00|0.00|9999
29644497|P|FA|Travis Smith P • MIL|0.0|0.0|0.0|0.0|0.0|0.0|0.0|0.0|0.0|0.0|0.0|0.0|0.0|0.00|0.00|9999
1960791|P|FA|Mark Serrano P • ARI|0.0|0.0|0.0|0.0|0.0|0.0|0.0|0.0|0.0|0.0|0.0|0.0|0.0|0.00|0.00|9999
29632435|P|FA|Kohl Drake P • ARI|0.0|0.0|0.0|0.0|0.0|0.0|0.0|0.0|0.0|0.0|0.0|0.0|0.0|0.00|0.00|9999
29350512|P|FA|Cy Nielson P • PIT|0.0|0.0|0.0|0.0|0.0|0.0|0.0|0.0|0.0|0.0|0.0|0.0|0.0|0.00|0.00|9999
26615443|P|FA|Eddy Yean P • WAS|0.0|0.0|0.0|0.0|0.0|0.0|0.0|0.0|0.0|0.0|0.0|0.0|0.0|0.00|0.00|9999
2804686|P|FA|Charles Nading P • SD|0.0|0.0|0.0|0.0|0.0|0.0|0.0|0.0|0.0|0.0|0.0|0.0|0.0|0.00|0.00|9999
3151013|P|FA|Tyson Miller P • CHW|0.0|0.0|0.0|0.0|0.0|0.0|0.0|0.0|0.0|0.0|0.0|0.0|0.0|0.00|0.00|9999
2932725|P|FA|Marcus Evey P • CHW|0.0|0.0|0.0|0.0|0.0|0.0|0.0|0.0|0.0|0.0|0.0|0.0|0.0|0.00|0.00|9999
29084229|P|FA|Will Watson P • NYM|0.0|0.0|0.0|0.0|0.0|0.0|0.0|0.0|0.0|0.0|0.0|0.0|0.0|0.00|0.00|9999
29075754|P|FA|Porter Hodge P • CHC|0.0|0.0|0.0|0.0|0.0|0.0|0.0|0.0|0.0|0.0|0.0|0.0|0.0|0.00|0.00|9999
29644533|P|FA|Izack Tiger P • TEX|0.0|0.0|0.0|0.0|0.0|0.0|0.0|0.0|0.0|0.0|0.0|0.0|0.0|0.00|0.00|9999
3158164|P|FA|Jerson Ramirez P • CLE|0.0|0.0|0.0|0.0|0.0|0.0|0.0|0.0|0.0|0.0|0.0|0.0|0.0|0.00|0.00|9999
29676017|P|FA|Chase Costello P • MIL|0.0|0.0|0.0|0.0|0.0|0.0|0.0|0.0|0.0|0.0|0.0|0.0|0.0|0.00|0.00|9999
29685397|P|FA|William Silva P • ATL|0.0|0.0|0.0|0.0|0.0|0.0|0.0|0.0|0.0|0.0|0.0|0.0|0.0|0.00|0.00|9999
2044497|P|FA|Montreal Robertson P • DET|0.0|0.0|0.0|0.0|0.0|0.0|0.0|0.0|0.0|0.0|0.0|0.0|0.0|0.00|0.00|9999
2836610|P|FA|Cameron Bishop P • BAL|0.0|0.0|0.0|0.0|0.0|0.0|0.0|0.0|0.0|0.0|0.0|0.0|0.0|0.00|0.00|9999
1894642|P|FA|Robert Stephenson P • LAA|0.0|0.0|0.0|0.0|0.0|0.0|0.0|0.0|0.0|0.0|0.0|0.0|0.0|0.00|0.00|9999
2932776|P|FA|Regi Grace P • MIN|0.0|0.0|0.0|0.0|0.0|0.0|0.0|0.0|0.0|0.0|0.0|0.0|0.0|0.00|0.00|9999
2821521|P|FA|Anfernee Benitez P • ARI|0.0|0.0|0.0|0.0|0.0|0.0|0.0|0.0|0.0|0.0|0.0|0.0|0.0|0.00|0.00|9999
28838025|P|FA|Brian Marconi P • PHI|0.0|0.0|0.0|0.0|0.0|0.0|0.0|0.0|0.0|0.0|0.0|0.0|0.0|0.00|0.00|9999
2837140|P|FA|Seth Lonsway P • SF|0.0|0.0|0.0|0.0|0.0|0.0|0.0|0.0|0.0|0.0|0.0|0.0|0.0|0.00|0.00|9999
29342226|P|FA|Nick Bennett P • MIL|0.0|0.0|0.0|0.0|0.0|0.0|0.0|0.0|0.0|0.0|0.0|0.0|0.0|0.00|0.00|9999
2637180|P|FA|Aaron Bummer P • KC|0.0|0.0|0.0|0.0|0.0|0.0|0.0|0.0|0.0|0.0|0.0|0.0|0.0|0.00|0.00|9999
3156996|P|FA|Chase Johnson P • SD|0.0|0.0|0.0|0.0|0.0|0.0|0.0|0.0|0.0|0.0|0.0|0.0|0.0|0.00|0.00|9999
3151907|P|FA|Matt Canterino P • MIN|0.0|0.0|0.0|0.0|0.0|0.0|0.0|0.0|0.0|0.0|0.0|0.0|0.0|0.00|0.00|9999
50047469|P|FA|Yeremmy Cabeza P • COL|0.0|0.0|0.0|0.0|0.0|0.0|0.0|0.0|0.0|0.0|0.0|0.0|0.0|0.00|0.00|9999
50043837|P|FA|Jaron DeBerry P • MIL|0.0|0.0|0.0|0.0|0.0|0.0|0.0|0.0|0.0|0.0|0.0|0.0|0.0|0.00|0.00|9999
2215848|P|FA|Brendan McCurry P • LAA|0.0|0.0|0.0|0.0|0.0|0.0|0.0|0.0|0.0|0.0|0.0|0.0|0.0|0.00|0.00|9999
2171303|P|FA|Tommy Shirley P • HOU|0.0|0.0|0.0|0.0|0.0|0.0|0.0|0.0|0.0|0.0|0.0|0.0|0.0|0.00|0.00|9999
2169773|P|FA|Elliot Morris P • SD|0.0|0.0|0.0|0.0|0.0|0.0|0.0|0.0|0.0|0.0|0.0|0.0|0.0|0.00|0.00|9999
2823660|P|FA|Brad Keller P • PHI|0.0|0.0|0.0|0.0|0.0|0.0|0.0|0.0|0.0|0.0|0.0|0.0|0.0|0.00|0.00|9999
29084392|P|FA|Adam Leverett P • PHI|0.0|0.0|0.0|0.0|0.0|0.0|0.0|0.0|0.0|0.0|0.0|0.0|0.0|0.00|0.00|9999
1803784|P|FA|Brody Colvin P • PHI|0.0|0.0|0.0|0.0|0.0|0.0|0.0|0.0|0.0|0.0|0.0|0.0|0.0|0.00|0.00|9999
29322051|P|FA|Ricardo Yan P • ARI|0.0|0.0|0.0|0.0|0.0|0.0|0.0|0.0|0.0|0.0|0.0|0.0|0.0|0.00|0.00|9999
1622557|P|FA|David Robertson P • PHI|0.0|0.0|0.0|0.0|0.0|0.0|0.0|0.0|0.0|0.0|0.0|0.0|0.0|0.00|0.00|9999
29342341|P|FA|Hayden Seig P • LAA|0.0|0.0|0.0|0.0|0.0|0.0|0.0|0.0|0.0|0.0|0.0|0.0|0.0|0.00|0.00|9999
1960798|P|FA|Aaron Loup P • LAA|0.0|0.0|0.0|0.0|0.0|0.0|0.0|0.0|0.0|0.0|0.0|0.0|0.0|0.00|0.00|9999
1894623|P|FA|Dylan Bundy P • NYM|0.0|0.0|0.0|0.0|0.0|0.0|0.0|0.0|0.0|0.0|0.0|0.0|0.0|0.00|0.00|9999
2822684|P|FA|Pedro Fernandez P • MIL|0.0|0.0|0.0|0.0|0.0|0.0|0.0|0.0|0.0|0.0|0.0|0.0|0.0|0.00|0.00|9999
2931979|P|FA|Mitchell Kilkenny P • COL|0.0|0.0|0.0|0.0|0.0|0.0|0.0|0.0|0.0|0.0|0.0|0.0|0.0|0.00|0.00|9999
29660677|P|FA|Braden Nett P • ATH|0.0|0.0|0.0|0.0|0.0|0.0|0.0|0.0|0.0|0.0|0.0|0.0|0.0|0.00|0.00|9999
29632450|P|FA|Gage Ziehl P • BOS|0.0|0.0|0.0|0.0|0.0|0.0|0.0|0.0|0.0|0.0|0.0|0.0|0.0|0.00|0.00|9999
26911815|P|FA|Avery Weems P • TEX|0.0|0.0|0.0|0.0|0.0|0.0|0.0|0.0|0.0|0.0|0.0|0.0|0.0|0.00|0.00|9999
50058210|P|FA|Cameron Flukey P • DET|0.0|0.0|0.0|0.0|0.0|0.0|0.0|0.0|0.0|0.0|0.0|0.0|0.0|0.00|0.00|9999
29075698|P|FA|Henry Williams P • KC|0.0|0.0|0.0|0.0|0.0|0.0|0.0|0.0|0.0|0.0|0.0|0.0|0.0|0.00|0.00|9999
2823819|P|FA|David Ledbetter P • TEX|0.0|0.0|0.0|0.0|0.0|0.0|0.0|0.0|0.0|0.0|0.0|0.0|0.0|0.00|0.00|9999
2250590|P|FA|Ian Anderson P • ATL|0.0|0.0|0.0|0.0|0.0|0.0|0.0|0.0|0.0|0.0|0.0|0.0|0.0|0.00|0.00|9999
2453418|P|FA|Zack Littell P • ARI|0.0|0.0|0.0|0.0|0.0|0.0|0.0|0.0|0.0|0.0|0.0|0.0|0.0|0.00|0.00|9999
2171867|P|FA|Eduard Santos P • ATH|0.0|0.0|0.0|0.0|0.0|0.0|0.0|0.0|0.0|0.0|0.0|0.0|0.0|0.00|0.00|9999
2223643|P|FA|Ryan Carpenter P • SD|0.0|0.0|0.0|0.0|0.0|0.0|0.0|0.0|0.0|0.0|0.0|0.0|0.0|0.00|0.00|9999
2824183|P|FA|Robinson Martinez P • BAL|0.0|0.0|0.0|0.0|0.0|0.0|0.0|0.0|0.0|0.0|0.0|0.0|0.0|0.00|0.00|9999
2117121|P|FA|Jose Martinez P • ARI|0.0|0.0|0.0|0.0|0.0|0.0|0.0|0.0|0.0|0.0|0.0|0.0|0.0|0.00|0.00|9999
2444670|P|FA|Ryan Borucki P • SF|0.0|0.0|0.0|0.0|0.0|0.0|0.0|0.0|0.0|0.0|0.0|0.0|0.0|0.00|0.00|9999
1937338|P|FA|Daniel Tillman P • MIL|0.0|0.0|0.0|0.0|0.0|0.0|0.0|0.0|0.0|0.0|0.0|0.0|0.0|0.00|0.00|9999
28842465|P|FA|Zach Cable P • CHW|0.0|0.0|0.0|0.0|0.0|0.0|0.0|0.0|0.0|0.0|0.0|0.0|0.0|0.00|0.00|9999
2449976|P|FA|Patrick Weigel P • COL|0.0|0.0|0.0|0.0|0.0|0.0|0.0|0.0|0.0|0.0|0.0|0.0|0.0|0.00|0.00|9999
2910630|P|FA|Michael Baumann P • NYM|0.0|0.0|0.0|0.0|0.0|0.0|0.0|0.0|0.0|0.0|0.0|0.0|0.0|0.00|0.00|9999
2739978|P|FA|James Dykstra P • TEX|0.0|0.0|0.0|0.0|0.0|0.0|0.0|0.0|0.0|0.0|0.0|0.0|0.0|0.00|0.00|9999
29295961|P|FA|Sean Sullivan P • COL|0.0|0.0|0.0|0.0|0.0|0.0|0.0|0.0|0.0|0.0|0.0|0.0|0.0|0.00|0.00|9999
2059552|P|FA|Burch Smith P • DET|0.0|0.0|0.0|0.0|0.0|0.0|0.0|0.0|0.0|0.0|0.0|0.0|0.0|0.00|0.00|9999
29678306|P|FA|Jason Blanchard P • SD|0.0|0.0|0.0|0.0|0.0|0.0|0.0|0.0|0.0|0.0|0.0|0.0|0.0|0.00|0.00|9999
29687809|P|FA|Roman Phansalkar P • LAA|0.0|0.0|0.0|0.0|0.0|0.0|0.0|0.0|0.0|0.0|0.0|0.0|0.0|0.00|0.00|9999
3157473|P|FA|Tyler Zombro P • TB|0.0|0.0|0.0|0.0|0.0|0.0|0.0|0.0|0.0|0.0|0.0|0.0|0.0|0.00|0.00|9999
3152059|P|FA|Gray Fenter P • NYY|0.0|0.0|0.0|0.0|0.0|0.0|0.0|0.0|0.0|0.0|0.0|0.0|0.0|0.00|0.00|9999
29662250|P|FA|Josh Hartle P • WAS|0.0|0.0|0.0|0.0|0.0|0.0|0.0|0.0|0.0|0.0|0.0|0.0|0.0|0.00|0.00|9999
2783332|P|FA|Matt Whitehouse P • CLE|0.0|0.0|0.0|0.0|0.0|0.0|0.0|0.0|0.0|0.0|0.0|0.0|0.0|0.00|0.00|9999
1961064|P|FA|Carlos Pimentel P • SD|0.0|0.0|0.0|0.0|0.0|0.0|0.0|0.0|0.0|0.0|0.0|0.0|0.0|0.00|0.00|9999
50041341|P|FA|Michael Salina P • SD|0.0|0.0|0.0|0.0|0.0|0.0|0.0|0.0|0.0|0.0|0.0|0.0|0.0|0.00|0.00|9999
29342365|P|FA|Lucas Wepf P • LAD|0.0|0.0|0.0|0.0|0.0|0.0|0.0|0.0|0.0|0.0|0.0|0.0|0.0|0.00|0.00|9999
2837132|P|FA|Ethan Lindow P • PHI|0.0|0.0|0.0|0.0|0.0|0.0|0.0|0.0|0.0|0.0|0.0|0.0|0.0|0.00|0.00|9999
1958127|P|FA|Mychal Givens P • MIA|0.0|0.0|0.0|0.0|0.0|0.0|0.0|0.0|0.0|0.0|0.0|0.0|0.0|0.00|0.00|9999
29644528|P|FA|Brian Hendry P • NYY|0.0|0.0|0.0|0.0|0.0|0.0|0.0|0.0|0.0|0.0|0.0|0.0|0.0|0.00|0.00|9999
29662224|P|FA|Brody Brecht P • COL|0.0|0.0|0.0|0.0|0.0|0.0|0.0|0.0|0.0|0.0|0.0|0.0|0.0|0.00|0.00|9999
26635148|P|FA|Mason Fox P • SD|0.0|0.0|0.0|0.0|0.0|0.0|0.0|0.0|0.0|0.0|0.0|0.0|0.0|0.00|0.00|9999
2066304|P|FA|Jonathon Crawford P • CIN|0.0|0.0|0.0|0.0|0.0|0.0|0.0|0.0|0.0|0.0|0.0|0.0|0.0|0.00|0.00|9999
2829872|P|FA|Manuel Cachutt P • CIN|0.0|0.0|0.0|0.0|0.0|0.0|0.0|0.0|0.0|0.0|0.0|0.0|0.0|0.00|0.00|9999
29644473|P|FA|Luke Hayden P • CIN|0.0|0.0|0.0|0.0|0.0|0.0|0.0|0.0|0.0|0.0|0.0|0.0|0.0|0.00|0.00|9999
1918579|P|FA|Forrest Snow P • LAA|0.0|0.0|0.0|0.0|0.0|0.0|0.0|0.0|0.0|0.0|0.0|0.0|0.0|0.00|0.00|9999
29075763|P|FA|Ryan Costeiu P • LAA|0.0|0.0|0.0|0.0|0.0|0.0|0.0|0.0|0.0|0.0|0.0|0.0|0.0|0.00|0.00|9999
29351811|P|FA|Jack Choate P • SF|0.0|0.0|0.0|0.0|0.0|0.0|0.0|0.0|0.0|0.0|0.0|0.0|0.0|0.00|0.00|9999
28838310|P|FA|Guillermo Zuniga P • NYM|0.0|0.0|0.0|0.0|0.0|0.0|0.0|0.0|0.0|0.0|0.0|0.0|0.0|0.00|0.00|9999
2599643|P|FA|Corey Taylor P • NYM|0.0|0.0|0.0|0.0|0.0|0.0|0.0|0.0|0.0|0.0|0.0|0.0|0.0|0.00|0.00|9999
3103880|P|FA|Jared Robinson P • NYM|0.0|0.0|0.0|0.0|0.0|0.0|0.0|0.0|0.0|0.0|0.0|0.0|0.0|0.00|0.00|9999
29091446|P|FA|Joelvis Del Rosario P • ATH|0.0|0.0|0.0|0.0|0.0|0.0|0.0|0.0|0.0|0.0|0.0|0.0|0.0|0.00|0.00|9999
26911761|P|FA|Thomas Farr P • CIN|0.0|0.0|0.0|0.0|0.0|0.0|0.0|0.0|0.0|0.0|0.0|0.0|0.0|0.00|0.00|9999
2211223|P|FA|Austin Smith P • SD|0.0|0.0|0.0|0.0|0.0|0.0|0.0|0.0|0.0|0.0|0.0|0.0|0.0|0.00|0.00|9999
3157952|P|FA|Zack Hess P • DET|0.0|0.0|0.0|0.0|0.0|0.0|0.0|0.0|0.0|0.0|0.0|0.0|0.0|0.00|0.00|9999
2921290|P|FA|Julio Eusebio P • PIT|0.0|0.0|0.0|0.0|0.0|0.0|0.0|0.0|0.0|0.0|0.0|0.0|0.0|0.00|0.00|9999
29342428|P|FA|Nick Merkel P • MIL|0.0|0.0|0.0|0.0|0.0|0.0|0.0|0.0|0.0|0.0|0.0|0.0|0.0|0.00|0.00|9999
2932675|P|FA|Davis Daniel P • CIN|0.0|0.0|0.0|0.0|0.0|0.0|0.0|0.0|0.0|0.0|0.0|0.0|0.0|0.00|0.00|9999
2837270|P|FA|Chris Muller P • TB|0.0|0.0|0.0|0.0|0.0|0.0|0.0|0.0|0.0|0.0|0.0|0.0|0.0|0.00|0.00|9999
2167509|P|FA|Andrew Bellatti P • PHI|0.0|0.0|0.0|0.0|0.0|0.0|0.0|0.0|0.0|0.0|0.0|0.0|0.0|0.00|0.00|9999
29089621|P|FA|Blake Goldsberry P • COL|0.0|0.0|0.0|0.0|0.0|0.0|0.0|0.0|0.0|0.0|0.0|0.0|0.0|0.00|0.00|9999
50044008|P|FA|Ricky Castro P • MIN|0.0|0.0|0.0|0.0|0.0|0.0|0.0|0.0|0.0|0.0|0.0|0.0|0.0|0.00|0.00|9999
29680223|P|FA|Riley Cooper P • BAL|0.0|0.0|0.0|0.0|0.0|0.0|0.0|0.0|0.0|0.0|0.0|0.0|0.0|0.00|0.00|9999
2933034|P|FA|Jose Quezada P • SD|0.0|0.0|0.0|0.0|0.0|0.0|0.0|0.0|0.0|0.0|0.0|0.0|0.0|0.00|0.00|9999
50043453|P|FA|Joel Valdez P • CIN|0.0|0.0|0.0|0.0|0.0|0.0|0.0|0.0|0.0|0.0|0.0|0.0|0.0|0.00|0.00|9999
2837477|P|FA|Tyler Schimpf P • SF|0.0|0.0|0.0|0.0|0.0|0.0|0.0|0.0|0.0|0.0|0.0|0.0|0.0|0.00|0.00|9999
2117056|P|FA|Dace Kime P • CLE|0.0|0.0|0.0|0.0|0.0|0.0|0.0|0.0|0.0|0.0|0.0|0.0|0.0|0.00|0.00|9999
50044019|P|FA|Roque Gutierrez P • LAD|0.0|0.0|0.0|0.0|0.0|0.0|0.0|0.0|0.0|0.0|0.0|0.0|0.0|0.00|0.00|9999
2052636|P|FA|Sam Runion P • TB|0.0|0.0|0.0|0.0|0.0|0.0|0.0|0.0|0.0|0.0|0.0|0.0|0.0|0.00|0.00|9999
26615393|P|FA|Nick Bitsko P • TB|0.0|0.0|0.0|0.0|0.0|0.0|0.0|0.0|0.0|0.0|0.0|0.0|0.0|0.00|0.00|9999
2444516|P|FA|Austin Pruitt P • TEX|0.0|0.0|0.0|0.0|0.0|0.0|0.0|0.0|0.0|0.0|0.0|0.0|0.0|0.00|0.00|9999
2829387|P|FA|Kelvin Nunez P • SEA|0.0|0.0|0.0|0.0|0.0|0.0|0.0|0.0|0.0|0.0|0.0|0.0|0.0|0.00|0.00|9999
29342223|P|FA|Kyle Backhus P • PHI|0.0|0.0|0.0|0.0|0.0|0.0|0.0|0.0|0.0|0.0|0.0|0.0|0.0|0.00|0.00|9999
29084246|P|FA|Hunter Parsons P • NYM|0.0|0.0|0.0|0.0|0.0|0.0|0.0|0.0|0.0|0.0|0.0|0.0|0.0|0.00|0.00|9999
29088485|P|FA|Ulices Campos P • DET|0.0|0.0|0.0|0.0|0.0|0.0|0.0|0.0|0.0|0.0|0.0|0.0|0.0|0.00|0.00|9999
2693897|P|FA|Sam Lewis P • ARI|0.0|0.0|0.0|0.0|0.0|0.0|0.0|0.0|0.0|0.0|0.0|0.0|0.0|0.00|0.00|9999
2804024|P|FA|Cody Stull P • ATH|0.0|0.0|0.0|0.0|0.0|0.0|0.0|0.0|0.0|0.0|0.0|0.0|0.0|0.00|0.00|9999
2822230|P|FA|Austin Davis P • SD|0.0|0.0|0.0|0.0|0.0|0.0|0.0|0.0|0.0|0.0|0.0|0.0|0.0|0.00|0.00|9999
50044978|P|FA|Nick Altermatt P • CHW|0.0|0.0|0.0|0.0|0.0|0.0|0.0|0.0|0.0|0.0|0.0|0.0|0.0|0.00|0.00|9999
28838027|P|FA|Justin Sterner P • ATH|0.0|0.0|0.0|0.0|0.0|0.0|0.0|0.0|0.0|0.0|0.0|0.0|0.0|0.00|0.00|9999
50043925|P|FA|Hoss Brewer P • NYM|0.0|0.0|0.0|0.0|0.0|0.0|0.0|0.0|0.0|0.0|0.0|0.0|0.0|0.00|0.00|9999
29077659|P|FA|Luis Rodriguez P • NYM|0.0|0.0|0.0|0.0|0.0|0.0|0.0|0.0|0.0|0.0|0.0|0.0|0.0|0.00|0.00|9999
29676733|P|FA|Ryan Sandberg P • MIL|0.0|0.0|0.0|0.0|0.0|0.0|0.0|0.0|0.0|0.0|0.0|0.0|0.0|0.00|0.00|9999
29644495|P|FA|Ryan Sloan P • SEA|0.0|0.0|0.0|0.0|0.0|0.0|0.0|0.0|0.0|0.0|0.0|0.0|0.0|0.00|0.00|9999
29077675|P|FA|Noel Vela P • SD|0.0|0.0|0.0|0.0|0.0|0.0|0.0|0.0|0.0|0.0|0.0|0.0|0.0|0.00|0.00|9999
26615446|P|FA|Jose Salvador P • LAA|0.0|0.0|0.0|0.0|0.0|0.0|0.0|0.0|0.0|0.0|0.0|0.0|0.0|0.00|0.00|9999
1806123|P|FA|Carlos Hernandez P • ATH|0.0|0.0|0.0|0.0|0.0|0.0|0.0|0.0|0.0|0.0|0.0|0.0|0.0|0.00|0.00|9999
2822092|P|FA|Ryan Cook P • TOR|0.0|0.0|0.0|0.0|0.0|0.0|0.0|0.0|0.0|0.0|0.0|0.0|0.0|0.00|0.00|9999
2910635|P|FA|Richard Lovelady P • WAS|0.0|0.0|0.0|0.0|0.0|0.0|0.0|0.0|0.0|0.0|0.0|0.0|0.0|0.00|0.00|9999
2837116|P|FA|Aaron Leasher P • SD|0.0|0.0|0.0|0.0|0.0|0.0|0.0|0.0|0.0|0.0|0.0|0.0|0.0|0.00|0.00|9999
50041074|P|FA|Dean Livingston P • ARI|0.0|0.0|0.0|0.0|0.0|0.0|0.0|0.0|0.0|0.0|0.0|0.0|0.0|0.00|0.00|9999
2824245|P|FA|Kevin McAvoy P • BOS|0.0|0.0|0.0|0.0|0.0|0.0|0.0|0.0|0.0|0.0|0.0|0.0|0.0|0.00|0.00|9999
3152787|P|FA|Hobie Harris P • BOS|0.0|0.0|0.0|0.0|0.0|0.0|0.0|0.0|0.0|0.0|0.0|0.0|0.0|0.00|0.00|9999
26911745|P|FA|Jacob Steinmetz P • ARI|0.0|0.0|0.0|0.0|0.0|0.0|0.0|0.0|0.0|0.0|0.0|0.0|0.0|0.00|0.00|9999
2821679|P|FA|Jhony Brito P • SD|0.0|0.0|0.0|0.0|0.0|0.0|0.0|0.0|0.0|0.0|0.0|0.0|0.0|0.00|0.00|9999
2117039|P|FA|Vince Velasquez P • KC|0.0|0.0|0.0|0.0|0.0|0.0|0.0|0.0|0.0|0.0|0.0|0.0|0.0|0.00|0.00|9999
29085279|P|FA|Michael Brewer P • TEX|0.0|0.0|0.0|0.0|0.0|0.0|0.0|0.0|0.0|0.0|0.0|0.0|0.0|0.00|0.00|9999
2731339|P|FA|Andrew Istler P • WAS|0.0|0.0|0.0|0.0|0.0|0.0|0.0|0.0|0.0|0.0|0.0|0.0|0.0|0.00|0.00|9999
29688610|P|FA|Xavier Martinez P • CLE|0.0|0.0|0.0|0.0|0.0|0.0|0.0|0.0|0.0|0.0|0.0|0.0|0.0|0.00|0.00|9999
2824203|P|FA|Bryan Mata P • BOS|0.0|0.0|0.0|0.0|0.0|0.0|0.0|0.0|0.0|0.0|0.0|0.0|0.0|0.00|0.00|9999
50043772|P|FA|Reidis Sena P • BOS|0.0|0.0|0.0|0.0|0.0|0.0|0.0|0.0|0.0|0.0|0.0|0.0|0.0|0.00|0.00|9999
2835068|P|FA|Clarke Schmidt P • NYY|0.0|0.0|0.0|0.0|0.0|0.0|0.0|0.0|0.0|0.0|0.0|0.0|0.0|0.00|0.00|9999
2933025|P|FA|Thomas Ponticelli P • COL|0.0|0.0|0.0|0.0|0.0|0.0|0.0|0.0|0.0|0.0|0.0|0.0|0.0|0.00|0.00|9999
2836910|P|FA|David Gerber P • SEA|0.0|0.0|0.0|0.0|0.0|0.0|0.0|0.0|0.0|0.0|0.0|0.0|0.0|0.00|0.00|9999
50043091|P|FA|Jake Miller P • CLE|0.0|0.0|0.0|0.0|0.0|0.0|0.0|0.0|0.0|0.0|0.0|0.0|0.0|0.00|0.00|9999
50044962|P|FA|Jacob Cravey P • BAL|0.0|0.0|0.0|0.0|0.0|0.0|0.0|0.0|0.0|0.0|0.0|0.0|0.0|0.00|0.00|9999
50047468|P|FA|Santiago Castellanos P • MIN|0.0|0.0|0.0|0.0|0.0|0.0|0.0|0.0|0.0|0.0|0.0|0.0|0.0|0.00|0.00|9999
26719646|P|FA|Jordan Wicks P • CHC|0.0|0.0|0.0|0.0|0.0|0.0|0.0|0.0|0.0|0.0|0.0|0.0|0.0|0.00|0.00|9999
29658256|P|FA|Jojo Ingrassia P • BOS|0.0|0.0|0.0|0.0|0.0|0.0|0.0|0.0|0.0|0.0|0.0|0.0|0.0|0.00|0.00|9999
29676988|P|FA|Simon Miller P • CIN|0.0|0.0|0.0|0.0|0.0|0.0|0.0|0.0|0.0|0.0|0.0|0.0|0.0|0.00|0.00|9999
29085838|P|FA|Duque Hebbert P • DET|0.0|0.0|0.0|0.0|0.0|0.0|0.0|0.0|0.0|0.0|0.0|0.0|0.0|0.00|0.00|9999
3157975|P|FA|Justin Topa P • MIN|0.0|0.0|0.0|0.0|0.0|0.0|0.0|0.0|0.0|0.0|0.0|0.0|0.0|0.00|0.00|9999
2171871|P|FA|Carlos Gonzalez P • CIN|0.0|0.0|0.0|0.0|0.0|0.0|0.0|0.0|0.0|0.0|0.0|0.0|0.0|0.00|0.00|9999
2734288|P|FA|Corey Baker P • STL|0.0|0.0|0.0|0.0|0.0|0.0|0.0|0.0|0.0|0.0|0.0|0.0|0.0|0.00|0.00|9999
2829891|P|FA|Ronny Garcia P • HOU|0.0|0.0|0.0|0.0|0.0|0.0|0.0|0.0|0.0|0.0|0.0|0.0|0.0|0.00|0.00|9999
26615428|P|FA|Jordany Ventura P • NYY|0.0|0.0|0.0|0.0|0.0|0.0|0.0|0.0|0.0|0.0|0.0|0.0|0.0|0.00|0.00|9999
29675446|P|FA|Nick Hull P • CHC|0.0|0.0|0.0|0.0|0.0|0.0|0.0|0.0|0.0|0.0|0.0|0.0|0.0|0.00|0.00|9999
2226788|P|FA|Dylan Unsworth P • SEA|0.0|0.0|0.0|0.0|0.0|0.0|0.0|0.0|0.0|0.0|0.0|0.0|0.0|0.00|0.00|9999
50044957|P|FA|Mason Nichols P • TB|0.0|0.0|0.0|0.0|0.0|0.0|0.0|0.0|0.0|0.0|0.0|0.0|0.0|0.00|0.00|9999
2798061|P|FA|Jake Sanchez P • SD|0.0|0.0|0.0|0.0|0.0|0.0|0.0|0.0|0.0|0.0|0.0|0.0|0.0|0.00|0.00|9999
28838090|P|FA|Blake Rogers P • ARI|0.0|0.0|0.0|0.0|0.0|0.0|0.0|0.0|0.0|0.0|0.0|0.0|0.0|0.00|0.00|9999
2921570|P|FA|Alec Kenilvort P • MIL|0.0|0.0|0.0|0.0|0.0|0.0|0.0|0.0|0.0|0.0|0.0|0.0|0.0|0.00|0.00|9999
2043265|P|FA|John Stilson P • PIT|0.0|0.0|0.0|0.0|0.0|0.0|0.0|0.0|0.0|0.0|0.0|0.0|0.0|0.00|0.00|9999
2837433|P|FA|Tommy Romero P • SF|0.0|0.0|0.0|0.0|0.0|0.0|0.0|0.0|0.0|0.0|0.0|0.0|0.0|0.00|0.00|9999
29092531|P|FA|Connor Cooke P • TOR|0.0|0.0|0.0|0.0|0.0|0.0|0.0|0.0|0.0|0.0|0.0|0.0|0.0|0.00|0.00|9999
29360053|P|FA|Trevin Michael P • DET|0.0|0.0|0.0|0.0|0.0|0.0|0.0|0.0|0.0|0.0|0.0|0.0|0.0|0.00|0.00|9999
29085044|P|FA|Nick Richmond P • BAL|0.0|0.0|0.0|0.0|0.0|0.0|0.0|0.0|0.0|0.0|0.0|0.0|0.0|0.00|0.00|9999
2769146|P|FA|Tate Scioneaux P • PIT|0.0|0.0|0.0|0.0|0.0|0.0|0.0|0.0|0.0|0.0|0.0|0.0|0.0|0.00|0.00|9999
50044411|P|FA|Yosber Sanchez P • DET|0.0|0.0|0.0|0.0|0.0|0.0|0.0|0.0|0.0|0.0|0.0|0.0|0.0|0.00|0.00|9999
29321943|P|FA|Tanner Hall P • MIN|0.0|0.0|0.0|0.0|0.0|0.0|0.0|0.0|0.0|0.0|0.0|0.0|0.0|0.00|0.00|9999
29658264|P|FA|Will Sanders P • CHC|0.0|0.0|0.0|0.0|0.0|0.0|0.0|0.0|0.0|0.0|0.0|0.0|0.0|0.00|0.00|9999
29322023|P|FA|Jun-Seok Shim P • MIA|0.0|0.0|0.0|0.0|0.0|0.0|0.0|0.0|0.0|0.0|0.0|0.0|0.0|0.00|0.00|9999
2739970|P|FA|Matt Marsh P • NYY|0.0|0.0|0.0|0.0|0.0|0.0|0.0|0.0|0.0|0.0|0.0|0.0|0.0|0.00|0.00|9999
2171866|P|FA|Brian Clark P • CHW|0.0|0.0|0.0|0.0|0.0|0.0|0.0|0.0|0.0|0.0|0.0|0.0|0.0|0.00|0.00|9999
50041201|P|FA|Nate Payne P • MIA|0.0|0.0|0.0|0.0|0.0|0.0|0.0|0.0|0.0|0.0|0.0|0.0|0.0|0.00|0.00|9999
29084572|P|FA|Spencer Stockton P • CIN|0.0|0.0|0.0|0.0|0.0|0.0|0.0|0.0|0.0|0.0|0.0|0.0|0.0|0.00|0.00|9999
29679111|P|FA|Raul Brito P • MIN|0.0|0.0|0.0|0.0|0.0|0.0|0.0|0.0|0.0|0.0|0.0|0.0|0.0|0.00|0.00|9999
28839880|P|FA|Mack Lemieux P • ARI|0.0|0.0|0.0|0.0|0.0|0.0|0.0|0.0|0.0|0.0|0.0|0.0|0.0|0.00|0.00|9999
29075496|P|FA|Bryce Hubbart P • CIN|0.0|0.0|0.0|0.0|0.0|0.0|0.0|0.0|0.0|0.0|0.0|0.0|0.0|0.00|0.00|9999
29676030|P|FA|Jesse Wainscott P • SEA|0.0|0.0|0.0|0.0|0.0|0.0|0.0|0.0|0.0|0.0|0.0|0.0|0.0|0.00|0.00|9999
26615436|P|FA|Tim Elliott P • SEA|0.0|0.0|0.0|0.0|0.0|0.0|0.0|0.0|0.0|0.0|0.0|0.0|0.0|0.00|0.00|9999
2228196|P|FA|Jeff Ibarra P • SD|0.0|0.0|0.0|0.0|0.0|0.0|0.0|0.0|0.0|0.0|0.0|0.0|0.0|0.00|0.00|9999
2932070|P|FA|Owen White P • CHW|0.0|0.0|0.0|0.0|0.0|0.0|0.0|0.0|0.0|0.0|0.0|0.0|0.0|0.00|0.00|9999
29087923|P|FA|Carlos Gomez P • NYY|0.0|0.0|0.0|0.0|0.0|0.0|0.0|0.0|0.0|0.0|0.0|0.0|0.0|0.00|0.00|9999
29632447|P|FA|Hayden Mullins P • BOS|0.0|0.0|0.0|0.0|0.0|0.0|0.0|0.0|0.0|0.0|0.0|0.0|0.0|0.00|0.00|9999
2932849|P|FA|Caleb Kilian P • PHI|0.0|0.0|0.0|0.0|0.0|0.0|0.0|0.0|0.0|0.0|0.0|0.0|0.0|0.00|0.00|9999
2836694|P|FA|Sam Carlson P • HOU|0.0|0.0|0.0|0.0|0.0|0.0|0.0|0.0|0.0|0.0|0.0|0.0|0.0|0.00|0.00|9999
29676729|P|FA|Brock Moore P • BAL|0.0|0.0|0.0|0.0|0.0|0.0|0.0|0.0|0.0|0.0|0.0|0.0|0.0|0.00|0.00|9999
3107155|P|FA|Nolan Long P • TOR|0.0|0.0|0.0|0.0|0.0|0.0|0.0|0.0|0.0|0.0|0.0|0.0|0.0|0.00|0.00|9999
29675840|P|FA|Jacob Meador P • LAD|0.0|0.0|0.0|0.0|0.0|0.0|0.0|0.0|0.0|0.0|0.0|0.0|0.0|0.00|0.00|9999
29077348|P|FA|Nick Zwack P • SF|0.0|0.0|0.0|0.0|0.0|0.0|0.0|0.0|0.0|0.0|0.0|0.0|0.0|0.00|0.00|9999
29085466|P|FA|Anthony Veneziano P • TEX|0.0|0.0|0.0|0.0|0.0|0.0|0.0|0.0|0.0|0.0|0.0|0.0|0.0|0.00|0.00|9999
2837476|P|FA|Garrett Schilling P • COL|0.0|0.0|0.0|0.0|0.0|0.0|0.0|0.0|0.0|0.0|0.0|0.0|0.0|0.00|0.00|9999
2227745|P|FA|Jose Velez P • MIA|0.0|0.0|0.0|0.0|0.0|0.0|0.0|0.0|0.0|0.0|0.0|0.0|0.0|0.00|0.00|9999
29349533|P|FA|Emailin Montilla P • ARI|0.0|0.0|0.0|0.0|0.0|0.0|0.0|0.0|0.0|0.0|0.0|0.0|0.0|0.00|0.00|9999
3152809|P|FA|Kyle Kubat P • CHW|0.0|0.0|0.0|0.0|0.0|0.0|0.0|0.0|0.0|0.0|0.0|0.0|0.0|0.00|0.00|9999
29033790|P|FA|Noah Denoyer P • BAL|0.0|0.0|0.0|0.0|0.0|0.0|0.0|0.0|0.0|0.0|0.0|0.0|0.0|0.00|0.00|9999
29644463|P|FA|Drew Beam P • KC|0.0|0.0|0.0|0.0|0.0|0.0|0.0|0.0|0.0|0.0|0.0|0.0|0.0|0.00|0.00|9999
2836915|P|FA|Lucas Gilbreath P • COL|0.0|0.0|0.0|0.0|0.0|0.0|0.0|0.0|0.0|0.0|0.0|0.0|0.0|0.00|0.00|9999
50044804|P|FA|Juan Reynoso P • MIA|0.0|0.0|0.0|0.0|0.0|0.0|0.0|0.0|0.0|0.0|0.0|0.0|0.0|0.00|0.00|9999
2932983|P|FA|Reese Olson P • DET|0.0|0.0|0.0|0.0|0.0|0.0|0.0|0.0|0.0|0.0|0.0|0.0|0.0|0.00|0.00|9999
29342239|P|FA|Blas Castano P • COL|0.0|0.0|0.0|0.0|0.0|0.0|0.0|0.0|0.0|0.0|0.0|0.0|0.0|0.00|0.00|9999
26616952|P|FA|Marcos Lennin Molina P • CIN|0.0|0.0|0.0|0.0|0.0|0.0|0.0|0.0|0.0|0.0|0.0|0.0|0.0|0.00|0.00|9999
2825027|P|FA|Fernando Perez P • DET|0.0|0.0|0.0|0.0|0.0|0.0|0.0|0.0|0.0|0.0|0.0|0.0|0.0|0.00|0.00|9999
26911771|P|FA|Tanner Kohlhepp P • DET|0.0|0.0|0.0|0.0|0.0|0.0|0.0|0.0|0.0|0.0|0.0|0.0|0.0|0.00|0.00|9999
29075714|P|FA|Jonathan Cannon P • CHW|0.0|0.0|0.0|0.0|0.0|0.0|0.0|0.0|0.0|0.0|0.0|0.0|0.0|0.00|0.00|9999
29660658|P|FA|Jose Olivares P • MIN|0.0|0.0|0.0|0.0|0.0|0.0|0.0|0.0|0.0|0.0|0.0|0.0|0.0|0.00|0.00|9999
29091595|P|FA|Darrell Thompson P • MIL|0.0|0.0|0.0|0.0|0.0|0.0|0.0|0.0|0.0|0.0|0.0|0.0|0.0|0.00|0.00|9999
3101479|P|FA|Kirby Snead P • SEA|0.0|0.0|0.0|0.0|0.0|0.0|0.0|0.0|0.0|0.0|0.0|0.0|0.0|0.00|0.00|9999
29680251|P|FA|Bernard Jose P • SD|0.0|0.0|0.0|0.0|0.0|0.0|0.0|0.0|0.0|0.0|0.0|0.0|0.0|0.00|0.00|9999
28846902|P|FA|Michael Alfonso P • TEX|0.0|0.0|0.0|0.0|0.0|0.0|0.0|0.0|0.0|0.0|0.0|0.0|0.0|0.00|0.00|9999
2739975|P|FA|Miguel Rosario P • PIT|0.0|0.0|0.0|0.0|0.0|0.0|0.0|0.0|0.0|0.0|0.0|0.0|0.0|0.00|0.00|9999
29342309|P|FA|Matt Merrill P • DET|0.0|0.0|0.0|0.0|0.0|0.0|0.0|0.0|0.0|0.0|0.0|0.0|0.0|0.00|0.00|9999
2822952|P|FA|Ian Gibaut P • CIN|0.0|0.0|0.0|0.0|0.0|0.0|0.0|0.0|0.0|0.0|0.0|0.0|0.0|0.00|0.00|9999
2498754|P|FA|Jose Ruiz P • TEX|0.0|0.0|0.0|0.0|0.0|0.0|0.0|0.0|0.0|0.0|0.0|0.0|0.0|0.00|0.00|9999
2823303|P|FA|Kevin Herget P • NYM|0.0|0.0|0.0|0.0|0.0|0.0|0.0|0.0|0.0|0.0|0.0|0.0|0.0|0.00|0.00|9999
29476195|P|FA|Chen-Wei Lin P • STL|0.0|0.0|0.0|0.0|0.0|0.0|0.0|0.0|0.0|0.0|0.0|0.0|0.0|0.00|0.00|9999
2804030|P|FA|Alan Garcia P • SD|0.0|0.0|0.0|0.0|0.0|0.0|0.0|0.0|0.0|0.0|0.0|0.0|0.0|0.00|0.00|9999
50044646|P|FA|Collin Baumgartner P • COL|0.0|0.0|0.0|0.0|0.0|0.0|0.0|0.0|0.0|0.0|0.0|0.0|0.0|0.00|0.00|9999
2931954|P|FA|Josiah Gray P • WAS|0.0|0.0|0.0|0.0|0.0|0.0|0.0|0.0|0.0|0.0|0.0|0.0|0.0|0.00|0.00|9999
29342318|P|FA|J.J. Niekro P • ATL|0.0|0.0|0.0|0.0|0.0|0.0|0.0|0.0|0.0|0.0|0.0|0.0|0.0|0.00|0.00|9999
50049482|P|FA|Halton Hardy P • MIN|0.0|0.0|0.0|0.0|0.0|0.0|0.0|0.0|0.0|0.0|0.0|0.0|0.0|0.00|0.00|9999
2211238|P|FA|Javier Medina P • COL|0.0|0.0|0.0|0.0|0.0|0.0|0.0|0.0|0.0|0.0|0.0|0.0|0.0|0.00|0.00|9999
29084587|P|FA|Aaron Ochsenbein P • LAD|0.0|0.0|0.0|0.0|0.0|0.0|0.0|0.0|0.0|0.0|0.0|0.0|0.0|0.00|0.00|9999
2822436|P|FA|Michael Dimock P • ARI|0.0|0.0|0.0|0.0|0.0|0.0|0.0|0.0|0.0|0.0|0.0|0.0|0.0|0.00|0.00|9999
29350975|P|FA|Ben Wereski P • KC|0.0|0.0|0.0|0.0|0.0|0.0|0.0|0.0|0.0|0.0|0.0|0.0|0.0|0.00|0.00|9999
50044077|P|FA|Luke Stofel P • DET|0.0|0.0|0.0|0.0|0.0|0.0|0.0|0.0|0.0|0.0|0.0|0.0|0.0|0.00|0.00|9999
2777672|P|FA|Connor Walsh P • CHW|0.0|0.0|0.0|0.0|0.0|0.0|0.0|0.0|0.0|0.0|0.0|0.0|0.0|0.00|0.00|9999
26635138|P|FA|Anthony Bender P • MIA|0.0|0.0|0.0|0.0|0.0|0.0|0.0|0.0|0.0|0.0|0.0|0.0|0.0|0.00|0.00|9999
26911807|P|FA|Gunner Mayer P • SEA|0.0|0.0|0.0|0.0|0.0|0.0|0.0|0.0|0.0|0.0|0.0|0.0|0.0|0.00|0.00|9999
2915589|P|FA|Alfred Gutierrez P • SF|0.0|0.0|0.0|0.0|0.0|0.0|0.0|0.0|0.0|0.0|0.0|0.0|0.0|0.00|0.00|9999
2066303|P|FA|Marco Gonzales P • TEX|0.0|0.0|0.0|0.0|0.0|0.0|0.0|0.0|0.0|0.0|0.0|0.0|0.0|0.00|0.00|9999
50044968|P|FA|Diego Barrera P • ATH|0.0|0.0|0.0|0.0|0.0|0.0|0.0|0.0|0.0|0.0|0.0|0.0|0.0|0.00|0.00|9999
27022853|P|FA|Chester Pimentel P • ATH|0.0|0.0|0.0|0.0|0.0|0.0|0.0|0.0|0.0|0.0|0.0|0.0|0.0|0.00|0.00|9999
50058191|P|FA|Jackson Flora P • SF|0.0|0.0|0.0|0.0|0.0|0.0|0.0|0.0|0.0|0.0|0.0|0.0|0.0|0.00|0.00|9999
50043778|P|FA|Riley Gowens P • CHW|0.0|0.0|0.0|0.0|0.0|0.0|0.0|0.0|0.0|0.0|0.0|0.0|0.0|0.00|0.00|9999
2932765|P|FA|Steven Gingery P • STL|0.0|0.0|0.0|0.0|0.0|0.0|0.0|0.0|0.0|0.0|0.0|0.0|0.0|0.00|0.00|9999
2826017|P|FA|Andrew Sopko P • LAD|0.0|0.0|0.0|0.0|0.0|0.0|0.0|0.0|0.0|0.0|0.0|0.0|0.0|0.00|0.00|9999
2599644|P|FA|Logan Taylor P • NYM|0.0|0.0|0.0|0.0|0.0|0.0|0.0|0.0|0.0|0.0|0.0|0.0|0.0|0.00|0.00|9999
50044438|P|FA|Yerlin Rodriguez P • MIL|0.0|0.0|0.0|0.0|0.0|0.0|0.0|0.0|0.0|0.0|0.0|0.0|0.0|0.00|0.00|9999
26636352|P|FA|Nick Mikolajchak P • CLE|0.0|0.0|0.0|0.0|0.0|0.0|0.0|0.0|0.0|0.0|0.0|0.0|0.0|0.00|0.00|9999
1499971|P|FA|Phillippe Aumont P • TOR|0.0|0.0|0.0|0.0|0.0|0.0|0.0|0.0|0.0|0.0|0.0|0.0|0.0|0.00|0.00|9999
2120600|P|FA|Blake Logan P • MIA|0.0|0.0|0.0|0.0|0.0|0.0|0.0|0.0|0.0|0.0|0.0|0.0|0.0|0.00|0.00|9999
2043937|P|FA|Seth Simmons P • ARI|0.0|0.0|0.0|0.0|0.0|0.0|0.0|0.0|0.0|0.0|0.0|0.0|0.0|0.00|0.00|9999
2228438|P|FA|Matt Pierpont P • COL|0.0|0.0|0.0|0.0|0.0|0.0|0.0|0.0|0.0|0.0|0.0|0.0|0.0|0.00|0.00|9999
29342396|P|FA|Dan Hammer P • NYM|0.0|0.0|0.0|0.0|0.0|0.0|0.0|0.0|0.0|0.0|0.0|0.0|0.0|0.00|0.00|9999
50043990|P|FA|Cody Delvecchio P • SF|0.0|0.0|0.0|0.0|0.0|0.0|0.0|0.0|0.0|0.0|0.0|0.0|0.0|0.00|0.00|9999
29077339|P|FA|Chandler Champlain P • KC|0.0|0.0|0.0|0.0|0.0|0.0|0.0|0.0|0.0|0.0|0.0|0.0|0.0|0.00|0.00|9999
29075500|P|FA|Carson Palmquist P • WAS|0.0|0.0|0.0|0.0|0.0|0.0|0.0|0.0|0.0|0.0|0.0|0.0|0.0|0.00|0.00|9999
2117125|P|FA|Endrys Briceno P • LAA|0.0|0.0|0.0|0.0|0.0|0.0|0.0|0.0|0.0|0.0|0.0|0.0|0.0|0.00|0.00|9999
2836982|P|FA|Lincoln Henzman P • MIA|0.0|0.0|0.0|0.0|0.0|0.0|0.0|0.0|0.0|0.0|0.0|0.0|0.0|0.00|0.00|9999
29675443|P|FA|Gerardo Gutierrez P • ARI|0.0|0.0|0.0|0.0|0.0|0.0|0.0|0.0|0.0|0.0|0.0|0.0|0.0|0.00|0.00|9999
50042244|P|FA|Kevin Defrank P • MIA|0.0|0.0|0.0|0.0|0.0|0.0|0.0|0.0|0.0|0.0|0.0|0.0|0.0|0.00|0.00|9999
2824152|P|FA|Henry Martinez P • CLE|0.0|0.0|0.0|0.0|0.0|0.0|0.0|0.0|0.0|0.0|0.0|0.0|0.0|0.00|0.00|9999
3152118|P|FA|Jimmy Lewis P • LAD|0.0|0.0|0.0|0.0|0.0|0.0|0.0|0.0|0.0|0.0|0.0|0.0|0.0|0.00|0.00|9999
2824564|P|FA|Oddanier Mosqueda P • PIT|0.0|0.0|0.0|0.0|0.0|0.0|0.0|0.0|0.0|0.0|0.0|0.0|0.0|0.00|0.00|9999
29312288|P|FA|Josimar Cousin P • CHW|0.0|0.0|0.0|0.0|0.0|0.0|0.0|0.0|0.0|0.0|0.0|0.0|0.0|0.00|0.00|9999
3158041|P|FA|Colin McKee P • HOU|0.0|0.0|0.0|0.0|0.0|0.0|0.0|0.0|0.0|0.0|0.0|0.0|0.0|0.00|0.00|9999
50009359|P|FA|Patrick Forbes P • ARI|0.0|0.0|0.0|0.0|0.0|0.0|0.0|0.0|0.0|0.0|0.0|0.0|0.0|0.00|0.00|9999
29662210|P|FA|Branneli Franco P • STL|0.0|0.0|0.0|0.0|0.0|0.0|0.0|0.0|0.0|0.0|0.0|0.0|0.0|0.00|0.00|9999
29360064|P|FA|Samuel Strickland P • ATL|0.0|0.0|0.0|0.0|0.0|0.0|0.0|0.0|0.0|0.0|0.0|0.0|0.0|0.00|0.00|9999
29295924|P|FA|Hayden Birdsong P • SF|0.0|0.0|0.0|0.0|0.0|0.0|0.0|0.0|0.0|0.0|0.0|0.0|0.0|0.00|0.00|9999
2135241|P|FA|Brady Aiken P • CLE|0.0|0.0|0.0|0.0|0.0|0.0|0.0|0.0|0.0|0.0|0.0|0.0|0.0|0.00|0.00|9999
50044009|P|FA|Jacob Kisting P • MIA|0.0|0.0|0.0|0.0|0.0|0.0|0.0|0.0|0.0|0.0|0.0|0.0|0.0|0.00|0.00|9999
50043717|P|FA|Jerming Rosario P • LAD|0.0|0.0|0.0|0.0|0.0|0.0|0.0|0.0|0.0|0.0|0.0|0.0|0.0|0.00|0.00|9999
2227137|P|FA|Andrew Suarez P • BAL|0.0|0.0|0.0|0.0|0.0|0.0|0.0|0.0|0.0|0.0|0.0|0.0|0.0|0.00|0.00|9999
50041190|P|FA|Bryce Mayer P • HOU|0.0|0.0|0.0|0.0|0.0|0.0|0.0|0.0|0.0|0.0|0.0|0.0|0.0|0.00|0.00|9999
26861440|P|FA|Adrian Martinez P • ATH|0.0|0.0|0.0|0.0|0.0|0.0|0.0|0.0|0.0|0.0|0.0|0.0|0.0|0.00|0.00|9999
1979965|P|FA|Dallas Keuchel P • MIL|0.0|0.0|0.0|0.0|0.0|0.0|0.0|0.0|0.0|0.0|0.0|0.0|0.0|0.00|0.00|9999
29084411|P|FA|Luis Contreras P • HOU|0.0|0.0|0.0|0.0|0.0|0.0|0.0|0.0|0.0|0.0|0.0|0.0|0.0|0.00|0.00|9999
2507512|P|FA|Lupe Chavez P • HOU|0.0|0.0|0.0|0.0|0.0|0.0|0.0|0.0|0.0|0.0|0.0|0.0|0.0|0.00|0.00|9999
29322026|P|FA|Santiago Suarez P • TB|0.0|0.0|0.0|0.0|0.0|0.0|0.0|0.0|0.0|0.0|0.0|0.0|0.0|0.00|0.00|9999
29679123|P|FA|Samuel Perez P • MIN|0.0|0.0|0.0|0.0|0.0|0.0|0.0|0.0|0.0|0.0|0.0|0.0|0.0|0.00|0.00|9999
29084569|P|FA|Garrett Acton P • MIN|0.0|0.0|0.0|0.0|0.0|0.0|0.0|0.0|0.0|0.0|0.0|0.0|0.0|0.00|0.00|9999
3158298|P|FA|Ryan Lawlor P • CHC|0.0|0.0|0.0|0.0|0.0|0.0|0.0|0.0|0.0|0.0|0.0|0.0|0.0|0.00|0.00|9999
2837572|P|FA|Hunter Stratton P • SD|0.0|0.0|0.0|0.0|0.0|0.0|0.0|0.0|0.0|0.0|0.0|0.0|0.0|0.00|0.00|9999
2507338|P|FA|Austin Franklin P • TB|0.0|0.0|0.0|0.0|0.0|0.0|0.0|0.0|0.0|0.0|0.0|0.0|0.0|0.00|0.00|9999
29106580|P|FA|Trace Bright P • BAL|0.0|0.0|0.0|0.0|0.0|0.0|0.0|0.0|0.0|0.0|0.0|0.0|0.0|0.00|0.00|9999
26911750|P|FA|Brandon Walter P • HOU|0.0|0.0|0.0|0.0|0.0|0.0|0.0|0.0|0.0|0.0|0.0|0.0|0.0|0.00|0.00|9999
2699437|P|FA|James Reeves P • SD|0.0|0.0|0.0|0.0|0.0|0.0|0.0|0.0|0.0|0.0|0.0|0.0|0.0|0.00|0.00|9999
2733998|P|FA|Jason Creasy P • ATL|0.0|0.0|0.0|0.0|0.0|0.0|0.0|0.0|0.0|0.0|0.0|0.0|0.0|0.00|0.00|9999
2826365|P|FA|Bryan Valdez P • ARI|0.0|0.0|0.0|0.0|0.0|0.0|0.0|0.0|0.0|0.0|0.0|0.0|0.0|0.00|0.00|9999
28838300|P|FA|Nic Enright P • CLE|0.0|0.0|0.0|0.0|0.0|0.0|0.0|0.0|0.0|0.0|0.0|0.0|0.0|0.00|0.00|9999
26635149|P|FA|Moises Gomez P • MIL|0.0|0.0|0.0|0.0|0.0|0.0|0.0|0.0|0.0|0.0|0.0|0.0|0.0|0.00|0.00|9999
29342270|P|FA|Hayden Harris P • ATL|0.0|0.0|0.0|0.0|0.0|0.0|0.0|0.0|0.0|0.0|0.0|0.0|0.0|0.00|0.00|9999
2921003|P|FA|Sean Isaac P • LAA|0.0|0.0|0.0|0.0|0.0|0.0|0.0|0.0|0.0|0.0|0.0|0.0|0.0|0.00|0.00|9999
2837558|P|FA|Trevor Stephan P • CLE|0.0|0.0|0.0|0.0|0.0|0.0|0.0|0.0|0.0|0.0|0.0|0.0|0.0|0.00|0.00|9999
2915788|P|FA|Logan Sendelbach P • PIT|0.0|0.0|0.0|0.0|0.0|0.0|0.0|0.0|0.0|0.0|0.0|0.0|0.0|0.00|0.00|9999
29680520|P|FA|Sam Knowlton P • ARI|0.0|0.0|0.0|0.0|0.0|0.0|0.0|0.0|0.0|0.0|0.0|0.0|0.0|0.00|0.00|9999
2933068|P|FA|Alex Royalty P • CLE|0.0|0.0|0.0|0.0|0.0|0.0|0.0|0.0|0.0|0.0|0.0|0.0|0.0|0.00|0.00|9999
29077619|P|FA|Jarlin Susana P • WAS|0.0|0.0|0.0|0.0|0.0|0.0|0.0|0.0|0.0|0.0|0.0|0.0|0.0|0.00|0.00|9999
2119036|P|FA|Tommy Collier P • DET|0.0|0.0|0.0|0.0|0.0|0.0|0.0|0.0|0.0|0.0|0.0|0.0|0.0|0.00|0.00|9999
29676055|P|FA|Will Schomberg P • MIA|0.0|0.0|0.0|0.0|0.0|0.0|0.0|0.0|0.0|0.0|0.0|0.0|0.0|0.00|0.00|9999
2122210|P|FA|Wil Browning P • TOR|0.0|0.0|0.0|0.0|0.0|0.0|0.0|0.0|0.0|0.0|0.0|0.0|0.0|0.00|0.00|9999
2921365|P|FA|Keegan Long P • ARI|0.0|0.0|0.0|0.0|0.0|0.0|0.0|0.0|0.0|0.0|0.0|0.0|0.0|0.00|0.00|9999
29077608|P|FA|Enrique Segura P • PHI|0.0|0.0|0.0|0.0|0.0|0.0|0.0|0.0|0.0|0.0|0.0|0.0|0.0|0.00|0.00|9999
28838881|P|FA|Nathan Burns P • LAA|0.0|0.0|0.0|0.0|0.0|0.0|0.0|0.0|0.0|0.0|0.0|0.0|0.0|0.00|0.00|9999
29644466|P|FA|Hunter Cranton P • ARI|0.0|0.0|0.0|0.0|0.0|0.0|0.0|0.0|0.0|0.0|0.0|0.0|0.0|0.00|0.00|9999
2825861|P|FA|Derek Self P • WAS|0.0|0.0|0.0|0.0|0.0|0.0|0.0|0.0|0.0|0.0|0.0|0.0|0.0|0.00|0.00|9999
2836653|P|FA|Connor Brogdon P • CLE|0.0|0.0|0.0|0.0|0.0|0.0|0.0|0.0|0.0|0.0|0.0|0.0|0.0|0.00|0.00|9999
2121169|P|FA|Ryan Arrowood P • COL|0.0|0.0|0.0|0.0|0.0|0.0|0.0|0.0|0.0|0.0|0.0|0.0|0.0|0.00|0.00|9999
50043944|P|FA|Max Carlson P • BOS|0.0|0.0|0.0|0.0|0.0|0.0|0.0|0.0|0.0|0.0|0.0|0.0|0.0|0.00|0.00|9999
26911737|P|FA|Calvin Ziegler P • NYM|0.0|0.0|0.0|0.0|0.0|0.0|0.0|0.0|0.0|0.0|0.0|0.0|0.0|0.00|0.00|9999
50044012|P|FA|Joe Vogatsky P • BOS|0.0|0.0|0.0|0.0|0.0|0.0|0.0|0.0|0.0|0.0|0.0|0.0|0.0|0.00|0.00|9999
2171340|P|FA|Grant Sides P • ARI|0.0|0.0|0.0|0.0|0.0|0.0|0.0|0.0|0.0|0.0|0.0|0.0|0.0|0.00|0.00|9999
2910631|P|FA|Juan De Paula P • TOR|0.0|0.0|0.0|0.0|0.0|0.0|0.0|0.0|0.0|0.0|0.0|0.0|0.0|0.00|0.00|9999
26686322|P|FA|Justin Garza P • NYM|0.0|0.0|0.0|0.0|0.0|0.0|0.0|0.0|0.0|0.0|0.0|0.0|0.0|0.00|0.00|9999
29632445|P|FA|Dustin Saenz P • WAS|0.0|0.0|0.0|0.0|0.0|0.0|0.0|0.0|0.0|0.0|0.0|0.0|0.0|0.00|0.00|9999
2825114|P|FA|Erasmo Pinales P • HOU|0.0|0.0|0.0|0.0|0.0|0.0|0.0|0.0|0.0|0.0|0.0|0.0|0.0|0.00|0.00|9999
29687808|P|FA|Blake Money P • BAL|0.0|0.0|0.0|0.0|0.0|0.0|0.0|0.0|0.0|0.0|0.0|0.0|0.0|0.00|0.00|9999
26615433|P|FA|Omar Cruz P • SD|0.0|0.0|0.0|0.0|0.0|0.0|0.0|0.0|0.0|0.0|0.0|0.0|0.0|0.00|0.00|9999
2120588|P|FA|Tyler Waldron P • STL|0.0|0.0|0.0|0.0|0.0|0.0|0.0|0.0|0.0|0.0|0.0|0.0|0.0|0.00|0.00|9999
29343000|P|FA|Listher Sosa P • ARI|0.0|0.0|0.0|0.0|0.0|0.0|0.0|0.0|0.0|0.0|0.0|0.0|0.0|0.00|0.00|9999
50042290|P|FA|Josh Mallitz P • SD|0.0|0.0|0.0|0.0|0.0|0.0|0.0|0.0|0.0|0.0|0.0|0.0|0.0|0.00|0.00|9999
2118830|P|FA|Malcom Culver P • LAD|0.0|0.0|0.0|0.0|0.0|0.0|0.0|0.0|0.0|0.0|0.0|0.0|0.0|0.00|0.00|9999
2171369|P|FA|Rowan Wick P • SF|0.0|0.0|0.0|0.0|0.0|0.0|0.0|0.0|0.0|0.0|0.0|0.0|0.0|0.00|0.00|9999
2053477|P|FA|Jesse Hahn P • TOR|0.0|0.0|0.0|0.0|0.0|0.0|0.0|0.0|0.0|0.0|0.0|0.0|0.0|0.00|0.00|9999
2250591|P|FA|Riley Pint P • COL|0.0|0.0|0.0|0.0|0.0|0.0|0.0|0.0|0.0|0.0|0.0|0.0|0.0|0.00|0.00|9999
28837849|P|FA|Nick Avila P • BAL|0.0|0.0|0.0|0.0|0.0|0.0|0.0|0.0|0.0|0.0|0.0|0.0|0.0|0.00|0.00|9999
29342242|P|FA|Alexander Cornielle P • MIL|0.0|0.0|0.0|0.0|0.0|0.0|0.0|0.0|0.0|0.0|0.0|0.0|0.0|0.00|0.00|9999
2118735|P|FA|Austin Wright P • TB|0.0|0.0|0.0|0.0|0.0|0.0|0.0|0.0|0.0|0.0|0.0|0.0|0.0|0.00|0.00|9999
26911805|P|FA|McKinley Moore P • NYY|0.0|0.0|0.0|0.0|0.0|0.0|0.0|0.0|0.0|0.0|0.0|0.0|0.0|0.00|0.00|9999
29075699|P|FA|Hunter Barco P • PIT|0.0|0.0|0.0|0.0|0.0|0.0|0.0|0.0|0.0|0.0|0.0|0.0|0.0|0.00|0.00|9999
2836618|P|FA|Scott Boches P • SEA|0.0|0.0|0.0|0.0|0.0|0.0|0.0|0.0|0.0|0.0|0.0|0.0|0.0|0.00|0.00|9999
26912471|P|FA|Wikelman Gonzalez P • MIA|0.0|0.0|0.0|0.0|0.0|0.0|0.0|0.0|0.0|0.0|0.0|0.0|0.0|0.00|0.00|9999
2932970|P|FA|Tanner Myatt P • NYY|0.0|0.0|0.0|0.0|0.0|0.0|0.0|0.0|0.0|0.0|0.0|0.0|0.0|0.00|0.00|9999
2837356|P|FA|Zach Pop P • PHI|0.0|0.0|0.0|0.0|0.0|0.0|0.0|0.0|0.0|0.0|0.0|0.0|0.0|0.00|0.00|9999
2117043|P|FA|Alex Reyes P • LAD|0.0|0.0|0.0|0.0|0.0|0.0|0.0|0.0|0.0|0.0|0.0|0.0|0.0|0.00|0.00|9999
2739967|P|FA|Andy Beltre P • MIA|0.0|0.0|0.0|0.0|0.0|0.0|0.0|0.0|0.0|0.0|0.0|0.0|0.0|0.00|0.00|9999
2912226|P|FA|Cole Irvin P • LAD|0.0|0.0|0.0|0.0|0.0|0.0|0.0|0.0|0.0|0.0|0.0|0.0|0.0|0.00|0.00|9999
2169881|P|FA|Kent Emanuel P • CIN|0.0|0.0|0.0|0.0|0.0|0.0|0.0|0.0|0.0|0.0|0.0|0.0|0.0|0.00|0.00|9999
29091597|P|FA|Matt Mullenbach P • MIN|0.0|0.0|0.0|0.0|0.0|0.0|0.0|0.0|0.0|0.0|0.0|0.0|0.0|0.00|0.00|9999
50041099|P|FA|Will Hynes P • CLE|0.0|0.0|0.0|0.0|0.0|0.0|0.0|0.0|0.0|0.0|0.0|0.0|0.0|0.00|0.00|9999
2804687|P|FA|Jack Anderson P • SEA|0.0|0.0|0.0|0.0|0.0|0.0|0.0|0.0|0.0|0.0|0.0|0.0|0.0|0.00|0.00|9999
2932633|P|FA|Brad Case P • PIT|0.0|0.0|0.0|0.0|0.0|0.0|0.0|0.0|0.0|0.0|0.0|0.0|0.0|0.00|0.00|9999
29342355|P|FA|Nate Tellier P • BOS|0.0|0.0|0.0|0.0|0.0|0.0|0.0|0.0|0.0|0.0|0.0|0.0|0.0|0.00|0.00|9999
2226037|P|FA|Mike Augliera P • BOS|0.0|0.0|0.0|0.0|0.0|0.0|0.0|0.0|0.0|0.0|0.0|0.0|0.0|0.00|0.00|9999
29086581|P|FA|Clay Helvey P • WAS|0.0|0.0|0.0|0.0|0.0|0.0|0.0|0.0|0.0|0.0|0.0|0.0|0.0|0.00|0.00|9999
29085036|P|FA|Joseph King P • STL|0.0|0.0|0.0|0.0|0.0|0.0|0.0|0.0|0.0|0.0|0.0|0.0|0.0|0.00|0.00|9999
2693898|P|FA|Daniel Camarena P • SD|0.0|0.0|0.0|0.0|0.0|0.0|0.0|0.0|0.0|0.0|0.0|0.0|0.0|0.00|0.00|9999
50044480|P|FA|Jared Lyons P • CIN|0.0|0.0|0.0|0.0|0.0|0.0|0.0|0.0|0.0|0.0|0.0|0.0|0.0|0.00|0.00|9999
50044373|P|FA|Brandon Beckel P • PHI|0.0|0.0|0.0|0.0|0.0|0.0|0.0|0.0|0.0|0.0|0.0|0.0|0.0|0.00|0.00|9999
50042725|P|FA|Chay Yeager P • TOR|0.0|0.0|0.0|0.0|0.0|0.0|0.0|0.0|0.0|0.0|0.0|0.0|0.0|0.00|0.00|9999
29682338|P|FA|Jonathan Brand P • TEX|0.0|0.0|0.0|0.0|0.0|0.0|0.0|0.0|0.0|0.0|0.0|0.0|0.0|0.00|0.00|9999
3165360|P|FA|Bryce Jarvis P • ARI|0.0|0.0|0.0|0.0|0.0|0.0|0.0|0.0|0.0|0.0|0.0|0.0|0.0|0.00|0.00|9999
50043881|P|FA|Brett Banks P • NYM|0.0|0.0|0.0|0.0|0.0|0.0|0.0|0.0|0.0|0.0|0.0|0.0|0.0|0.00|0.00|9999
2166172|P|FA|Adrian Sampson P • TEX|0.0|0.0|0.0|0.0|0.0|0.0|0.0|0.0|0.0|0.0|0.0|0.0|0.0|0.00|0.00|9999
29343001|P|FA|Alec Baker P • ARI|0.0|0.0|0.0|0.0|0.0|0.0|0.0|0.0|0.0|0.0|0.0|0.0|0.0|0.00|0.00|9999
50042291|P|FA|Ramon Marquez P • SF|0.0|0.0|0.0|0.0|0.0|0.0|0.0|0.0|0.0|0.0|0.0|0.0|0.0|0.00|0.00|9999
2797617|P|FA|Anyelo Leclerc P • BOS|0.0|0.0|0.0|0.0|0.0|0.0|0.0|0.0|0.0|0.0|0.0|0.0|0.0|0.00|0.00|9999
50041084|P|FA|Joseph Dzierwa P • BAL|0.0|0.0|0.0|0.0|0.0|0.0|0.0|0.0|0.0|0.0|0.0|0.0|0.0|0.00|0.00|9999
29295939|P|FA|Alex Pham P • BAL|0.0|0.0|0.0|0.0|0.0|0.0|0.0|0.0|0.0|0.0|0.0|0.0|0.0|0.00|0.00|9999
29342434|P|FA|Wilkin Ramos P • SF|0.0|0.0|0.0|0.0|0.0|0.0|0.0|0.0|0.0|0.0|0.0|0.0|0.0|0.00|0.00|9999
29084552|P|FA|Joe Jacques P • NYM|0.0|0.0|0.0|0.0|0.0|0.0|0.0|0.0|0.0|0.0|0.0|0.0|0.0|0.00|0.00|9999
28838218|P|FA|Jose Bravo P • MIN|0.0|0.0|0.0|0.0|0.0|0.0|0.0|0.0|0.0|0.0|0.0|0.0|0.0|0.00|0.00|9999
50044892|P|FA|Luke Taggart P • DET|0.0|0.0|0.0|0.0|0.0|0.0|0.0|0.0|0.0|0.0|0.0|0.0|0.0|0.00|0.00|9999
29075703|P|FA|Jackson Wolf P • DET|0.0|0.0|0.0|0.0|0.0|0.0|0.0|0.0|0.0|0.0|0.0|0.0|0.0|0.00|0.00|9999
29077337|P|FA|Carlos Rodriguez P • MIL|0.0|0.0|0.0|0.0|0.0|0.0|0.0|0.0|0.0|0.0|0.0|0.0|0.0|0.00|0.00|9999
29088945|P|FA|Jesus Gonzalez P • SD|0.0|0.0|0.0|0.0|0.0|0.0|0.0|0.0|0.0|0.0|0.0|0.0|0.0|0.00|0.00|9999
29644483|P|FA|Aiden May P • COL|0.0|0.0|0.0|0.0|0.0|0.0|0.0|0.0|0.0|0.0|0.0|0.0|0.0|0.00|0.00|9999
2921618|P|FA|Ryan Burr P • TOR|0.0|0.0|0.0|0.0|0.0|0.0|0.0|0.0|0.0|0.0|0.0|0.0|0.0|0.00|0.00|9999
29632438|P|FA|Spencer Giesting P • ARI|0.0|0.0|0.0|0.0|0.0|0.0|0.0|0.0|0.0|0.0|0.0|0.0|0.0|0.00|0.00|9999
2835155|P|FA|Jose Martinez P • LAD|0.0|0.0|0.0|0.0|0.0|0.0|0.0|0.0|0.0|0.0|0.0|0.0|0.0|0.00|0.00|9999
50044874|P|FA|Augusto Mendieta P • KC|0.0|0.0|0.0|0.0|0.0|0.0|0.0|0.0|0.0|0.0|0.0|0.0|0.0|0.00|0.00|9999
29632460|P|FA|James Hicks P • HOU|0.0|0.0|0.0|0.0|0.0|0.0|0.0|0.0|0.0|0.0|0.0|0.0|0.0|0.00|0.00|9999
2933027|P|FA|PJ Poulin P • WAS|0.0|0.0|0.0|0.0|0.0|0.0|0.0|0.0|0.0|0.0|0.0|0.0|0.0|0.00|0.00|9999
2824943|P|FA|Joel Peguero P • SF|0.0|0.0|0.0|0.0|0.0|0.0|0.0|0.0|0.0|0.0|0.0|0.0|0.0|0.00|0.00|9999
50043262|P|FA|Jean Carlos Henriquez P • BAL|0.0|0.0|0.0|0.0|0.0|0.0|0.0|0.0|0.0|0.0|0.0|0.0|0.0|0.00|0.00|9999
50041355|P|FA|Josh Trentadue P • TEX|0.0|0.0|0.0|0.0|0.0|0.0|0.0|0.0|0.0|0.0|0.0|0.0|0.0|0.00|0.00|9999
28840968|P|FA|Nick Morreale P • SF|0.0|0.0|0.0|0.0|0.0|0.0|0.0|0.0|0.0|0.0|0.0|0.0|0.0|0.00|0.00|9999
29091129|P|FA|Sean Harney P • TB|0.0|0.0|0.0|0.0|0.0|0.0|0.0|0.0|0.0|0.0|0.0|0.0|0.0|0.00|0.00|9999
2930960|P|FA|Edgar Navarro P • CHW|0.0|0.0|0.0|0.0|0.0|0.0|0.0|0.0|0.0|0.0|0.0|0.0|0.0|0.00|0.00|9999
2167331|P|FA|Mike Mayers P • TOR|0.0|0.0|0.0|0.0|0.0|0.0|0.0|0.0|0.0|0.0|0.0|0.0|0.0|0.00|0.00|9999
2169786|P|FA|Matt Anderson P • SEA|0.0|0.0|0.0|0.0|0.0|0.0|0.0|0.0|0.0|0.0|0.0|0.0|0.0|0.00|0.00|9999
2027450|P|FA|Hansel Robles P • LAD|0.0|0.0|0.0|0.0|0.0|0.0|0.0|0.0|0.0|0.0|0.0|0.0|0.0|0.00|0.00|9999
2117050|P|FA|Bryan Evans P • MIA|0.0|0.0|0.0|0.0|0.0|0.0|0.0|0.0|0.0|0.0|0.0|0.0|0.0|0.00|0.00|9999
2121470|P|FA|Sean Donatello P • MIA|0.0|0.0|0.0|0.0|0.0|0.0|0.0|0.0|0.0|0.0|0.0|0.0|0.0|0.00|0.00|9999
1926952|P|FA|Ramon Benjamin P • MIA|0.0|0.0|0.0|0.0|0.0|0.0|0.0|0.0|0.0|0.0|0.0|0.0|0.0|0.00|0.00|9999
2053483|P|FA|Jose Urena P • LAA|0.0|0.0|0.0|0.0|0.0|0.0|0.0|0.0|0.0|0.0|0.0|0.0|0.0|0.00|0.00|9999
2750314|P|FA|Tyler Spurlin P • MIL|0.0|0.0|0.0|0.0|0.0|0.0|0.0|0.0|0.0|0.0|0.0|0.0|0.0|0.00|0.00|9999
2837478|P|FA|Fred Schlichtholz P • SD|0.0|0.0|0.0|0.0|0.0|0.0|0.0|0.0|0.0|0.0|0.0|0.0|0.0|0.00|0.00|9999
29683094|P|FA|Daniel Missaki P • TEX|0.0|0.0|0.0|0.0|0.0|0.0|0.0|0.0|0.0|0.0|0.0|0.0|0.0|0.00|0.00|9999
27023027|P|FA|Zack Erwin P • TB|0.0|0.0|0.0|0.0|0.0|0.0|0.0|0.0|0.0|0.0|0.0|0.0|0.0|0.00|0.00|9999
29228517|P|FA|Kelvin Caceres P • LAA|0.0|0.0|0.0|0.0|0.0|0.0|0.0|0.0|0.0|0.0|0.0|0.0|0.0|0.00|0.00|9999
50044068|P|FA|Gabriel Barbosa P • PHI|0.0|0.0|0.0|0.0|0.0|0.0|0.0|0.0|0.0|0.0|0.0|0.0|0.0|0.00|0.00|9999
2836715|P|FA|Jonathan Cheshire P • MIN|0.0|0.0|0.0|0.0|0.0|0.0|0.0|0.0|0.0|0.0|0.0|0.0|0.0|0.00|0.00|9999
2821969|P|FA|Jose Chacin P • NYM|0.0|0.0|0.0|0.0|0.0|0.0|0.0|0.0|0.0|0.0|0.0|0.0|0.0|0.00|0.00|9999
1963330|P|FA|Chris Devenski P • PIT|0.0|0.0|0.0|0.0|0.0|0.0|0.0|0.0|0.0|0.0|0.0|0.0|0.0|0.00|0.00|9999
2829006|P|FA|Yefri Del Rosario P • KC|0.0|0.0|0.0|0.0|0.0|0.0|0.0|0.0|0.0|0.0|0.0|0.0|0.0|0.00|0.00|9999
2910636|P|FA|Brett Adcock P • HOU|0.0|0.0|0.0|0.0|0.0|0.0|0.0|0.0|0.0|0.0|0.0|0.0|0.0|0.00|0.00|9999
2932960|P|FA|Cody Morris P • NYY|0.0|0.0|0.0|0.0|0.0|0.0|0.0|0.0|0.0|0.0|0.0|0.0|0.0|0.00|0.00|9999
29692173|P|FA|Yeuris Jimenez P • WAS|0.0|0.0|0.0|0.0|0.0|0.0|0.0|0.0|0.0|0.0|0.0|0.0|0.0|0.00|0.00|9999
2842941|P|FA|Matthew Wivinis P • NYY|0.0|0.0|0.0|0.0|0.0|0.0|0.0|0.0|0.0|0.0|0.0|0.0|0.0|0.00|0.00|9999
2227794|P|FA|Tyler Davis P • TEX|0.0|0.0|0.0|0.0|0.0|0.0|0.0|0.0|0.0|0.0|0.0|0.0|0.0|0.00|0.00|9999
3117538|P|FA|Alek Manoah P • LAA|0.0|0.0|0.0|0.0|0.0|0.0|0.0|0.0|0.0|0.0|0.0|0.0|0.0|0.00|0.00|9999
3152799|P|FA|Thomas Jankins P • MIL|0.0|0.0|0.0|0.0|0.0|0.0|0.0|0.0|0.0|0.0|0.0|0.0|0.0|0.00|0.00|9999
28838022|P|FA|Andrew Gross P • TB|0.0|0.0|0.0|0.0|0.0|0.0|0.0|0.0|0.0|0.0|0.0|0.0|0.0|0.00|0.00|9999
2121685|P|FA|Ronald Shaban P • STL|0.0|0.0|0.0|0.0|0.0|0.0|0.0|0.0|0.0|0.0|0.0|0.0|0.0|0.00|0.00|9999
2837419|P|FA|Brody Rodning P • HOU|0.0|0.0|0.0|0.0|0.0|0.0|0.0|0.0|0.0|0.0|0.0|0.0|0.0|0.00|0.00|9999
2135330|P|FA|Tyler Skulina P • CHC|0.0|0.0|0.0|0.0|0.0|0.0|0.0|0.0|0.0|0.0|0.0|0.0|0.0|0.00|0.00|9999
29077669|P|FA|Nathanael Heredia P • STL|0.0|0.0|0.0|0.0|0.0|0.0|0.0|0.0|0.0|0.0|0.0|0.0|0.0|0.00|0.00|9999
2933189|P|FA|Troy Watson P • SEA|0.0|0.0|0.0|0.0|0.0|0.0|0.0|0.0|0.0|0.0|0.0|0.0|0.0|0.00|0.00|9999
3085540|P|FA|Thomas Burrows P • ATL|0.0|0.0|0.0|0.0|0.0|0.0|0.0|0.0|0.0|0.0|0.0|0.0|0.0|0.00|0.00|9999
29662211|P|FA|Brayan Mendoza P • MIA|0.0|0.0|0.0|0.0|0.0|0.0|0.0|0.0|0.0|0.0|0.0|0.0|0.0|0.00|0.00|9999
29677722|P|FA|Kelvin Ramirez P • LAD|0.0|0.0|0.0|0.0|0.0|0.0|0.0|0.0|0.0|0.0|0.0|0.0|0.0|0.00|0.00|9999
2824806|P|FA|Willy Ortiz P • TB|0.0|0.0|0.0|0.0|0.0|0.0|0.0|0.0|0.0|0.0|0.0|0.0|0.0|0.00|0.00|9999
26913414|P|FA|Cristian Mena P • ARI|0.0|0.0|0.0|0.0|0.0|0.0|0.0|0.0|0.0|0.0|0.0|0.0|0.0|0.00|0.00|9999
28838275|P|FA|Michael Gomez P • STL|0.0|0.0|0.0|0.0|0.0|0.0|0.0|0.0|0.0|0.0|0.0|0.0|0.0|0.00|0.00|9999
1894636|P|FA|Tyler Anderson P • LAA|0.0|0.0|0.0|0.0|0.0|0.0|0.0|0.0|0.0|0.0|0.0|0.0|0.0|0.00|0.00|9999
29085028|P|FA|J.C. Flowers P • PIT|0.0|0.0|0.0|0.0|0.0|0.0|0.0|0.0|0.0|0.0|0.0|0.0|0.0|0.00|0.00|9999
2930965|P|FA|Cruz Noriega P • KC|0.0|0.0|0.0|0.0|0.0|0.0|0.0|0.0|0.0|0.0|0.0|0.0|0.0|0.00|0.00|9999
50041191|P|FA|Cole Hertzler P • HOU|0.0|0.0|0.0|0.0|0.0|0.0|0.0|0.0|0.0|0.0|0.0|0.0|0.0|0.00|0.00|9999
2120530|P|FA|Ryan Doolittle P • ATH|0.0|0.0|0.0|0.0|0.0|0.0|0.0|0.0|0.0|0.0|0.0|0.0|0.0|0.00|0.00|9999
2921577|P|FA|Keaton Steele P • MIN|0.0|0.0|0.0|0.0|0.0|0.0|0.0|0.0|0.0|0.0|0.0|0.0|0.0|0.00|0.00|9999
29644527|P|FA|Trevor Harrison P • TB|0.0|0.0|0.0|0.0|0.0|0.0|0.0|0.0|0.0|0.0|0.0|0.0|0.0|0.00|0.00|9999
29342235|P|FA|Kyle Brnovich P • PHI|0.0|0.0|0.0|0.0|0.0|0.0|0.0|0.0|0.0|0.0|0.0|0.0|0.0|0.00|0.00|9999
2170011|P|FA|Brandon Alger P • SD|0.0|0.0|0.0|0.0|0.0|0.0|0.0|0.0|0.0|0.0|0.0|0.0|0.0|0.00|0.00|9999
29675802|P|FA|Carter Spivey P • CLE|0.0|0.0|0.0|0.0|0.0|0.0|0.0|0.0|0.0|0.0|0.0|0.0|0.0|0.00|0.00|9999
29084410|P|FA|Robbie Baker P • MIL|0.0|0.0|0.0|0.0|0.0|0.0|0.0|0.0|0.0|0.0|0.0|0.0|0.0|0.00|0.00|9999
2136146|P|FA|Drew Rucinski P • ATH|0.0|0.0|0.0|0.0|0.0|0.0|0.0|0.0|0.0|0.0|0.0|0.0|0.0|0.00|0.00|9999
26615444|P|FA|Tyler Dyson P • WAS|0.0|0.0|0.0|0.0|0.0|0.0|0.0|0.0|0.0|0.0|0.0|0.0|0.0|0.00|0.00|9999
2932676|P|FA|Brett Daniels P • CLE|0.0|0.0|0.0|0.0|0.0|0.0|0.0|0.0|0.0|0.0|0.0|0.0|0.0|0.00|0.00|9999
29179447|P|FA|John McMillon P • PHI|0.0|0.0|0.0|0.0|0.0|0.0|0.0|0.0|0.0|0.0|0.0|0.0|0.0|0.00|0.00|9999
29077617|P|FA|Jairo Iriarte P • CHW|0.0|0.0|0.0|0.0|0.0|0.0|0.0|0.0|0.0|0.0|0.0|0.0|0.0|0.00|0.00|9999
2824403|P|FA|Julian Merryweather P • MIN|0.0|0.0|0.0|0.0|0.0|0.0|0.0|0.0|0.0|0.0|0.0|0.0|0.0|0.00|0.00|9999
28839741|P|FA|Garvin Alston P • CHW|0.0|0.0|0.0|0.0|0.0|0.0|0.0|0.0|0.0|0.0|0.0|0.0|0.0|0.00|0.00|9999
29644534|P|FA|Owen Wild P • TB|0.0|0.0|0.0|0.0|0.0|0.0|0.0|0.0|0.0|0.0|0.0|0.0|0.0|0.00|0.00|9999
2824335|P|FA|Jean-Carlos Mejia P • MIL|0.0|0.0|0.0|0.0|0.0|0.0|0.0|0.0|0.0|0.0|0.0|0.0|0.0|0.00|0.00|9999
2509402|P|FA|Nick Routt P • CIN|0.0|0.0|0.0|0.0|0.0|0.0|0.0|0.0|0.0|0.0|0.0|0.0|0.0|0.00|0.00|9999
3158173|P|FA|Bryan Brickhouse P • SF|0.0|0.0|0.0|0.0|0.0|0.0|0.0|0.0|0.0|0.0|0.0|0.0|0.0|0.00|0.00|9999
26911739|P|FA|Colin Peluse P • PHI|0.0|0.0|0.0|0.0|0.0|0.0|0.0|0.0|0.0|0.0|0.0|0.0|0.0|0.00|0.00|9999
2803669|P|FA|John Curtiss P • ARI|0.0|0.0|0.0|0.0|0.0|0.0|0.0|0.0|0.0|0.0|0.0|0.0|0.0|0.00|0.00|9999
1963323|P|FA|Victor Mateo P • ATL|0.0|0.0|0.0|0.0|0.0|0.0|0.0|0.0|0.0|0.0|0.0|0.0|0.0|0.00|0.00|9999
2744040|P|FA|Travis Hissong P • NYY|0.0|0.0|0.0|0.0|0.0|0.0|0.0|0.0|0.0|0.0|0.0|0.0|0.0|0.00|0.00|9999
29342271|P|FA|Devereaux Harrison P • TOR|0.0|0.0|0.0|0.0|0.0|0.0|0.0|0.0|0.0|0.0|0.0|0.0|0.0|0.00|0.00|9999
29687817|P|FA|Vicarte Domingo P • SD|0.0|0.0|0.0|0.0|0.0|0.0|0.0|0.0|0.0|0.0|0.0|0.0|0.0|0.00|0.00|9999
29676968|P|FA|Felipe De La Cruz P • NYM|0.0|0.0|0.0|0.0|0.0|0.0|0.0|0.0|0.0|0.0|0.0|0.0|0.0|0.00|0.00|9999
2921392|P|FA|Luke Leftwich P • PHI|0.0|0.0|0.0|0.0|0.0|0.0|0.0|0.0|0.0|0.0|0.0|0.0|0.0|0.00|0.00|9999
1795985|P|FA|Justin Wilson P • BOS|0.0|0.0|0.0|0.0|0.0|0.0|0.0|0.0|0.0|0.0|0.0|0.0|0.0|0.00|0.00|9999
29342362|P|FA|Austin Vernon P • TB|0.0|0.0|0.0|0.0|0.0|0.0|0.0|0.0|0.0|0.0|0.0|0.0|0.0|0.00|0.00|9999
2836575|P|FA|Cole Bartlett P • ARI|0.0|0.0|0.0|0.0|0.0|0.0|0.0|0.0|0.0|0.0|0.0|0.0|0.0|0.00|0.00|9999
3094728|P|FA|Kevin McCanna P • ARI|0.0|0.0|0.0|0.0|0.0|0.0|0.0|0.0|0.0|0.0|0.0|0.0|0.0|0.00|0.00|9999
2171825|P|FA|John Kuchno P • PIT|0.0|0.0|0.0|0.0|0.0|0.0|0.0|0.0|0.0|0.0|0.0|0.0|0.0|0.00|0.00|9999
3077701|P|FA|Bruce Zimmermann P • STL|0.0|0.0|0.0|0.0|0.0|0.0|0.0|0.0|0.0|0.0|0.0|0.0|0.0|0.00|0.00|9999
50028318|P|FA|Dylan Ross P • NYM|0.0|0.0|0.0|0.0|0.0|0.0|0.0|0.0|0.0|0.0|0.0|0.0|0.0|0.00|0.00|9999
29321927|P|FA|Jose Fleury P • HOU|0.0|0.0|0.0|0.0|0.0|0.0|0.0|0.0|0.0|0.0|0.0|0.0|0.0|0.00|0.00|9999
2768555|P|FA|Mason Thompson P • TEX|0.0|0.0|0.0|0.0|0.0|0.0|0.0|0.0|0.0|0.0|0.0|0.0|0.0|0.00|0.00|9999
29687309|P|FA|Wander Arias P • WAS|0.0|0.0|0.0|0.0|0.0|0.0|0.0|0.0|0.0|0.0|0.0|0.0|0.0|0.00|0.00|9999
29084373|P|FA|Jacob Webb P • BOS|0.0|0.0|0.0|0.0|0.0|0.0|0.0|0.0|0.0|0.0|0.0|0.0|0.0|0.00|0.00|9999
29675841|P|FA|Daniel Nunez P • ARI|0.0|0.0|0.0|0.0|0.0|0.0|0.0|0.0|0.0|0.0|0.0|0.0|0.0|0.00|0.00|9999
2027498|P|FA|Chase Anderson P • TEX|0.0|0.0|0.0|0.0|0.0|0.0|0.0|0.0|0.0|0.0|0.0|0.0|0.0|0.00|0.00|9999
2921414|P|FA|Mason McCullough P • ARI|0.0|0.0|0.0|0.0|0.0|0.0|0.0|0.0|0.0|0.0|0.0|0.0|0.0|0.00|0.00|9999
2507524|P|FA|Francisco Rios P • NYM|0.0|0.0|0.0|0.0|0.0|0.0|0.0|0.0|0.0|0.0|0.0|0.0|0.0|0.00|0.00|9999
3085231|P|FA|Jeremy Rhoades P • LAA|0.0|0.0|0.0|0.0|0.0|0.0|0.0|0.0|0.0|0.0|0.0|0.0|0.0|0.00|0.00|9999
50044005|P|FA|Darren Bowen P • MIN|0.0|0.0|0.0|0.0|0.0|0.0|0.0|0.0|0.0|0.0|0.0|0.0|0.0|0.00|0.00|9999
50037913|P|FA|JeanPierre Ortiz P • CIN|0.0|0.0|0.0|0.0|0.0|0.0|0.0|0.0|0.0|0.0|0.0|0.0|0.0|0.00|0.00|9999
29662098|P|FA|Anderson Brito P • HOU|0.0|0.0|0.0|0.0|0.0|0.0|0.0|0.0|0.0|0.0|0.0|0.0|0.0|0.00|0.00|9999
26911770|P|FA|Will Klein P • LAD|0.0|0.0|0.0|0.0|0.0|0.0|0.0|0.0|0.0|0.0|0.0|0.0|0.0|0.00|0.00|9999
2114419|P|FA|Cody Winiarski P • CHW|0.0|0.0|0.0|0.0|0.0|0.0|0.0|0.0|0.0|0.0|0.0|0.0|0.0|0.00|0.00|9999
3151908|P|FA|Kendall Williams P • LAD|0.0|0.0|0.0|0.0|0.0|0.0|0.0|0.0|0.0|0.0|0.0|0.0|0.0|0.00|0.00|9999
29342357|P|FA|Grayson Thurman P • TOR|0.0|0.0|0.0|0.0|0.0|0.0|0.0|0.0|0.0|0.0|0.0|0.0|0.0|0.00|0.00|9999
2170525|P|FA|P.J. Francescon P • CHC|0.0|0.0|0.0|0.0|0.0|0.0|0.0|0.0|0.0|0.0|0.0|0.0|0.0|0.00|0.00|9999
2120119|P|FA|Nate Reed P • BOS|0.0|0.0|0.0|0.0|0.0|0.0|0.0|0.0|0.0|0.0|0.0|0.0|0.0|0.00|0.00|9999
50062254|P|FA|Breyner Figuereo P • MIL|0.0|0.0|0.0|0.0|0.0|0.0|0.0|0.0|0.0|0.0|0.0|0.0|0.0|0.00|0.00|9999
2117127|P|FA|Nick Wittgren P • SEA|0.0|0.0|0.0|0.0|0.0|0.0|0.0|0.0|0.0|0.0|0.0|0.0|0.0|0.00|0.00|9999
28837033|P|FA|Chase Lee P • TOR|0.0|0.0|0.0|0.0|0.0|0.0|0.0|0.0|0.0|0.0|0.0|0.0|0.0|0.00|0.00|9999
50043838|P|FA|Leonard Garcia P • LAA|0.0|0.0|0.0|0.0|0.0|0.0|0.0|0.0|0.0|0.0|0.0|0.0|0.0|0.00|0.00|9999
2216702|P|FA|Robby Rowland P • STL|0.0|0.0|0.0|0.0|0.0|0.0|0.0|0.0|0.0|0.0|0.0|0.0|0.0|0.00|0.00|9999
29676009|P|FA|Garrett Burhenn P • DET|0.0|0.0|0.0|0.0|0.0|0.0|0.0|0.0|0.0|0.0|0.0|0.0|0.0|0.00|0.00|9999
29685386|P|FA|Thomas Schultz P • WAS|0.0|0.0|0.0|0.0|0.0|0.0|0.0|0.0|0.0|0.0|0.0|0.0|0.0|0.00|0.00|9999
2823678|P|FA|Brett Kennedy P • CIN|0.0|0.0|0.0|0.0|0.0|0.0|0.0|0.0|0.0|0.0|0.0|0.0|0.0|0.00|0.00|9999
50009355|P|FA|Kruz Schoolcraft P • SD|0.0|0.0|0.0|0.0|0.0|0.0|0.0|0.0|0.0|0.0|0.0|0.0|0.0|0.00|0.00|9999
29685398|P|FA|Austin Smith P • COL|0.0|0.0|0.0|0.0|0.0|0.0|0.0|0.0|0.0|0.0|0.0|0.0|0.0|0.00|0.00|9999
3090245|P|FA|Phillip Diehl P • CLE|0.0|0.0|0.0|0.0|0.0|0.0|0.0|0.0|0.0|0.0|0.0|0.0|0.0|0.00|0.00|9999
3094346|P|FA|Dario Beltre P • LAA|0.0|0.0|0.0|0.0|0.0|0.0|0.0|0.0|0.0|0.0|0.0|0.0|0.0|0.00|0.00|9999
26911812|P|FA|Alec Willis P • STL|0.0|0.0|0.0|0.0|0.0|0.0|0.0|0.0|0.0|0.0|0.0|0.0|0.0|0.00|0.00|9999
50041357|P|FA|Dalton Pence P • TEX|0.0|0.0|0.0|0.0|0.0|0.0|0.0|0.0|0.0|0.0|0.0|0.0|0.0|0.00|0.00|9999
26861458|P|FA|Anderson Severino P • NYM|0.0|0.0|0.0|0.0|0.0|0.0|0.0|0.0|0.0|0.0|0.0|0.0|0.0|0.00|0.00|9999
50043928|P|FA|Nick Trabacchi P • MIN|0.0|0.0|0.0|0.0|0.0|0.0|0.0|0.0|0.0|0.0|0.0|0.0|0.0|0.00|0.00|9999
2443613|P|FA|Chris Flexen P • CHC|0.0|0.0|0.0|0.0|0.0|0.0|0.0|0.0|0.0|0.0|0.0|0.0|0.0|0.00|0.00|9999
1725478|P|FA|Tyler Chatwood P • PIT|0.0|0.0|0.0|0.0|0.0|0.0|0.0|0.0|0.0|0.0|0.0|0.0|0.0|0.00|0.00|9999
50041362|P|FA|Landon Harmon P • WAS|0.0|0.0|0.0|0.0|0.0|0.0|0.0|0.0|0.0|0.0|0.0|0.0|0.0|0.00|0.00|9999
1794703|P|FA|Stetson Allie P • TB|0.0|0.0|0.0|0.0|0.0|0.0|0.0|0.0|0.0|0.0|0.0|0.0|0.0|0.00|0.00|9999
2835078|P|FA|Tanner Houck P • BOS|0.0|0.0|0.0|0.0|0.0|0.0|0.0|0.0|0.0|0.0|0.0|0.0|0.0|0.00|0.00|9999
29644498|P|FA|Levi Sterling P • PIT|0.0|0.0|0.0|0.0|0.0|0.0|0.0|0.0|0.0|0.0|0.0|0.0|0.0|0.00|0.00|9999
26912507|P|FA|Jimmy Endersby P • HOU|0.0|0.0|0.0|0.0|0.0|0.0|0.0|0.0|0.0|0.0|0.0|0.0|0.0|0.00|0.00|9999
2066310|P|FA|Rob Kaminsky P • STL|0.0|0.0|0.0|0.0|0.0|0.0|0.0|0.0|0.0|0.0|0.0|0.0|0.0|0.00|0.00|9999
26635161|P|FA|Nick Robertson P • LAD|0.0|0.0|0.0|0.0|0.0|0.0|0.0|0.0|0.0|0.0|0.0|0.0|0.0|0.00|0.00|9999
2931289|P|FA|Yohanse Morel P • KC|0.0|0.0|0.0|0.0|0.0|0.0|0.0|0.0|0.0|0.0|0.0|0.0|0.0|0.00|0.00|9999
29077335|P|FA|Andrew Hoffmann P • PHI|0.0|0.0|0.0|0.0|0.0|0.0|0.0|0.0|0.0|0.0|0.0|0.0|0.0|0.00|0.00|9999
29644486|P|FA|Chase Mobley P • CLE|0.0|0.0|0.0|0.0|0.0|0.0|0.0|0.0|0.0|0.0|0.0|0.0|0.0|0.00|0.00|9999
29077090|P|FA|Dalton Roach P • STL|0.0|0.0|0.0|0.0|0.0|0.0|0.0|0.0|0.0|0.0|0.0|0.0|0.0|0.00|0.00|9999
29354500|P|FA|Valentin Linarez P • PIT|0.0|0.0|0.0|0.0|0.0|0.0|0.0|0.0|0.0|0.0|0.0|0.0|0.0|0.00|0.00|9999
28838277|P|FA|Ian Leatherman P • TB|0.0|0.0|0.0|0.0|0.0|0.0|0.0|0.0|0.0|0.0|0.0|0.0|0.0|0.00|0.00|9999
2835966|P|FA|Emilker Guzman P • LAA|0.0|0.0|0.0|0.0|0.0|0.0|0.0|0.0|0.0|0.0|0.0|0.0|0.0|0.00|0.00|9999
2932049|P|FA|Jayson Schroeder P • HOU|0.0|0.0|0.0|0.0|0.0|0.0|0.0|0.0|0.0|0.0|0.0|0.0|0.0|0.00|0.00|9999
2921611|P|FA|Logan Lombana P • MIN|0.0|0.0|0.0|0.0|0.0|0.0|0.0|0.0|0.0|0.0|0.0|0.0|0.0|0.00|0.00|9999
29644413|P|FA|Ethan Bagwell P • ATL|0.0|0.0|0.0|0.0|0.0|0.0|0.0|0.0|0.0|0.0|0.0|0.0|0.0|0.00|0.00|9999
2830066|P|FA|Jack Dallas P • PHI|0.0|0.0|0.0|0.0|0.0|0.0|0.0|0.0|0.0|0.0|0.0|0.0|0.0|0.00|0.00|9999
3157100|P|FA|Joe Barlow P • TEX|0.0|0.0|0.0|0.0|0.0|0.0|0.0|0.0|0.0|0.0|0.0|0.0|0.0|0.00|0.00|9999
29644474|P|FA|Griffin Herring P • COL|0.0|0.0|0.0|0.0|0.0|0.0|0.0|0.0|0.0|0.0|0.0|0.0|0.0|0.00|0.00|9999
1987620|P|FA|Adonys Cardona P • TOR|0.0|0.0|0.0|0.0|0.0|0.0|0.0|0.0|0.0|0.0|0.0|0.0|0.0|0.00|0.00|9999
50041330|P|FA|Ryan Lambert P • NYM|0.0|0.0|0.0|0.0|0.0|0.0|0.0|0.0|0.0|0.0|0.0|0.0|0.0|0.00|0.00|9999
29675136|P|FA|Shinnosuke Ogasawara P • WAS|0.0|0.0|0.0|0.0|0.0|0.0|0.0|0.0|0.0|0.0|0.0|0.0|0.0|0.00|0.00|9999
29644492|P|FA|Ethan Schiefelbein P • DET|0.0|0.0|0.0|0.0|0.0|0.0|0.0|0.0|0.0|0.0|0.0|0.0|0.0|0.00|0.00|9999
3152270|P|FA|Stephen Woods P • KC|0.0|0.0|0.0|0.0|0.0|0.0|0.0|0.0|0.0|0.0|0.0|0.0|0.0|0.00|0.00|9999
2915786|P|FA|Yoanys Quiala P • SF|0.0|0.0|0.0|0.0|0.0|0.0|0.0|0.0|0.0|0.0|0.0|0.0|0.0|0.00|0.00|9999
3166984|P|FA|Braeden Ogle P • PIT|0.0|0.0|0.0|0.0|0.0|0.0|0.0|0.0|0.0|0.0|0.0|0.0|0.0|0.00|0.00|9999
29077672|P|FA|Nick Nastrini P • LAD|0.0|0.0|0.0|0.0|0.0|0.0|0.0|0.0|0.0|0.0|0.0|0.0|0.0|0.00|0.00|9999
50041095|P|FA|Aaron Watson P • CIN|0.0|0.0|0.0|0.0|0.0|0.0|0.0|0.0|0.0|0.0|0.0|0.0|0.0|0.00|0.00|9999
29342307|P|FA|Justin Meis P • PIT|0.0|0.0|0.0|0.0|0.0|0.0|0.0|0.0|0.0|0.0|0.0|0.0|0.0|0.00|0.00|9999
50043922|P|FA|Josh Blum P • NYM|0.0|0.0|0.0|0.0|0.0|0.0|0.0|0.0|0.0|0.0|0.0|0.0|0.0|0.00|0.00|9999
29034796|P|FA|Adrian Santana P • CHC|0.0|0.0|0.0|0.0|0.0|0.0|0.0|0.0|0.0|0.0|0.0|0.0|0.0|0.00|0.00|9999
26861452|P|FA|Randy Rodriguez P • SF|0.0|0.0|0.0|0.0|0.0|0.0|0.0|0.0|0.0|0.0|0.0|0.0|0.0|0.00|0.00|9999
2739965|P|FA|Daury Torrez P • CHC|0.0|0.0|0.0|0.0|0.0|0.0|0.0|0.0|0.0|0.0|0.0|0.0|0.0|0.00|0.00|9999
26911818|P|FA|Chad Dallas P • TOR|0.0|0.0|0.0|0.0|0.0|0.0|0.0|0.0|0.0|0.0|0.0|0.0|0.0|0.00|0.00|9999
2118874|P|FA|Chad Green P • TOR|0.0|0.0|0.0|0.0|0.0|0.0|0.0|0.0|0.0|0.0|0.0|0.0|0.0|0.00|0.00|9999
2036154|P|FA|Alex Wood P • ATH|0.0|0.0|0.0|0.0|0.0|0.0|0.0|0.0|0.0|0.0|0.0|0.0|0.0|0.00|0.00|9999
2824791|P|FA|Oliver Ortega P • NYM|0.0|0.0|0.0|0.0|0.0|0.0|0.0|0.0|0.0|0.0|0.0|0.0|0.0|0.00|0.00|9999
29089080|P|FA|Tristan Stivors P • CHW|0.0|0.0|0.0|0.0|0.0|0.0|0.0|0.0|0.0|0.0|0.0|0.0|0.0|0.00|0.00|9999
3158534|P|FA|Mac Marshall P • SF|0.0|0.0|0.0|0.0|0.0|0.0|0.0|0.0|0.0|0.0|0.0|0.0|0.0|0.00|0.00|9999
29352614|P|FA|Denny Bentley P • MIN|0.0|0.0|0.0|0.0|0.0|0.0|0.0|0.0|0.0|0.0|0.0|0.0|0.0|0.00|0.00|9999
2836570|P|FA|Charlie Barnes P • LAD|0.0|0.0|0.0|0.0|0.0|0.0|0.0|0.0|0.0|0.0|0.0|0.0|0.0|0.00|0.00|9999
26911809|P|FA|Michael Morales P • SEA|0.0|0.0|0.0|0.0|0.0|0.0|0.0|0.0|0.0|0.0|0.0|0.0|0.0|0.00|0.00|9999
28838091|P|FA|Mitchell Stumpo P • ARI|0.0|0.0|0.0|0.0|0.0|0.0|0.0|0.0|0.0|0.0|0.0|0.0|0.0|0.00|0.00|9999
50044142|P|FA|Kelly Austin P • NYY|0.0|0.0|0.0|0.0|0.0|0.0|0.0|0.0|0.0|0.0|0.0|0.0|0.0|0.00|0.00|9999
50043454|P|FA|Alexander Alberto P • CHW|0.0|0.0|0.0|0.0|0.0|0.0|0.0|0.0|0.0|0.0|0.0|0.0|0.0|0.00|0.00|9999
2507336|P|FA|Joey Lucchesi P • LAA|0.0|0.0|0.0|0.0|0.0|0.0|0.0|0.0|0.0|0.0|0.0|0.0|0.0|0.00|0.00|9999
2449983|P|FA|Keegan Akin P • BAL|0.0|0.0|0.0|0.0|0.0|0.0|0.0|0.0|0.0|0.0|0.0|0.0|0.0|0.00|0.00|9999
3152116|P|FA|Matthew Thompson P • CHW|0.0|0.0|0.0|0.0|0.0|0.0|0.0|0.0|0.0|0.0|0.0|0.0|0.0|0.00|0.00|9999
2921367|P|FA|Patrick Ruotolo P • SF|0.0|0.0|0.0|0.0|0.0|0.0|0.0|0.0|0.0|0.0|0.0|0.0|0.0|0.00|0.00|9999
2218313|P|FA|Matt Carasiti P • ATL|0.0|0.0|0.0|0.0|0.0|0.0|0.0|0.0|0.0|0.0|0.0|0.0|0.0|0.00|0.00|9999
2821213|P|FA|Adbert Alzolay P • NYM|0.0|0.0|0.0|0.0|0.0|0.0|0.0|0.0|0.0|0.0|0.0|0.0|0.0|0.00|0.00|9999
2804234|P|FA|Wendolyn Bautista P • SF|0.0|0.0|0.0|0.0|0.0|0.0|0.0|0.0|0.0|0.0|0.0|0.0|0.0|0.00|0.00|9999
2825259|P|FA|Luis Ramirez P • PHI|0.0|0.0|0.0|0.0|0.0|0.0|0.0|0.0|0.0|0.0|0.0|0.0|0.0|0.00|0.00|9999
2226389|P|FA|Tyler Mapes P • WAS|0.0|0.0|0.0|0.0|0.0|0.0|0.0|0.0|0.0|0.0|0.0|0.0|0.0|0.00|0.00|9999
29092530|P|FA|T.J. Brock P • TOR|0.0|0.0|0.0|0.0|0.0|0.0|0.0|0.0|0.0|0.0|0.0|0.0|0.0|0.00|0.00|9999
29672112|P|FA|Ryan Och P • SD|0.0|0.0|0.0|0.0|0.0|0.0|0.0|0.0|0.0|0.0|0.0|0.0|0.0|0.00|0.00|9999
29632449|P|FA|Ryan Webb P • CLE|0.0|0.0|0.0|0.0|0.0|0.0|0.0|0.0|0.0|0.0|0.0|0.0|0.0|0.00|0.00|9999
50044384|P|FA|Hunter Parks P • CIN|0.0|0.0|0.0|0.0|0.0|0.0|0.0|0.0|0.0|0.0|0.0|0.0|0.0|0.00|0.00|9999
29085282|P|FA|Coleman Huntley P • ATL|0.0|0.0|0.0|0.0|0.0|0.0|0.0|0.0|0.0|0.0|0.0|0.0|0.0|0.00|0.00|9999
29075756|P|FA|Richard Fitts P • STL|0.0|0.0|0.0|0.0|0.0|0.0|0.0|0.0|0.0|0.0|0.0|0.0|0.0|0.00|0.00|9999
2933155|P|FA|Connor Van Scoyoc P • WAS|0.0|0.0|0.0|0.0|0.0|0.0|0.0|0.0|0.0|0.0|0.0|0.0|0.0|0.00|0.00|9999
29345487|P|FA|Pedro Santos P • ATH|0.0|0.0|0.0|0.0|0.0|0.0|0.0|0.0|0.0|0.0|0.0|0.0|0.0|0.00|0.00|9999
2836746|P|FA|Seth Corry P • SF|0.0|0.0|0.0|0.0|0.0|0.0|0.0|0.0|0.0|0.0|0.0|0.0|0.0|0.00|0.00|9999
2932060|P|FA|Lenny Torres P • PHI|0.0|0.0|0.0|0.0|0.0|0.0|0.0|0.0|0.0|0.0|0.0|0.0|0.0|0.00|0.00|9999
2921502|P|FA|Conor Fisk P • TOR|0.0|0.0|0.0|0.0|0.0|0.0|0.0|0.0|0.0|0.0|0.0|0.0|0.0|0.00|0.00|9999
2821135|P|FA|Jorge Alcala P • TOR|0.0|0.0|0.0|0.0|0.0|0.0|0.0|0.0|0.0|0.0|0.0|0.0|0.0|0.00|0.00|9999
29679110|P|FA|Konnor Ash P • PHI|0.0|0.0|0.0|0.0|0.0|0.0|0.0|0.0|0.0|0.0|0.0|0.0|0.0|0.00|0.00|9999
2791773|P|FA|Mark Peterson P • KC|0.0|0.0|0.0|0.0|0.0|0.0|0.0|0.0|0.0|0.0|0.0|0.0|0.0|0.00|0.00|9999
50043936|P|FA|Cohen Achen P • BAL|0.0|0.0|0.0|0.0|0.0|0.0|0.0|0.0|0.0|0.0|0.0|0.0|0.0|0.00|0.00|9999
29295970|P|FA|Adam Serwinowski P • LAD|0.0|0.0|0.0|0.0|0.0|0.0|0.0|0.0|0.0|0.0|0.0|0.0|0.0|0.00|0.00|9999
1662777|P|FA|Daniel Bard P • COL|0.0|0.0|0.0|0.0|0.0|0.0|0.0|0.0|0.0|0.0|0.0|0.0|0.0|0.00|0.00|9999
29660106|P|FA|Felix Arronde P • KC|0.0|0.0|0.0|0.0|0.0|0.0|0.0|0.0|0.0|0.0|0.0|0.0|0.0|0.00|0.00|9999
29687312|P|FA|Angel Cuenca P • STL|0.0|0.0|0.0|0.0|0.0|0.0|0.0|0.0|0.0|0.0|0.0|0.0|0.0|0.00|0.00|9999
29342368|P|FA|Tyler Woessner P • MIL|0.0|0.0|0.0|0.0|0.0|0.0|0.0|0.0|0.0|0.0|0.0|0.0|0.0|0.00|0.00|9999
2136389|P|FA|Tyler Beede P • CHC|0.0|0.0|0.0|0.0|0.0|0.0|0.0|0.0|0.0|0.0|0.0|0.0|0.0|0.00|0.00|9999
29091330|P|FA|Brett Schulze P • PHI|0.0|0.0|0.0|0.0|0.0|0.0|0.0|0.0|0.0|0.0|0.0|0.0|0.0|0.00|0.00|9999
29687807|P|FA|Edgar Isea P • ARI|0.0|0.0|0.0|0.0|0.0|0.0|0.0|0.0|0.0|0.0|0.0|0.0|0.0|0.00|0.00|9999
28920018|P|FA|Dylan Lesko P • TB|0.0|0.0|0.0|0.0|0.0|0.0|0.0|0.0|0.0|0.0|0.0|0.0|0.0|0.00|0.00|9999
2837483|P|FA|Hunter Schryver P • CHW|0.0|0.0|0.0|0.0|0.0|0.0|0.0|0.0|0.0|0.0|0.0|0.0|0.0|0.00|0.00|9999
2932649|P|FA|Devin Conn P • HOU|0.0|0.0|0.0|0.0|0.0|0.0|0.0|0.0|0.0|0.0|0.0|0.0|0.0|0.00|0.00|9999
28841195|P|FA|Justin Yeager P • SD|0.0|0.0|0.0|0.0|0.0|0.0|0.0|0.0|0.0|0.0|0.0|0.0|0.0|0.00|0.00|9999
2029065|P|FA|Starling Peralta P • CHC|0.0|0.0|0.0|0.0|0.0|0.0|0.0|0.0|0.0|0.0|0.0|0.0|0.0|0.00|0.00|9999
2826366|P|FA|Dauris Valdez P • SEA|0.0|0.0|0.0|0.0|0.0|0.0|0.0|0.0|0.0|0.0|0.0|0.0|0.0|0.00|0.00|9999
29077607|P|FA|Emiliano Teodo P • TEX|0.0|0.0|0.0|0.0|0.0|0.0|0.0|0.0|0.0|0.0|0.0|0.0|0.0|0.00|0.00|9999
2837221|P|FA|Michael Mercado P • PHI|0.0|0.0|0.0|0.0|0.0|0.0|0.0|0.0|0.0|0.0|0.0|0.0|0.0|0.00|0.00|9999
50044138|P|FA|Jose Davila P • STL|0.0|0.0|0.0|0.0|0.0|0.0|0.0|0.0|0.0|0.0|0.0|0.0|0.0|0.00|0.00|9999
50042246|P|FA|Eliazar Dishmey P • MIA|0.0|0.0|0.0|0.0|0.0|0.0|0.0|0.0|0.0|0.0|0.0|0.0|0.0|0.00|0.00|9999
2846092|P|FA|Jason Alexander P • HOU|0.0|0.0|0.0|0.0|0.0|0.0|0.0|0.0|0.0|0.0|0.0|0.0|0.0|0.00|0.00|9999
29678057|P|FA|Connor Noland P • CHC|0.0|0.0|0.0|0.0|0.0|0.0|0.0|0.0|0.0|0.0|0.0|0.0|0.0|0.00|0.00|9999
2804688|P|FA|Joe Pistorese P • SEA|0.0|0.0|0.0|0.0|0.0|0.0|0.0|0.0|0.0|0.0|0.0|0.0|0.0|0.00|0.00|9999
3094394|P|FA|Connor Johnstone P • ATL|0.0|0.0|0.0|0.0|0.0|0.0|0.0|0.0|0.0|0.0|0.0|0.0|0.0|0.00|0.00|9999
29077591|P|FA|Brayan Medina P • MIN|0.0|0.0|0.0|0.0|0.0|0.0|0.0|0.0|0.0|0.0|0.0|0.0|0.0|0.00|0.00|9999
29075786|P|FA|Walter Ford P • SEA|0.0|0.0|0.0|0.0|0.0|0.0|0.0|0.0|0.0|0.0|0.0|0.0|0.0|0.00|0.00|9999
2822783|P|FA|Mike Franco P • TB|0.0|0.0|0.0|0.0|0.0|0.0|0.0|0.0|0.0|0.0|0.0|0.0|0.0|0.00|0.00|9999
2933158|P|FA|Gus Varland P • WAS|0.0|0.0|0.0|0.0|0.0|0.0|0.0|0.0|0.0|0.0|0.0|0.0|0.0|0.00|0.00|9999
3166652|P|FA|Garrett Stallings P • MIL|0.0|0.0|0.0|0.0|0.0|0.0|0.0|0.0|0.0|0.0|0.0|0.0|0.0|0.00|0.00|9999
2044244|P|FA|Andrew Barbosa P • MIL|0.0|0.0|0.0|0.0|0.0|0.0|0.0|0.0|0.0|0.0|0.0|0.0|0.0|0.00|0.00|9999
29322037|P|FA|Jesus Tillero P • LAD|0.0|0.0|0.0|0.0|0.0|0.0|0.0|0.0|0.0|0.0|0.0|0.0|0.0|0.00|0.00|9999
555244|P|FA|Rich Hill P • KC|0.0|0.0|0.0|0.0|0.0|0.0|0.0|0.0|0.0|0.0|0.0|0.0|0.0|0.00|0.00|9999
29660655|P|FA|Humberto Cruz P • SD|0.0|0.0|0.0|0.0|0.0|0.0|0.0|0.0|0.0|0.0|0.0|0.0|0.0|0.00|0.00|9999
29085659|P|FA|Blake Beers P • ATH|0.0|0.0|0.0|0.0|0.0|0.0|0.0|0.0|0.0|0.0|0.0|0.0|0.0|0.00|0.00|9999
2051168|P|FA|Chase Huchingson P • NYM|0.0|0.0|0.0|0.0|0.0|0.0|0.0|0.0|0.0|0.0|0.0|0.0|0.0|0.00|0.00|9999
29678151|P|FA|Chris Clark P • LAA|0.0|0.0|0.0|0.0|0.0|0.0|0.0|0.0|0.0|0.0|0.0|0.0|0.0|0.00|0.00|9999
2044533|P|FA|Ross Stripling P • KC|0.0|0.0|0.0|0.0|0.0|0.0|0.0|0.0|0.0|0.0|0.0|0.0|0.0|0.00|0.00|9999
3085541|P|FA|Corbin Clouse P • ATL|0.0|0.0|0.0|0.0|0.0|0.0|0.0|0.0|0.0|0.0|0.0|0.0|0.0|0.00|0.00|9999
29085029|P|FA|Yeury Gervacio P • CLE|0.0|0.0|0.0|0.0|0.0|0.0|0.0|0.0|0.0|0.0|0.0|0.0|0.0|0.00|0.00|9999
29686889|P|FA|Bayden Root P • MIL|0.0|0.0|0.0|0.0|0.0|0.0|0.0|0.0|0.0|0.0|0.0|0.0|0.0|0.00|0.00|9999
2932819|P|FA|Nolan Hoffman P • KC|0.0|0.0|0.0|0.0|0.0|0.0|0.0|0.0|0.0|0.0|0.0|0.0|0.0|0.00|0.00|9999
29321880|P|FA|Casey Anderson P • ARI|0.0|0.0|0.0|0.0|0.0|0.0|0.0|0.0|0.0|0.0|0.0|0.0|0.0|0.00|0.00|9999
2835070|P|FA|Alex Faedo P • TB|0.0|0.0|0.0|0.0|0.0|0.0|0.0|0.0|0.0|0.0|0.0|0.0|0.0|0.00|0.00|9999
29342315|P|FA|Gabe Mosser P • SEA|0.0|0.0|0.0|0.0|0.0|0.0|0.0|0.0|0.0|0.0|0.0|0.0|0.0|0.00|0.00|9999
2059472|P|FA|D.J. Baxendale P • MIN|0.0|0.0|0.0|0.0|0.0|0.0|0.0|0.0|0.0|0.0|0.0|0.0|0.0|0.00|0.00|9999
2117126|P|FA|Greg Nappo P • MIA|0.0|0.0|0.0|0.0|0.0|0.0|0.0|0.0|0.0|0.0|0.0|0.0|0.0|0.00|0.00|9999
29075511|P|FA|Connor Staine P • COL|0.0|0.0|0.0|0.0|0.0|0.0|0.0|0.0|0.0|0.0|0.0|0.0|0.0|0.00|0.00|9999
29092515|P|FA|Logan Hofmann P • PIT|0.0|0.0|0.0|0.0|0.0|0.0|0.0|0.0|0.0|0.0|0.0|0.0|0.0|0.00|0.00|9999
29693363|P|FA|Jack Sellinger P • MIA|0.0|0.0|0.0|0.0|0.0|0.0|0.0|0.0|0.0|0.0|0.0|0.0|0.0|0.00|0.00|9999
3117914|P|FA|Jackson Rutledge P • PHI|0.0|0.0|0.0|0.0|0.0|0.0|0.0|0.0|0.0|0.0|0.0|0.0|0.0|0.00|0.00|9999
2211792|P|FA|Albert Abreu P • CIN|0.0|0.0|0.0|0.0|0.0|0.0|0.0|0.0|0.0|0.0|0.0|0.0|0.0|0.00|0.00|9999
3152859|P|FA|Dylan Rheault P • SF|0.0|0.0|0.0|0.0|0.0|0.0|0.0|0.0|0.0|0.0|0.0|0.0|0.0|0.00|0.00|9999
2932660|P|FA|Austin Cox P • ATL|0.0|0.0|0.0|0.0|0.0|0.0|0.0|0.0|0.0|0.0|0.0|0.0|0.0|0.00|0.00|9999
29679088|P|FA|Sean Linan P • WAS|0.0|0.0|0.0|0.0|0.0|0.0|0.0|0.0|0.0|0.0|0.0|0.0|0.0|0.00|0.00|9999
2921413|P|FA|Austin Mason P • ARI|0.0|0.0|0.0|0.0|0.0|0.0|0.0|0.0|0.0|0.0|0.0|0.0|0.0|0.00|0.00|9999
2507523|P|FA|Angel Perdomo P • LAA|0.0|0.0|0.0|0.0|0.0|0.0|0.0|0.0|0.0|0.0|0.0|0.0|0.0|0.00|0.00|9999
2615375|P|FA|Brian Holmes P • HOU|0.0|0.0|0.0|0.0|0.0|0.0|0.0|0.0|0.0|0.0|0.0|0.0|0.0|0.00|0.00|9999
2169912|P|FA|Paul Fry P • TOR|0.0|0.0|0.0|0.0|0.0|0.0|0.0|0.0|0.0|0.0|0.0|0.0|0.0|0.00|0.00|9999
3094347|P|FA|Austin Krzeminski P • LAA|0.0|0.0|0.0|0.0|0.0|0.0|0.0|0.0|0.0|0.0|0.0|0.0|0.0|0.00|0.00|9999
29342247|P|FA|Bailey Dees P • NYY|0.0|0.0|0.0|0.0|0.0|0.0|0.0|0.0|0.0|0.0|0.0|0.0|0.0|0.00|0.00|9999
50044111|P|FA|Will Cannon P • CIN|0.0|0.0|0.0|0.0|0.0|0.0|0.0|0.0|0.0|0.0|0.0|0.0|0.0|0.00|0.00|9999
2170015|P|FA|Tyson Perez P • HOU|0.0|0.0|0.0|0.0|0.0|0.0|0.0|0.0|0.0|0.0|0.0|0.0|0.0|0.00|0.00|9999
29091128|P|FA|Jordan Geber P • NYM|0.0|0.0|0.0|0.0|0.0|0.0|0.0|0.0|0.0|0.0|0.0|0.0|0.0|0.00|0.00|9999
2217335|P|FA|Colin Kleven P • CHW|0.0|0.0|0.0|0.0|0.0|0.0|0.0|0.0|0.0|0.0|0.0|0.0|0.0|0.00|0.00|9999
28838029|P|FA|Brandon S. White P • ATL|0.0|0.0|0.0|0.0|0.0|0.0|0.0|0.0|0.0|0.0|0.0|0.0|0.0|0.00|0.00|9999
29678314|P|FA|Shane Murphy P • CHW|0.0|0.0|0.0|0.0|0.0|0.0|0.0|0.0|0.0|0.0|0.0|0.0|0.0|0.00|0.00|9999
29342340|P|FA|Frankie Scalzo P • CHC|0.0|0.0|0.0|0.0|0.0|0.0|0.0|0.0|0.0|0.0|0.0|0.0|0.0|0.00|0.00|9999
50047465|P|FA|Nolan Perry P • TOR|0.0|0.0|0.0|0.0|0.0|0.0|0.0|0.0|0.0|0.0|0.0|0.0|0.0|0.00|0.00|9999
2932852|P|FA|Nolan Kingham P • SEA|0.0|0.0|0.0|0.0|0.0|0.0|0.0|0.0|0.0|0.0|0.0|0.0|0.0|0.00|0.00|9999
50043946|P|FA|Luke Fox P • LAD|0.0|0.0|0.0|0.0|0.0|0.0|0.0|0.0|0.0|0.0|0.0|0.0|0.0|0.00|0.00|9999
3152063|P|FA|Hyun-il Choi P • LAD|0.0|0.0|0.0|0.0|0.0|0.0|0.0|0.0|0.0|0.0|0.0|0.0|0.0|0.00|0.00|9999
2837636|P|FA|Will Vest P • DET|0.0|0.0|0.0|0.0|0.0|0.0|0.0|0.0|0.0|0.0|0.0|0.0|0.0|0.00|0.00|9999
29038651|P|FA|Jose Hernandez P • LAD|0.0|0.0|0.0|0.0|0.0|0.0|0.0|0.0|0.0|0.0|0.0|0.0|0.0|0.00|0.00|9999
2050506|P|FA|Stephen Kohlscheen P • MIL|0.0|0.0|0.0|0.0|0.0|0.0|0.0|0.0|0.0|0.0|0.0|0.0|0.0|0.00|0.00|9999
50058211|P|FA|Caden Townsend P • CHC|0.0|0.0|0.0|0.0|0.0|0.0|0.0|0.0|0.0|0.0|0.0|0.0|0.0|0.00|0.00|9999
26615425|P|FA|Junior Santos P • WAS|0.0|0.0|0.0|0.0|0.0|0.0|0.0|0.0|0.0|0.0|0.0|0.0|0.0|0.00|0.00|9999
2122175|P|FA|Neil Holland P • WAS|0.0|0.0|0.0|0.0|0.0|0.0|0.0|0.0|0.0|0.0|0.0|0.0|0.0|0.00|0.00|9999
29349534|P|FA|Alex Rao P • PHI|0.0|0.0|0.0|0.0|0.0|0.0|0.0|0.0|0.0|0.0|0.0|0.0|0.0|0.00|0.00|9999
2449984|P|FA|Josh Pennington P • BOS|0.0|0.0|0.0|0.0|0.0|0.0|0.0|0.0|0.0|0.0|0.0|0.0|0.0|0.00|0.00|9999
1784973|P|FA|Alex Cobb P • DET|0.0|0.0|0.0|0.0|0.0|0.0|0.0|0.0|0.0|0.0|0.0|0.0|0.0|0.00|0.00|9999
50044803|P|FA|Jorger Petri P • DET|0.0|0.0|0.0|0.0|0.0|0.0|0.0|0.0|0.0|0.0|0.0|0.0|0.0|0.00|0.00|9999
29644464|P|FA|Clark Candiotti P • SD|0.0|0.0|0.0|0.0|0.0|0.0|0.0|0.0|0.0|0.0|0.0|0.0|0.0|0.00|0.00|9999
28846905|P|FA|Evan Elliott P • TEX|0.0|0.0|0.0|0.0|0.0|0.0|0.0|0.0|0.0|0.0|0.0|0.0|0.0|0.00|0.00|9999
29677743|P|FA|Isaac Stebens P • BOS|0.0|0.0|0.0|0.0|0.0|0.0|0.0|0.0|0.0|0.0|0.0|0.0|0.0|0.00|0.00|9999
29632439|P|FA|Austin Peterson P • CLE|0.0|0.0|0.0|0.0|0.0|0.0|0.0|0.0|0.0|0.0|0.0|0.0|0.0|0.00|0.00|9999
29077662|P|FA|Luis Perales P • WAS|0.0|0.0|0.0|0.0|0.0|0.0|0.0|0.0|0.0|0.0|0.0|0.0|0.0|0.00|0.00|9999
29344238|P|FA|Juan Encarnacion P • BOS|0.0|0.0|0.0|0.0|0.0|0.0|0.0|0.0|0.0|0.0|0.0|0.0|0.0|0.00|0.00|9999
3093905|P|FA|Kit Scheetz P • HOU|0.0|0.0|0.0|0.0|0.0|0.0|0.0|0.0|0.0|0.0|0.0|0.0|0.0|0.00|0.00|9999
2431359|P|FA|Triston McKenzie P • SD|0.0|0.0|0.0|0.0|0.0|0.0|0.0|0.0|0.0|0.0|0.0|0.0|0.0|0.00|0.00|9999
2932878|P|FA|Zach Linginfelter P • LAA|0.0|0.0|0.0|0.0|0.0|0.0|0.0|0.0|0.0|0.0|0.0|0.0|0.0|0.00|0.00|9999
2915787|P|FA|Bret Helton P • PIT|0.0|0.0|0.0|0.0|0.0|0.0|0.0|0.0|0.0|0.0|0.0|0.0|0.0|0.00|0.00|9999
29657141|P|FA|Henry Baez P • ATH|0.0|0.0|0.0|0.0|0.0|0.0|0.0|0.0|0.0|0.0|0.0|0.0|0.0|0.00|0.00|9999
26616955|P|FA|Kevin Smith P • BAL|0.0|0.0|0.0|0.0|0.0|0.0|0.0|0.0|0.0|0.0|0.0|0.0|0.0|0.00|0.00|9999
3158079|P|FA|Aaron Pinto P • CLE|0.0|0.0|0.0|0.0|0.0|0.0|0.0|0.0|0.0|0.0|0.0|0.0|0.0|0.00|0.00|9999
2044205|P|FA|Jose Cisnero P • LAA|0.0|0.0|0.0|0.0|0.0|0.0|0.0|0.0|0.0|0.0|0.0|0.0|0.0|0.00|0.00|9999
29295960|P|FA|Dylan Ray P • ARI|0.0|0.0|0.0|0.0|0.0|0.0|0.0|0.0|0.0|0.0|0.0|0.0|0.0|0.00|0.00|9999
2837467|P|FA|Matt Sauer P • LAD|0.0|0.0|0.0|0.0|0.0|0.0|0.0|0.0|0.0|0.0|0.0|0.0|0.0|0.00|0.00|9999
29295938|P|FA|Tyler Stuart P • WAS|0.0|0.0|0.0|0.0|0.0|0.0|0.0|0.0|0.0|0.0|0.0|0.0|0.0|0.00|0.00|9999
3118589|P|FA|Stephen Nogosek P • WAS|0.0|0.0|0.0|0.0|0.0|0.0|0.0|0.0|0.0|0.0|0.0|0.0|0.0|0.00|0.00|9999
50037906|P|FA|Gage Stanifer P • TOR|0.0|0.0|0.0|0.0|0.0|0.0|0.0|0.0|0.0|0.0|0.0|0.0|0.0|0.00|0.00|9999
3152117|P|FA|Karl Kauffmann P • COL|0.0|0.0|0.0|0.0|0.0|0.0|0.0|0.0|0.0|0.0|0.0|0.0|0.0|0.00|0.00|9999
2836904|P|FA|Ryan Garcia P • TEX|0.0|0.0|0.0|0.0|0.0|0.0|0.0|0.0|0.0|0.0|0.0|0.0|0.0|0.00|0.00|9999
2932273|P|FA|Solomon Bates P • SF|0.0|0.0|0.0|0.0|0.0|0.0|0.0|0.0|0.0|0.0|0.0|0.0|0.0|0.00|0.00|9999
29066320|P|FA|Adam Shoemaker P • ATL|0.0|0.0|0.0|0.0|0.0|0.0|0.0|0.0|0.0|0.0|0.0|0.0|0.0|0.00|0.00|9999
2932933|P|FA|Tylor Megill P • NYM|0.0|0.0|0.0|0.0|0.0|0.0|0.0|0.0|0.0|0.0|0.0|0.0|0.0|0.00|0.00|9999
50044017|P|FA|Reese Lumpkin P • SEA|0.0|0.0|0.0|0.0|0.0|0.0|0.0|0.0|0.0|0.0|0.0|0.0|0.0|0.00|0.00|9999
2932719|P|FA|Nick Ernst P • NYY|0.0|0.0|0.0|0.0|0.0|0.0|0.0|0.0|0.0|0.0|0.0|0.0|0.0|0.00|0.00|9999
2829359|P|FA|Marco Jimenez P • DET|0.0|0.0|0.0|0.0|0.0|0.0|0.0|0.0|0.0|0.0|0.0|0.0|0.0|0.00|0.00|9999
29321990|P|FA|Luis Morales P • ATH|0.0|0.0|0.0|0.0|0.0|0.0|0.0|0.0|0.0|0.0|0.0|0.0|0.0|0.00|0.00|9999
50043718|P|FA|Connor Schultz P • CHC|0.0|0.0|0.0|0.0|0.0|0.0|0.0|0.0|0.0|0.0|0.0|0.0|0.0|0.00|0.00|9999
1654354|P|FA|Cesar Valdez P • LAA|0.0|0.0|0.0|0.0|0.0|0.0|0.0|0.0|0.0|0.0|0.0|0.0|0.0|0.00|0.00|9999
2826011|P|FA|Matt Solter P • SF|0.0|0.0|0.0|0.0|0.0|0.0|0.0|0.0|0.0|0.0|0.0|0.0|0.0|0.00|0.00|9999
50048686|P|FA|Caden Hunter P • BAL|0.0|0.0|0.0|0.0|0.0|0.0|0.0|0.0|0.0|0.0|0.0|0.0|0.0|0.00|0.00|9999
29672334|P|FA|Dale Stanavich P • MIA|0.0|0.0|0.0|0.0|0.0|0.0|0.0|0.0|0.0|0.0|0.0|0.0|0.0|0.00|0.00|9999
50041317|P|FA|Nate Snead P • LAA|0.0|0.0|0.0|0.0|0.0|0.0|0.0|0.0|0.0|0.0|0.0|0.0|0.0|0.00|0.00|9999
2836779|P|FA|Hagen Danner P • CIN|0.0|0.0|0.0|0.0|0.0|0.0|0.0|0.0|0.0|0.0|0.0|0.0|0.0|0.00|0.00|9999
2836648|P|FA|Matt Brill P • WAS|0.0|0.0|0.0|0.0|0.0|0.0|0.0|0.0|0.0|0.0|0.0|0.0|0.0|0.00|0.00|9999
2797616|P|FA|Trevor Kelley P • SEA|0.0|0.0|0.0|0.0|0.0|0.0|0.0|0.0|0.0|0.0|0.0|0.0|0.0|0.00|0.00|9999
2750313|P|FA|Scott Griggs P • COL|0.0|0.0|0.0|0.0|0.0|0.0|0.0|0.0|0.0|0.0|0.0|0.0|0.0|0.00|0.00|9999
2932784|P|FA|Zach Greene P • NYY|0.0|0.0|0.0|0.0|0.0|0.0|0.0|0.0|0.0|0.0|0.0|0.0|0.0|0.00|0.00|9999
29342369|P|FA|Cameron Wynne P • PHI|0.0|0.0|0.0|0.0|0.0|0.0|0.0|0.0|0.0|0.0|0.0|0.0|0.0|0.00|0.00|9999
3094353|P|FA|Rodrigo Benoit P • MIL|0.0|0.0|0.0|0.0|0.0|0.0|0.0|0.0|0.0|0.0|0.0|0.0|0.0|0.00|0.00|9999
28837046|P|FA|Ben Leeper P • CHC|0.0|0.0|0.0|0.0|0.0|0.0|0.0|0.0|0.0|0.0|0.0|0.0|0.0|0.00|0.00|9999
2837099|P|FA|AJ Labas P • MIN|0.0|0.0|0.0|0.0|0.0|0.0|0.0|0.0|0.0|0.0|0.0|0.0|0.0|0.00|0.00|9999
2826525|P|FA|Tyler Viza P • PHI|0.0|0.0|0.0|0.0|0.0|0.0|0.0|0.0|0.0|0.0|0.0|0.0|0.0|0.00|0.00|9999
50042243|P|FA|Stharlin Torres P • CIN|0.0|0.0|0.0|0.0|0.0|0.0|0.0|0.0|0.0|0.0|0.0|0.0|0.0|0.00|0.00|9999
29675444|P|FA|Jhosmer Alvarez P • ARI|0.0|0.0|0.0|0.0|0.0|0.0|0.0|0.0|0.0|0.0|0.0|0.0|0.0|0.00|0.00|9999
29077347|P|FA|Marcus Johnson P • TB|0.0|0.0|0.0|0.0|0.0|0.0|0.0|0.0|0.0|0.0|0.0|0.0|0.0|0.00|0.00|9999
2782921|P|FA|Shawn Haviland P • BOS|0.0|0.0|0.0|0.0|0.0|0.0|0.0|0.0|0.0|0.0|0.0|0.0|0.0|0.00|0.00|9999
2836853|P|FA|Alex FaGalde P • STL|0.0|0.0|0.0|0.0|0.0|0.0|0.0|0.0|0.0|0.0|0.0|0.0|0.0|0.00|0.00|9999
2027413|P|FA|Hunter Strickland P • LAA|0.0|0.0|0.0|0.0|0.0|0.0|0.0|0.0|0.0|0.0|0.0|0.0|0.0|0.00|0.00|9999
29084160|P|FA|Noah Skirrow P • PHI|0.0|0.0|0.0|0.0|0.0|0.0|0.0|0.0|0.0|0.0|0.0|0.0|0.0|0.00|0.00|9999
29088720|P|FA|Max Bain P • CHC|0.0|0.0|0.0|0.0|0.0|0.0|0.0|0.0|0.0|0.0|0.0|0.0|0.0|0.00|0.00|9999
2824573|P|FA|Juan Mota P • CLE|0.0|0.0|0.0|0.0|0.0|0.0|0.0|0.0|0.0|0.0|0.0|0.0|0.0|0.00|0.00|9999
29658254|P|FA|Skylar Hales P • STL|0.0|0.0|0.0|0.0|0.0|0.0|0.0|0.0|0.0|0.0|0.0|0.0|0.0|0.00|0.00|9999
2118885|P|FA|Paolo Espino P • TOR|0.0|0.0|0.0|0.0|0.0|0.0|0.0|0.0|0.0|0.0|0.0|0.0|0.0|0.00|0.00|9999
3095381|P|FA|Justin Donatella P • ARI|0.0|0.0|0.0|0.0|0.0|0.0|0.0|0.0|0.0|0.0|0.0|0.0|0.0|0.00|0.00|9999
2921533|P|FA|Esmerling De La Rosa P • MIA|0.0|0.0|0.0|0.0|0.0|0.0|0.0|0.0|0.0|0.0|0.0|0.0|0.0|0.00|0.00|9999
50044856|P|FA|Reid Johnston P • CLE|0.0|0.0|0.0|0.0|0.0|0.0|0.0|0.0|0.0|0.0|0.0|0.0|0.0|0.00|0.00|9999
29632448|P|FA|Luke Holman P • CIN|0.0|0.0|0.0|0.0|0.0|0.0|0.0|0.0|0.0|0.0|0.0|0.0|0.0|0.00|0.00|9999
2825960|P|FA|Dalbert Siri P • CLE|0.0|0.0|0.0|0.0|0.0|0.0|0.0|0.0|0.0|0.0|0.0|0.0|0.0|0.00|0.00|9999
29687805|P|FA|Jackson Finley P • ATH|0.0|0.0|0.0|0.0|0.0|0.0|0.0|0.0|0.0|0.0|0.0|0.0|0.0|0.00|0.00|9999
2921352|P|FA|Estarlin Arias P • STL|0.0|0.0|0.0|0.0|0.0|0.0|0.0|0.0|0.0|0.0|0.0|0.0|0.0|0.00|0.00|9999
50044967|P|FA|Draven Zeigler P • PIT|0.0|0.0|0.0|0.0|0.0|0.0|0.0|0.0|0.0|0.0|0.0|0.0|0.0|0.00|0.00|9999
2227131|P|FA|Frank Lopez P • TEX|0.0|0.0|0.0|0.0|0.0|0.0|0.0|0.0|0.0|0.0|0.0|0.0|0.0|0.00|0.00|9999
26911819|P|FA|Indigo Diaz P • ARI|0.0|0.0|0.0|0.0|0.0|0.0|0.0|0.0|0.0|0.0|0.0|0.0|0.0|0.00|0.00|9999
2837398|P|FA|Blake Rivera P • SF|0.0|0.0|0.0|0.0|0.0|0.0|0.0|0.0|0.0|0.0|0.0|0.0|0.0|0.00|0.00|9999
28846866|P|FA|Jack Snyder P • TB|0.0|0.0|0.0|0.0|0.0|0.0|0.0|0.0|0.0|0.0|0.0|0.0|0.0|0.00|0.00|9999
29677816|P|FA|Ryan Bourassa P • ATL|0.0|0.0|0.0|0.0|0.0|0.0|0.0|0.0|0.0|0.0|0.0|0.0|0.0|0.00|0.00|9999
26911808|P|FA|Adam Macko P • TEX|0.0|0.0|0.0|0.0|0.0|0.0|0.0|0.0|0.0|0.0|0.0|0.0|0.0|0.00|0.00|9999
1713866|P|FA|Zach McAllister P • NYY|0.0|0.0|0.0|0.0|0.0|0.0|0.0|0.0|0.0|0.0|0.0|0.0|0.0|0.00|0.00|9999
2822002|P|FA|Harold Chirino P • SD|0.0|0.0|0.0|0.0|0.0|0.0|0.0|0.0|0.0|0.0|0.0|0.0|0.0|0.00|0.00|9999
50041369|P|FA|Wei-En Lin P • ATH|0.0|0.0|0.0|0.0|0.0|0.0|0.0|0.0|0.0|0.0|0.0|0.0|0.0|0.00|0.00|9999
29322035|P|FA|Eriq Swan P • WAS|0.0|0.0|0.0|0.0|0.0|0.0|0.0|0.0|0.0|0.0|0.0|0.0|0.0|0.00|0.00|9999
29660657|P|FA|Keeler Morfe P • BAL|0.0|0.0|0.0|0.0|0.0|0.0|0.0|0.0|0.0|0.0|0.0|0.0|0.0|0.00|0.00|9999
3157101|P|FA|Andre Scrubb P • HOU|0.0|0.0|0.0|0.0|0.0|0.0|0.0|0.0|0.0|0.0|0.0|0.0|0.0|0.00|0.00|9999
2169268|P|FA|Jeremy Kivel P • CIN|0.0|0.0|0.0|0.0|0.0|0.0|0.0|0.0|0.0|0.0|0.0|0.0|0.0|0.00|0.00|9999
29085046|P|FA|Logan Sawyer P • STL|0.0|0.0|0.0|0.0|0.0|0.0|0.0|0.0|0.0|0.0|0.0|0.0|0.0|0.00|0.00|9999
2825028|P|FA|Francisco Perez P • ATH|0.0|0.0|0.0|0.0|0.0|0.0|0.0|0.0|0.0|0.0|0.0|0.0|0.0|0.00|0.00|9999
29644499|P|FA|Khal Stephen P • CLE|0.0|0.0|0.0|0.0|0.0|0.0|0.0|0.0|0.0|0.0|0.0|0.0|0.0|0.00|0.00|9999
50044958|P|FA|Dylan Howard P • HOU|0.0|0.0|0.0|0.0|0.0|0.0|0.0|0.0|0.0|0.0|0.0|0.0|0.0|0.00|0.00|9999
2932766|P|FA|Jackson Goddard P • ARI|0.0|0.0|0.0|0.0|0.0|0.0|0.0|0.0|0.0|0.0|0.0|0.0|0.0|0.00|0.00|9999
2932033|P|FA|Lyon Richardson P • CIN|0.0|0.0|0.0|0.0|0.0|0.0|0.0|0.0|0.0|0.0|0.0|0.0|0.0|0.00|0.00|9999
29677746|P|FA|Cole Zaffiro P • NYY|0.0|0.0|0.0|0.0|0.0|0.0|0.0|0.0|0.0|0.0|0.0|0.0|0.0|0.00|0.00|9999
2836753|P|FA|Jake Cousins P • LAD|0.0|0.0|0.0|0.0|0.0|0.0|0.0|0.0|0.0|0.0|0.0|0.0|0.0|0.00|0.00|9999
2823569|P|FA|Francisco Jimenez P • BAL|0.0|0.0|0.0|0.0|0.0|0.0|0.0|0.0|0.0|0.0|0.0|0.0|0.0|0.00|0.00|9999
26911749|P|FA|Jared Johnson P • ATL|0.0|0.0|0.0|0.0|0.0|0.0|0.0|0.0|0.0|0.0|0.0|0.0|0.0|0.00|0.00|9999
26615427|P|FA|Michel Otanez P • TEX|0.0|0.0|0.0|0.0|0.0|0.0|0.0|0.0|0.0|0.0|0.0|0.0|0.0|0.00|0.00|9999
29066644|P|FA|Alek Jacob P • SD|0.0|0.0|0.0|0.0|0.0|0.0|0.0|0.0|0.0|0.0|0.0|0.0|0.0|0.00|0.00|9999
2932280|P|FA|Daniel Bies P • NYY|0.0|0.0|0.0|0.0|0.0|0.0|0.0|0.0|0.0|0.0|0.0|0.0|0.0|0.00|0.00|9999
29085464|P|FA|Juan Sanchez P • SF|0.0|0.0|0.0|0.0|0.0|0.0|0.0|0.0|0.0|0.0|0.0|0.0|0.0|0.00|0.00|9999
2837685|P|FA|Zach Willeman P • KC|0.0|0.0|0.0|0.0|0.0|0.0|0.0|0.0|0.0|0.0|0.0|0.0|0.0|0.00|0.00|9999
26861431|P|FA|Alexis Diaz P • TEX|0.0|0.0|0.0|0.0|0.0|0.0|0.0|0.0|0.0|0.0|0.0|0.0|0.0|0.00|0.00|9999
50043943|P|FA|D.J. Carpenter P • STL|0.0|0.0|0.0|0.0|0.0|0.0|0.0|0.0|0.0|0.0|0.0|0.0|0.0|0.00|0.00|9999
26615434|P|FA|Jagger Haynes P • SD|0.0|0.0|0.0|0.0|0.0|0.0|0.0|0.0|0.0|0.0|0.0|0.0|0.0|0.00|0.00|9999
26615379|P|FA|Zach Daniels P • ATL|0.0|0.0|0.0|0.0|0.0|0.0|0.0|0.0|0.0|0.0|0.0|0.0|0.0|0.00|0.00|9999
29087580|P|FA|Yorlin Calderon P • SEA|0.0|0.0|0.0|0.0|0.0|0.0|0.0|0.0|0.0|0.0|0.0|0.0|0.0|0.00|0.00|9999
29080193|P|FA|Kade Strowd P • ARI|0.0|0.0|0.0|0.0|0.0|0.0|0.0|0.0|0.0|0.0|0.0|0.0|0.0|0.00|0.00|9999
29342245|P|FA|Michael Darrell-Hicks P • PIT|0.0|0.0|0.0|0.0|0.0|0.0|0.0|0.0|0.0|0.0|0.0|0.0|0.0|0.00|0.00|9999
2121500|P|FA|Slade Smith P • DET|0.0|0.0|0.0|0.0|0.0|0.0|0.0|0.0|0.0|0.0|0.0|0.0|0.0|0.00|0.00|9999
2166761|P|FA|Jordan Pries P • CHC|0.0|0.0|0.0|0.0|0.0|0.0|0.0|0.0|0.0|0.0|0.0|0.0|0.0|0.00|0.00|9999
2836879|P|FA|Bowden Francis P • TOR|0.0|0.0|0.0|0.0|0.0|0.0|0.0|0.0|0.0|0.0|0.0|0.0|0.0|0.00|0.00|9999
29082790|P|FA|Kenyon Yovan P • LAA|0.0|0.0|0.0|0.0|0.0|0.0|0.0|0.0|0.0|0.0|0.0|0.0|0.0|0.00|0.00|9999
2250597|P|FA|Jay Groome P • SD|0.0|0.0|0.0|0.0|0.0|0.0|0.0|0.0|0.0|0.0|0.0|0.0|0.0|0.00|0.00|9999
2825620|P|FA|Aneuris Rosario P • CHC|0.0|0.0|0.0|0.0|0.0|0.0|0.0|0.0|0.0|0.0|0.0|0.0|0.0|0.00|0.00|9999
50043782|P|FA|Chase Jessee P • KC|0.0|0.0|0.0|0.0|0.0|0.0|0.0|0.0|0.0|0.0|0.0|0.0|0.0|0.00|0.00|9999
2915544|P|FA|Josh Uhen P • MIL|0.0|0.0|0.0|0.0|0.0|0.0|0.0|0.0|0.0|0.0|0.0|0.0|0.0|0.00|0.00|9999
2763377|P|FA|Ivan Pineyro P • ARI|0.0|0.0|0.0|0.0|0.0|0.0|0.0|0.0|0.0|0.0|0.0|0.0|0.0|0.00|0.00|9999
2822156|P|FA|Leonardo Crawford P • MIL|0.0|0.0|0.0|0.0|0.0|0.0|0.0|0.0|0.0|0.0|0.0|0.0|0.0|0.00|0.00|9999
2835067|P|FA|J.B. Bukauskas P • MIL|0.0|0.0|0.0|0.0|0.0|0.0|0.0|0.0|0.0|0.0|0.0|0.0|0.0|0.00|0.00|9999
2066833|P|FA|Jake Johansen P • WAS|0.0|0.0|0.0|0.0|0.0|0.0|0.0|0.0|0.0|0.0|0.0|0.0|0.0|0.00|0.00|9999
29075487|P|FA|Brock Porter P • TEX|0.0|0.0|0.0|0.0|0.0|0.0|0.0|0.0|0.0|0.0|0.0|0.0|0.0|0.00|0.00|9999
29678290|P|FA|Zane Barnhart P • DET|0.0|0.0|0.0|0.0|0.0|0.0|0.0|0.0|0.0|0.0|0.0|0.0|0.0|0.00|0.00|9999
2184454|P|FA|Phil Bickford P • DET|0.0|0.0|0.0|0.0|0.0|0.0|0.0|0.0|0.0|0.0|0.0|0.0|0.0|0.00|0.00|9999
29662099|P|FA|Dioris De La Rosa P • LAA|0.0|0.0|0.0|0.0|0.0|0.0|0.0|0.0|0.0|0.0|0.0|0.0|0.0|0.00|0.00|9999
28841534|P|FA|Jonah Dipoto P • PHI|0.0|0.0|0.0|0.0|0.0|0.0|0.0|0.0|0.0|0.0|0.0|0.0|0.0|0.00|0.00|9999
50044015|P|FA|Vince Reilly P • CHC|0.0|0.0|0.0|0.0|0.0|0.0|0.0|0.0|0.0|0.0|0.0|0.0|0.0|0.00|0.00|9999
2822060|P|FA|Kevin Comer P • DET|0.0|0.0|0.0|0.0|0.0|0.0|0.0|0.0|0.0|0.0|0.0|0.0|0.0|0.00|0.00|9999
1663442|P|FA|Heriberto Ruelas P • NYM|0.0|0.0|0.0|0.0|0.0|0.0|0.0|0.0|0.0|0.0|0.0|0.0|0.0|0.00|0.00|9999
2915699|P|FA|Ryan Halstead P • SF|0.0|0.0|0.0|0.0|0.0|0.0|0.0|0.0|0.0|0.0|0.0|0.0|0.0|0.00|0.00|9999
2824294|P|FA|Dillon McNamara P • SF|0.0|0.0|0.0|0.0|0.0|0.0|0.0|0.0|0.0|0.0|0.0|0.0|0.0|0.00|0.00|9999
2837475|P|FA|Alex Scherff P • MIN|0.0|0.0|0.0|0.0|0.0|0.0|0.0|0.0|0.0|0.0|0.0|0.0|0.0|0.00|0.00|9999
2804681|P|FA|David Speer P • CLE|0.0|0.0|0.0|0.0|0.0|0.0|0.0|0.0|0.0|0.0|0.0|0.0|0.0|0.00|0.00|9999
2824536|P|FA|Gerson Moreno P • STL|0.0|0.0|0.0|0.0|0.0|0.0|0.0|0.0|0.0|0.0|0.0|0.0|0.0|0.00|0.00|9999
2216692|P|FA|Jonathan Dziedzic P • KC|0.0|0.0|0.0|0.0|0.0|0.0|0.0|0.0|0.0|0.0|0.0|0.0|0.0|0.00|0.00|9999
3077700|P|FA|Elijah Morgan P • KC|0.0|0.0|0.0|0.0|0.0|0.0|0.0|0.0|0.0|0.0|0.0|0.0|0.0|0.00|0.00|9999
29676052|P|FA|Paulshawn Pasqualotto P • MIN|0.0|0.0|0.0|0.0|0.0|0.0|0.0|0.0|0.0|0.0|0.0|0.0|0.0|0.00|0.00|9999
29685426|P|FA|Tyler Bryant P • MIL|0.0|0.0|0.0|0.0|0.0|0.0|0.0|0.0|0.0|0.0|0.0|0.0|0.0|0.00|0.00|9999
50042282|P|FA|Kendry Chourio P • KC|0.0|0.0|0.0|0.0|0.0|0.0|0.0|0.0|0.0|0.0|0.0|0.0|0.0|0.00|0.00|9999
50043874|P|FA|Aaron Combs P • PHI|0.0|0.0|0.0|0.0|0.0|0.0|0.0|0.0|0.0|0.0|0.0|0.0|0.0|0.00|0.00|9999
3117540|P|FA|Zack Thompson P • STL|0.0|0.0|0.0|0.0|0.0|0.0|0.0|0.0|0.0|0.0|0.0|0.0|0.0|0.00|0.00|9999
29322020|P|FA|Cole Schoenwetter P • CIN|0.0|0.0|0.0|0.0|0.0|0.0|0.0|0.0|0.0|0.0|0.0|0.0|0.0|0.00|0.00|9999
29680188|P|FA|Nestor German P • BAL|0.0|0.0|0.0|0.0|0.0|0.0|0.0|0.0|0.0|0.0|0.0|0.0|0.0|0.00|0.00|9999
29321987|P|FA|Camden Minacci P • LAA|0.0|0.0|0.0|0.0|0.0|0.0|0.0|0.0|0.0|0.0|0.0|0.0|0.0|0.00|0.00|9999
2066808|P|FA|Andrew Thurman P • ATL|0.0|0.0|0.0|0.0|0.0|0.0|0.0|0.0|0.0|0.0|0.0|0.0|0.0|0.00|0.00|9999
1795804|P|FA|Brad Hand P • ATL|0.0|0.0|0.0|0.0|0.0|0.0|0.0|0.0|0.0|0.0|0.0|0.0|0.0|0.00|0.00|9999
2120230|P|FA|Craig Stem P • MIA|0.0|0.0|0.0|0.0|0.0|0.0|0.0|0.0|0.0|0.0|0.0|0.0|0.0|0.00|0.00|9999
29644517|P|FA|Alessandro Ercolani P • PIT|0.0|0.0|0.0|0.0|0.0|0.0|0.0|0.0|0.0|0.0|0.0|0.0|0.0|0.00|0.00|9999
50043892|P|FA|Logan Whitaker P • MIN|0.0|0.0|0.0|0.0|0.0|0.0|0.0|0.0|0.0|0.0|0.0|0.0|0.0|0.00|0.00|9999
50041196|P|FA|Talon Haley P • LAA|0.0|0.0|0.0|0.0|0.0|0.0|0.0|0.0|0.0|0.0|0.0|0.0|0.0|0.00|0.00|9999
26861446|P|FA|Adam Oller P • MIA|0.0|0.0|0.0|0.0|0.0|0.0|0.0|0.0|0.0|0.0|0.0|0.0|0.0|0.00|0.00|9999
2932855|P|FA|Reiss Knehr P • SD|0.0|0.0|0.0|0.0|0.0|0.0|0.0|0.0|0.0|0.0|0.0|0.0|0.0|0.00|0.00|9999
2837378|P|FA|Joe Record P • TB|0.0|0.0|0.0|0.0|0.0|0.0|0.0|0.0|0.0|0.0|0.0|0.0|0.0|0.00|0.00|9999
26615455|P|FA|Jacob Wallace P • ATL|0.0|0.0|0.0|0.0|0.0|0.0|0.0|0.0|0.0|0.0|0.0|0.0|0.0|0.00|0.00|9999
29342276|P|FA|Owen Holt P • CIN|0.0|0.0|0.0|0.0|0.0|0.0|0.0|0.0|0.0|0.0|0.0|0.0|0.0|0.00|0.00|9999
29456614|P|FA|Luis Peralta P • CHC|0.0|0.0|0.0|0.0|0.0|0.0|0.0|0.0|0.0|0.0|0.0|0.0|0.0|0.00|0.00|9999
50027253|P|FA|Johnny King P • TOR|0.0|0.0|0.0|0.0|0.0|0.0|0.0|0.0|0.0|0.0|0.0|0.0|0.0|0.00|0.00|9999
3150941|P|FA|Nick Nelson P • PHI|0.0|0.0|0.0|0.0|0.0|0.0|0.0|0.0|0.0|0.0|0.0|0.0|0.0|0.00|0.00|9999
2824875|P|FA|Thomas Pannone P • MIL|0.0|0.0|0.0|0.0|0.0|0.0|0.0|0.0|0.0|0.0|0.0|0.0|0.0|0.00|0.00|9999
28920029|P|FA|Noah Schultz P • CHW|0.0|0.0|0.0|0.0|0.0|0.0|0.0|0.0|0.0|0.0|0.0|0.0|0.0|0.00|0.00|9999
3158355|P|FA|Ike Schlabach P • PIT|0.0|0.0|0.0|0.0|0.0|0.0|0.0|0.0|0.0|0.0|0.0|0.0|0.0|0.00|0.00|9999
2220463|P|FA|Martires Arias P • SD|0.0|0.0|0.0|0.0|0.0|0.0|0.0|0.0|0.0|0.0|0.0|0.0|0.0|0.00|0.00|9999
28838306|P|FA|Ricky Salinas P • CIN|0.0|0.0|0.0|0.0|0.0|0.0|0.0|0.0|0.0|0.0|0.0|0.0|0.0|0.00|0.00|9999
2209465|P|FA|Juan Gonzalez P • STL|0.0|0.0|0.0|0.0|0.0|0.0|0.0|0.0|0.0|0.0|0.0|0.0|0.0|0.00|0.00|9999
1735904|P|FA|Danny Gutierrez P • TEX|0.0|0.0|0.0|0.0|0.0|0.0|0.0|0.0|0.0|0.0|0.0|0.0|0.0|0.00|0.00|9999
3077728|P|FA|Eric Pardinho P • TOR|0.0|0.0|0.0|0.0|0.0|0.0|0.0|0.0|0.0|0.0|0.0|0.0|0.0|0.00|0.00|9999
2211790|P|FA|Gerson Garabito P • MIL|0.0|0.0|0.0|0.0|0.0|0.0|0.0|0.0|0.0|0.0|0.0|0.0|0.0|0.00|0.00|9999
3107895|P|FA|Brooks Kriske P • ATH|0.0|0.0|0.0|0.0|0.0|0.0|0.0|0.0|0.0|0.0|0.0|0.0|0.0|0.00|0.00|9999
2932662|P|FA|Derek Craft P • NYY|0.0|0.0|0.0|0.0|0.0|0.0|0.0|0.0|0.0|0.0|0.0|0.0|0.0|0.00|0.00|9999
2822211|P|FA|Tyler Cyr P • LAD|0.0|0.0|0.0|0.0|0.0|0.0|0.0|0.0|0.0|0.0|0.0|0.0|0.0|0.00|0.00|9999
2453409|P|FA|Taylor Hearn P • KC|0.0|0.0|0.0|0.0|0.0|0.0|0.0|0.0|0.0|0.0|0.0|0.0|0.0|0.00|0.00|9999
50043996|P|FA|Grant Rogers P • TOR|0.0|0.0|0.0|0.0|0.0|0.0|0.0|0.0|0.0|0.0|0.0|0.0|0.0|0.00|0.00|9999
2044501|P|FA|Zack Bird P • ATL|0.0|0.0|0.0|0.0|0.0|0.0|0.0|0.0|0.0|0.0|0.0|0.0|0.0|0.00|0.00|9999
2592851|P|FA|Jared Lakind P • PIT|0.0|0.0|0.0|0.0|0.0|0.0|0.0|0.0|0.0|0.0|0.0|0.0|0.0|0.00|0.00|9999
2915534|P|FA|Matthew Gorst P • BOS|0.0|0.0|0.0|0.0|0.0|0.0|0.0|0.0|0.0|0.0|0.0|0.0|0.0|0.00|0.00|9999
29087648|P|FA|Franklin Sanchez P • MIA|0.0|0.0|0.0|0.0|0.0|0.0|0.0|0.0|0.0|0.0|0.0|0.0|0.0|0.00|0.00|9999
29085018|P|FA|Gabriel Agostini P • WAS|0.0|0.0|0.0|0.0|0.0|0.0|0.0|0.0|0.0|0.0|0.0|0.0|0.0|0.00|0.00|9999
29644426|P|FA|Daniel Eagen P • STL|0.0|0.0|0.0|0.0|0.0|0.0|0.0|0.0|0.0|0.0|0.0|0.0|0.0|0.00|0.00|9999
26719702|P|FA|Ty Madden P • DET|0.0|0.0|0.0|0.0|0.0|0.0|0.0|0.0|0.0|0.0|0.0|0.0|0.0|0.00|0.00|9999
29075742|P|FA|Mike Vasil P • CHW|0.0|0.0|0.0|0.0|0.0|0.0|0.0|0.0|0.0|0.0|0.0|0.0|0.0|0.00|0.00|9999
26911764|P|FA|Joe Rock P • ATH|0.0|0.0|0.0|0.0|0.0|0.0|0.0|0.0|0.0|0.0|0.0|0.0|0.0|0.00|0.00|9999
1961740|P|FA|Scott Gracey P • TOR|0.0|0.0|0.0|0.0|0.0|0.0|0.0|0.0|0.0|0.0|0.0|0.0|0.0|0.00|0.00|9999
50044617|P|FA|Ryan Magdic P • ATH|0.0|0.0|0.0|0.0|0.0|0.0|0.0|0.0|0.0|0.0|0.0|0.0|0.0|0.00|0.00|9999
29096129|P|FA|Ryan Long P • BAL|0.0|0.0|0.0|0.0|0.0|0.0|0.0|0.0|0.0|0.0|0.0|0.0|0.0|0.00|0.00|9999
29355926|P|FA|Ryan Brady P • KC|0.0|0.0|0.0|0.0|0.0|0.0|0.0|0.0|0.0|0.0|0.0|0.0|0.0|0.00|0.00|9999
3158037|P|FA|Ryne Inman P • SEA|0.0|0.0|0.0|0.0|0.0|0.0|0.0|0.0|0.0|0.0|0.0|0.0|0.0|0.00|0.00|9999
2824775|P|FA|R.C. Orlan P • CLE|0.0|0.0|0.0|0.0|0.0|0.0|0.0|0.0|0.0|0.0|0.0|0.0|0.0|0.00|0.00|9999
50058206|P|FA|Liam Peterson P • CLE|0.0|0.0|0.0|0.0|0.0|0.0|0.0|0.0|0.0|0.0|0.0|0.0|0.0|0.00|0.00|9999
2931964|P|FA|Adrian Hernandez P • TOR|0.0|0.0|0.0|0.0|0.0|0.0|0.0|0.0|0.0|0.0|0.0|0.0|0.0|0.00|0.00|9999
26615405|P|FA|Trent Palmer P • TOR|0.0|0.0|0.0|0.0|0.0|0.0|0.0|0.0|0.0|0.0|0.0|0.0|0.0|0.00|0.00|9999
29321972|P|FA|Bishop Letson P • MIL|0.0|0.0|0.0|0.0|0.0|0.0|0.0|0.0|0.0|0.0|0.0|0.0|0.0|0.00|0.00|9999
28837075|P|FA|Adrian Florencio P • PIT|0.0|0.0|0.0|0.0|0.0|0.0|0.0|0.0|0.0|0.0|0.0|0.0|0.0|0.00|0.00|9999
50044463|P|FA|Sebastian Gongora P • BAL|0.0|0.0|0.0|0.0|0.0|0.0|0.0|0.0|0.0|0.0|0.0|0.0|0.0|0.00|0.00|9999
29344256|P|FA|Johnny Ray P • CHW|0.0|0.0|0.0|0.0|0.0|0.0|0.0|0.0|0.0|0.0|0.0|0.0|0.0|0.00|0.00|9999
2118854|P|FA|Mike McCarthy P • BOS|0.0|0.0|0.0|0.0|0.0|0.0|0.0|0.0|0.0|0.0|0.0|0.0|0.0|0.00|0.00|9999
50041344|P|FA|Griffin Hugus P • SEA|0.0|0.0|0.0|0.0|0.0|0.0|0.0|0.0|0.0|0.0|0.0|0.0|0.0|0.00|0.00|9999
2932814|P|FA|Jake Higginbotham P • SD|0.0|0.0|0.0|0.0|0.0|0.0|0.0|0.0|0.0|0.0|0.0|0.0|0.0|0.00|0.00|9999
29687763|P|FA|Drake Fellows P • NYY|0.0|0.0|0.0|0.0|0.0|0.0|0.0|0.0|0.0|0.0|0.0|0.0|0.0|0.00|0.00|9999
2821924|P|FA|Kervin Castro P • NYY|0.0|0.0|0.0|0.0|0.0|0.0|0.0|0.0|0.0|0.0|0.0|0.0|0.0|0.00|0.00|9999
2933090|P|FA|Adam Scott P • CLE|0.0|0.0|0.0|0.0|0.0|0.0|0.0|0.0|0.0|0.0|0.0|0.0|0.0|0.00|0.00|9999
29332840|P|FA|Austin Krob P • SD|0.0|0.0|0.0|0.0|0.0|0.0|0.0|0.0|0.0|0.0|0.0|0.0|0.0|0.00|0.00|9999
3094415|P|FA|Enoli Paredes P • BAL|0.0|0.0|0.0|0.0|0.0|0.0|0.0|0.0|0.0|0.0|0.0|0.0|0.0|0.00|0.00|9999
2921426|P|FA|Blake Quinn P • PHI|0.0|0.0|0.0|0.0|0.0|0.0|0.0|0.0|0.0|0.0|0.0|0.0|0.0|0.00|0.00|9999
28839912|P|FA|Franny Cobos P • HOU|0.0|0.0|0.0|0.0|0.0|0.0|0.0|0.0|0.0|0.0|0.0|0.0|0.0|0.00|0.00|9999
2837576|P|FA|Drew Strotman P • HOU|0.0|0.0|0.0|0.0|0.0|0.0|0.0|0.0|0.0|0.0|0.0|0.0|0.0|0.00|0.00|9999
29085481|P|FA|Jack Cushing P • TOR|0.0|0.0|0.0|0.0|0.0|0.0|0.0|0.0|0.0|0.0|0.0|0.0|0.0|0.00|0.00|9999
2932922|P|FA|James McArthur P • KC|0.0|0.0|0.0|0.0|0.0|0.0|0.0|0.0|0.0|0.0|0.0|0.0|0.0|0.00|0.00|9999
29292532|P|FA|Jose Corniell P • TEX|0.0|0.0|0.0|0.0|0.0|0.0|0.0|0.0|0.0|0.0|0.0|0.0|0.0|0.00|0.00|9999
2932791|P|FA|Zach Haake P • PHI|0.0|0.0|0.0|0.0|0.0|0.0|0.0|0.0|0.0|0.0|0.0|0.0|0.0|0.00|0.00|9999
2932850|P|FA|Keylan Killgore P • KC|0.0|0.0|0.0|0.0|0.0|0.0|0.0|0.0|0.0|0.0|0.0|0.0|0.0|0.00|0.00|9999
50037911|P|FA|Micah Bucknam P • TOR|0.0|0.0|0.0|0.0|0.0|0.0|0.0|0.0|0.0|0.0|0.0|0.0|0.0|0.00|0.00|9999
29085031|P|FA|Domingo Gonzalez P • SEA|0.0|0.0|0.0|0.0|0.0|0.0|0.0|0.0|0.0|0.0|0.0|0.0|0.0|0.00|0.00|9999
2663787|P|FA|Kevin Grendell P • LAA|0.0|0.0|0.0|0.0|0.0|0.0|0.0|0.0|0.0|0.0|0.0|0.0|0.0|0.00|0.00|9999
29033793|P|FA|Kolton Ingram P • SF|0.0|0.0|0.0|0.0|0.0|0.0|0.0|0.0|0.0|0.0|0.0|0.0|0.0|0.00|0.00|9999
2211469|P|FA|Josh Martin P • PHI|0.0|0.0|0.0|0.0|0.0|0.0|0.0|0.0|0.0|0.0|0.0|0.0|0.0|0.00|0.00|9999
29321876|P|FA|Adrian Acosta P • LAA|0.0|0.0|0.0|0.0|0.0|0.0|0.0|0.0|0.0|0.0|0.0|0.0|0.0|0.00|0.00|9999
29675798|P|FA|Zane Morehouse P • CLE|0.0|0.0|0.0|0.0|0.0|0.0|0.0|0.0|0.0|0.0|0.0|0.0|0.0|0.00|0.00|9999
29075770|P|FA|Seth Keller P • ATL|0.0|0.0|0.0|0.0|0.0|0.0|0.0|0.0|0.0|0.0|0.0|0.0|0.0|0.00|0.00|9999
29675786|P|FA|Jack Hartman P • TB|0.0|0.0|0.0|0.0|0.0|0.0|0.0|0.0|0.0|0.0|0.0|0.0|0.0|0.00|0.00|9999
1390876|P|FA|Charlie Morton P • ATL|0.0|0.0|0.0|0.0|0.0|0.0|0.0|0.0|0.0|0.0|0.0|0.0|0.0|0.00|0.00|9999
29692364|P|FA|Zach Franklin P • NYM|0.0|0.0|0.0|0.0|0.0|0.0|0.0|0.0|0.0|0.0|0.0|0.0|0.0|0.00|0.00|9999
2933007|P|FA|Andrew Perez P • KC|0.0|0.0|0.0|0.0|0.0|0.0|0.0|0.0|0.0|0.0|0.0|0.0|0.0|0.00|0.00|9999
28838955|P|FA|Brendan White P • SEA|0.0|0.0|0.0|0.0|0.0|0.0|0.0|0.0|0.0|0.0|0.0|0.0|0.0|0.00|0.00|9999
2184353|P|FA|Tyler Jay P • MIL|0.0|0.0|0.0|0.0|0.0|0.0|0.0|0.0|0.0|0.0|0.0|0.0|0.0|0.00|0.00|9999
2824156|P|FA|Joan Martinez P • BOS|0.0|0.0|0.0|0.0|0.0|0.0|0.0|0.0|0.0|0.0|0.0|0.0|0.0|0.00|0.00|9999
50044337|P|FA|Luis Vargas P • ATL|0.0|0.0|0.0|0.0|0.0|0.0|0.0|0.0|0.0|0.0|0.0|0.0|0.0|0.00|0.00|9999
1946522|P|FA|Miles Mikolas P • WAS|0.0|0.0|0.0|0.0|0.0|0.0|0.0|0.0|0.0|0.0|0.0|0.0|0.0|0.00|0.00|9999
29675829|P|FA|William Corcoran P • ARI|0.0|0.0|0.0|0.0|0.0|0.0|0.0|0.0|0.0|0.0|0.0|0.0|0.0|0.00|0.00|9999
50043886|P|FA|Joe Corbett P • MIL|0.0|0.0|0.0|0.0|0.0|0.0|0.0|0.0|0.0|0.0|0.0|0.0|0.0|0.00|0.00|9999
29321915|P|FA|Luis De Leon P • BAL|0.0|0.0|0.0|0.0|0.0|0.0|0.0|0.0|0.0|0.0|0.0|0.0|0.0|0.00|0.00|9999
29295956|P|FA|Jackson Humphries P • CLE|0.0|0.0|0.0|0.0|0.0|0.0|0.0|0.0|0.0|0.0|0.0|0.0|0.0|0.00|0.00|9999
3094399|P|FA|Luis Vasquez P • LAD|0.0|0.0|0.0|0.0|0.0|0.0|0.0|0.0|0.0|0.0|0.0|0.0|0.0|0.00|0.00|9999
3117927|P|FA|Ryan Jensen P • CHC|0.0|0.0|0.0|0.0|0.0|0.0|0.0|0.0|0.0|0.0|0.0|0.0|0.0|0.00|0.00|9999
29084156|P|FA|Yaya Chentouf P • DET|0.0|0.0|0.0|0.0|0.0|0.0|0.0|0.0|0.0|0.0|0.0|0.0|0.0|0.00|0.00|9999
28840658|P|FA|Austin Roberts P • TEX|0.0|0.0|0.0|0.0|0.0|0.0|0.0|0.0|0.0|0.0|0.0|0.0|0.0|0.00|0.00|9999
2825247|P|FA|Emmanuel Ramirez P • TOR|0.0|0.0|0.0|0.0|0.0|0.0|0.0|0.0|0.0|0.0|0.0|0.0|0.0|0.00|0.00|9999
2837239|P|FA|Wyatt Mills P • WAS|0.0|0.0|0.0|0.0|0.0|0.0|0.0|0.0|0.0|0.0|0.0|0.0|0.0|0.00|0.00|9999
28838303|P|FA|Andrew Misiaszek P • CLE|0.0|0.0|0.0|0.0|0.0|0.0|0.0|0.0|0.0|0.0|0.0|0.0|0.0|0.00|0.00|9999
29075751|P|FA|Pete Hansen P • STL|0.0|0.0|0.0|0.0|0.0|0.0|0.0|0.0|0.0|0.0|0.0|0.0|0.0|0.00|0.00|9999
2171183|P|FA|Francisco Mendoza P • TEX|0.0|0.0|0.0|0.0|0.0|0.0|0.0|0.0|0.0|0.0|0.0|0.0|0.0|0.00|0.00|9999
28839743|P|FA|Triston Polley P • TEX|0.0|0.0|0.0|0.0|0.0|0.0|0.0|0.0|0.0|0.0|0.0|0.0|0.0|0.00|0.00|9999
2933192|P|FA|Ryan Weiss P • HOU|0.0|0.0|0.0|0.0|0.0|0.0|0.0|0.0|0.0|0.0|0.0|0.0|0.0|0.00|0.00|9999
2769295|P|FA|Justin Anderson P • CHW|0.0|0.0|0.0|0.0|0.0|0.0|0.0|0.0|0.0|0.0|0.0|0.0|0.0|0.00|0.00|9999
26615457|P|FA|Gavin Hollowell P • CHC|0.0|0.0|0.0|0.0|0.0|0.0|0.0|0.0|0.0|0.0|0.0|0.0|0.0|0.00|0.00|9999
2777676|P|FA|Cody Palmquist P • TEX|0.0|0.0|0.0|0.0|0.0|0.0|0.0|0.0|0.0|0.0|0.0|0.0|0.0|0.00|0.00|9999
50027256|P|FA|Caden Scarborough P • TEX|0.0|0.0|0.0|0.0|0.0|0.0|0.0|0.0|0.0|0.0|0.0|0.0|0.0|0.00|0.00|9999
1221725|P|FA|Clayton Kershaw P • LAD|0.0|0.0|0.0|0.0|0.0|0.0|0.0|0.0|0.0|0.0|0.0|0.0|0.0|0.00|0.00|9999
2824299|P|FA|John Means P • KC|0.0|0.0|0.0|0.0|0.0|0.0|0.0|0.0|0.0|0.0|0.0|0.0|0.0|0.00|0.00|9999
50042209|P|FA|Hudson Leach P • HOU|0.0|0.0|0.0|0.0|0.0|0.0|0.0|0.0|0.0|0.0|0.0|0.0|0.0|0.00|0.00|9999
26912464|P|FA|Victor Castaneda P • MIL|0.0|0.0|0.0|0.0|0.0|0.0|0.0|0.0|0.0|0.0|0.0|0.0|0.0|0.00|0.00|9999
50041193|P|FA|Justin Lamkin P • KC|0.0|0.0|0.0|0.0|0.0|0.0|0.0|0.0|0.0|0.0|0.0|0.0|0.0|0.00|0.00|9999
2114451|P|FA|Matt Andriese P • MIA|0.0|0.0|0.0|0.0|0.0|0.0|0.0|0.0|0.0|0.0|0.0|0.0|0.0|0.00|0.00|9999
50048642|P|FA|Michel Cervantes P • SD|0.0|0.0|0.0|0.0|0.0|0.0|0.0|0.0|0.0|0.0|0.0|0.0|0.0|0.00|0.00|9999
2837174|P|FA|Corbin Martin P • CHC|0.0|0.0|0.0|0.0|0.0|0.0|0.0|0.0|0.0|0.0|0.0|0.0|0.0|0.00|0.00|9999
50043959|P|FA|Landon Tomkins P • PIT|0.0|0.0|0.0|0.0|0.0|0.0|0.0|0.0|0.0|0.0|0.0|0.0|0.0|0.00|0.00|9999
1765806|P|FA|Jameson Taillon P • TOR|0.0|0.0|0.0|0.0|0.0|0.0|0.0|0.0|0.0|0.0|0.0|0.0|0.0|0.00|0.00|9999
2837384|P|FA|Marcel Renteria P • NYM|0.0|0.0|0.0|0.0|0.0|0.0|0.0|0.0|0.0|0.0|0.0|0.0|0.0|0.00|0.00|9999
29077502|P|FA|Evan McKendry P • MIA|0.0|0.0|0.0|0.0|0.0|0.0|0.0|0.0|0.0|0.0|0.0|0.0|0.0|0.00|0.00|9999
50043821|P|FA|Ben Anderson P • TEX|0.0|0.0|0.0|0.0|0.0|0.0|0.0|0.0|0.0|0.0|0.0|0.0|0.0|0.00|0.00|9999
29321985|P|FA|Teddy McGraw P • SEA|0.0|0.0|0.0|0.0|0.0|0.0|0.0|0.0|0.0|0.0|0.0|0.0|0.0|0.00|0.00|9999
2932943|P|FA|Andrew Mitchell P • TEX|0.0|0.0|0.0|0.0|0.0|0.0|0.0|0.0|0.0|0.0|0.0|0.0|0.0|0.00|0.00|9999
29088724|P|FA|Tommy McCollum P • TB|0.0|0.0|0.0|0.0|0.0|0.0|0.0|0.0|0.0|0.0|0.0|0.0|0.0|0.00|0.00|9999
1956930|P|FA|Cody Buckel P • TEX|0.0|0.0|0.0|0.0|0.0|0.0|0.0|0.0|0.0|0.0|0.0|0.0|0.0|0.00|0.00|9999
3107128|P|FA|Danny Dopico P • CHW|0.0|0.0|0.0|0.0|0.0|0.0|0.0|0.0|0.0|0.0|0.0|0.0|0.0|0.00|0.00|9999
2693486|P|FA|Brad Wieck P • CHC|0.0|0.0|0.0|0.0|0.0|0.0|0.0|0.0|0.0|0.0|0.0|0.0|0.0|0.00|0.00|9999
2837011|P|FA|Spencer Howard P • CLE|0.0|0.0|0.0|0.0|0.0|0.0|0.0|0.0|0.0|0.0|0.0|0.0|0.0|0.00|0.00|9999
2822580|P|FA|Yoel Espinal P • TB|0.0|0.0|0.0|0.0|0.0|0.0|0.0|0.0|0.0|0.0|0.0|0.0|0.0|0.00|0.00|9999
2453281|P|FA|Gage Hinsz P • PIT|0.0|0.0|0.0|0.0|0.0|0.0|0.0|0.0|0.0|0.0|0.0|0.0|0.0|0.00|0.00|9999
26911799|P|FA|Dominic Hamel P • NYY|0.0|0.0|0.0|0.0|0.0|0.0|0.0|0.0|0.0|0.0|0.0|0.0|0.0|0.00|0.00|9999
29662213|P|FA|Dylan Wilson P • SEA|0.0|0.0|0.0|0.0|0.0|0.0|0.0|0.0|0.0|0.0|0.0|0.0|0.0|0.00|0.00|9999
2921612|P|FA|Geoff Hartlieb P • ATH|0.0|0.0|0.0|0.0|0.0|0.0|0.0|0.0|0.0|0.0|0.0|0.0|0.0|0.00|0.00|9999
1839915|P|FA|Luis Heredia P • PIT|0.0|0.0|0.0|0.0|0.0|0.0|0.0|0.0|0.0|0.0|0.0|0.0|0.0|0.00|0.00|9999
2932889|P|FA|Barrett Loseke P • NYY|0.0|0.0|0.0|0.0|0.0|0.0|0.0|0.0|0.0|0.0|0.0|0.0|0.0|0.00|0.00|9999
2822128|P|FA|Nestor Cortes P • PHI|0.0|0.0|0.0|0.0|0.0|0.0|0.0|0.0|0.0|0.0|0.0|0.0|0.0|0.00|0.00|9999
2210103|P|FA|Jacob Barnes P • TOR|0.0|0.0|0.0|0.0|0.0|0.0|0.0|0.0|0.0|0.0|0.0|0.0|0.0|0.00|0.00|9999
2842935|P|FA|Kaleb Ort P • LAA|0.0|0.0|0.0|0.0|0.0|0.0|0.0|0.0|0.0|0.0|0.0|0.0|0.0|0.00|0.00|9999
2453423|P|FA|Jake Woodford P • CHC|0.0|0.0|0.0|0.0|0.0|0.0|0.0|0.0|0.0|0.0|0.0|0.0|0.0|0.00|0.00|9999
50051245|P|FA|Brett Kerry P • LAA|0.0|0.0|0.0|0.0|0.0|0.0|0.0|0.0|0.0|0.0|0.0|0.0|0.0|0.00|0.00|9999
29683709|P|FA|Zach Fruit P • BAL|0.0|0.0|0.0|0.0|0.0|0.0|0.0|0.0|0.0|0.0|0.0|0.0|0.0|0.00|0.00|9999
2836874|P|FA|Josh Fleming P • TOR|0.0|0.0|0.0|0.0|0.0|0.0|0.0|0.0|0.0|0.0|0.0|0.0|0.0|0.00|0.00|9999
2167511|P|FA|Brent Honeywell P • LAD|0.0|0.0|0.0|0.0|0.0|0.0|0.0|0.0|0.0|0.0|0.0|0.0|0.0|0.00|0.00|9999
29342295|P|FA|Lucas Knowles P • WAS|0.0|0.0|0.0|0.0|0.0|0.0|0.0|0.0|0.0|0.0|0.0|0.0|0.0|0.00|0.00|9999
50042259|P|FA|Bryan Balzer P • SD|0.0|0.0|0.0|0.0|0.0|0.0|0.0|0.0|0.0|0.0|0.0|0.0|0.0|0.00|0.00|9999
2453274|P|FA|Thomas Szapucki P • SF|0.0|0.0|0.0|0.0|0.0|0.0|0.0|0.0|0.0|0.0|0.0|0.0|0.0|0.00|0.00|9999
29679043|P|FA|Alex Amalfi P • TOR|0.0|0.0|0.0|0.0|0.0|0.0|0.0|0.0|0.0|0.0|0.0|0.0|0.0|0.00|0.00|9999
2066822|P|FA|Tom Windle P • NYM|0.0|0.0|0.0|0.0|0.0|0.0|0.0|0.0|0.0|0.0|0.0|0.0|0.0|0.00|0.00|9999
2167345|P|FA|Alec Grosser P • ATL|0.0|0.0|0.0|0.0|0.0|0.0|0.0|0.0|0.0|0.0|0.0|0.0|0.0|0.00|0.00|9999
50044466|P|FA|Chris Veach P • NYY|0.0|0.0|0.0|0.0|0.0|0.0|0.0|0.0|0.0|0.0|0.0|0.0|0.0|0.00|0.00|9999
29644481|P|FA|Blake Larson P • CHW|0.0|0.0|0.0|0.0|0.0|0.0|0.0|0.0|0.0|0.0|0.0|0.0|0.0|0.00|0.00|9999
2932806|P|FA|Aaron Hernandez P • LAA|0.0|0.0|0.0|0.0|0.0|0.0|0.0|0.0|0.0|0.0|0.0|0.0|0.0|0.00|0.00|9999
26757032|P|FA|Matt Brash P • SEA|0.0|0.0|0.0|0.0|0.0|0.0|0.0|0.0|0.0|0.0|0.0|0.0|0.0|0.00|0.00|9999
2798058|P|FA|Matt Cooper P • CHW|0.0|0.0|0.0|0.0|0.0|0.0|0.0|0.0|0.0|0.0|0.0|0.0|0.0|0.00|0.00|9999
29075701|P|FA|Jackson Cox P • COL|0.0|0.0|0.0|0.0|0.0|0.0|0.0|0.0|0.0|0.0|0.0|0.0|0.0|0.00|0.00|9999
2823651|P|FA|Eric Karch P • LAA|0.0|0.0|0.0|0.0|0.0|0.0|0.0|0.0|0.0|0.0|0.0|0.0|0.0|0.00|0.00|9999
2118882|P|FA|Zach Neal P • ATH|0.0|0.0|0.0|0.0|0.0|0.0|0.0|0.0|0.0|0.0|0.0|0.0|0.0|0.00|0.00|9999
2933013|P|FA|Konnor Pilkington P • DET|0.0|0.0|0.0|0.0|0.0|0.0|0.0|0.0|0.0|0.0|0.0|0.0|0.0|0.00|0.00|9999
1967936|P|FA|Andrew Chafin P • CIN|0.0|0.0|0.0|0.0|0.0|0.0|0.0|0.0|0.0|0.0|0.0|0.0|0.0|0.00|0.00|9999
50058203|P|FA|Giovanni Rojas P • TEX|0.0|0.0|0.0|0.0|0.0|0.0|0.0|0.0|0.0|0.0|0.0|0.0|0.0|0.00|0.00|9999
50044687|P|FA|Kleiber Olmedo P • SD|0.0|0.0|0.0|0.0|0.0|0.0|0.0|0.0|0.0|0.0|0.0|0.0|0.0|0.00|0.00|9999
29079727|P|FA|Jimmy Robbins P • TOR|0.0|0.0|0.0|0.0|0.0|0.0|0.0|0.0|0.0|0.0|0.0|0.0|0.0|0.00|0.00|9999
26635166|P|FA|Jake Sommers P • COL|0.0|0.0|0.0|0.0|0.0|0.0|0.0|0.0|0.0|0.0|0.0|0.0|0.0|0.00|0.00|9999
2823822|P|FA|Luis Ledo P • LAA|0.0|0.0|0.0|0.0|0.0|0.0|0.0|0.0|0.0|0.0|0.0|0.0|0.0|0.00|0.00|9999
29686468|P|FA|Juan Mendez P • MIN|0.0|0.0|0.0|0.0|0.0|0.0|0.0|0.0|0.0|0.0|0.0|0.0|0.0|0.00|0.00|9999
50042619|P|FA|Chazz Martinez P • KC|0.0|0.0|0.0|0.0|0.0|0.0|0.0|0.0|0.0|0.0|0.0|0.0|0.0|0.00|0.00|9999
50043883|P|FA|Brian Metoyer P • NYM|0.0|0.0|0.0|0.0|0.0|0.0|0.0|0.0|0.0|0.0|0.0|0.0|0.0|0.00|0.00|9999
50048648|P|FA|Jacob Odle P • STL|0.0|0.0|0.0|0.0|0.0|0.0|0.0|0.0|0.0|0.0|0.0|0.0|0.0|0.00|0.00|9999
29085303|P|FA|Kaleb Bowman P • MIL|0.0|0.0|0.0|0.0|0.0|0.0|0.0|0.0|0.0|0.0|0.0|0.0|0.0|0.00|0.00|9999
26615430|P|FA|Beck Way P • KC|0.0|0.0|0.0|0.0|0.0|0.0|0.0|0.0|0.0|0.0|0.0|0.0|0.0|0.00|0.00|9999
2825211|P|FA|Johan Quezada P • MIA|0.0|0.0|0.0|0.0|0.0|0.0|0.0|0.0|0.0|0.0|0.0|0.0|0.0|0.00|0.00|9999
3077702|P|FA|Jordan Balazovic P • DET|0.0|0.0|0.0|0.0|0.0|0.0|0.0|0.0|0.0|0.0|0.0|0.0|0.0|0.00|0.00|9999
50041109|P|FA|Lucas Elissalt P • DET|0.0|0.0|0.0|0.0|0.0|0.0|0.0|0.0|0.0|0.0|0.0|0.0|0.0|0.00|0.00|9999
2921391|P|FA|Joey DeNato P • PHI|0.0|0.0|0.0|0.0|0.0|0.0|0.0|0.0|0.0|0.0|0.0|0.0|0.0|0.00|0.00|9999
2227623|P|FA|Chase Johnson-Mullins P • ATL|0.0|0.0|0.0|0.0|0.0|0.0|0.0|0.0|0.0|0.0|0.0|0.0|0.0|0.00|0.00|9999
50042293|P|FA|Kolton Curtis P • TEX|0.0|0.0|0.0|0.0|0.0|0.0|0.0|0.0|0.0|0.0|0.0|0.0|0.0|0.00|0.00|9999
2822005|P|FA|Tanner Chleborad P • BAL|0.0|0.0|0.0|0.0|0.0|0.0|0.0|0.0|0.0|0.0|0.0|0.0|0.0|0.00|0.00|9999
2141540|P|FA|Buck Farmer P • CIN|0.0|0.0|0.0|0.0|0.0|0.0|0.0|0.0|0.0|0.0|0.0|0.0|0.0|0.00|0.00|9999
2836598|P|FA|Jorge Benitez P • LAD|0.0|0.0|0.0|0.0|0.0|0.0|0.0|0.0|0.0|0.0|0.0|0.0|0.0|0.00|0.00|9999
1840203|P|FA|Joe Wieland P • ATH|0.0|0.0|0.0|0.0|0.0|0.0|0.0|0.0|0.0|0.0|0.0|0.0|0.0|0.00|0.00|9999
29033788|P|FA|Blair Calvo P • DET|0.0|0.0|0.0|0.0|0.0|0.0|0.0|0.0|0.0|0.0|0.0|0.0|0.0|0.00|0.00|9999
2794798|P|FA|Austin Orewiler P • CIN|0.0|0.0|0.0|0.0|0.0|0.0|0.0|0.0|0.0|0.0|0.0|0.0|0.0|0.00|0.00|9999
29426061|P|FA|Ben Hess P • NYY|0.0|0.0|0.0|0.0|0.0|0.0|0.0|0.0|0.0|0.0|0.0|0.0|0.0|0.00|0.00|9999
2830240|P|FA|Moises Lugo P • SD|0.0|0.0|0.0|0.0|0.0|0.0|0.0|0.0|0.0|0.0|0.0|0.0|0.0|0.00|0.00|9999
2044543|P|FA|Walker Weickel P • CIN|0.0|0.0|0.0|0.0|0.0|0.0|0.0|0.0|0.0|0.0|0.0|0.0|0.0|0.00|0.00|9999
29360071|P|FA|Jeremy Wu-Yelland P • BOS|0.0|0.0|0.0|0.0|0.0|0.0|0.0|0.0|0.0|0.0|0.0|0.0|0.0|0.00|0.00|9999
2740131|P|FA|Albert Minnis P • HOU|0.0|0.0|0.0|0.0|0.0|0.0|0.0|0.0|0.0|0.0|0.0|0.0|0.0|0.00|0.00|9999
3103748|P|FA|Tyler Thomas P • LAA|0.0|0.0|0.0|0.0|0.0|0.0|0.0|0.0|0.0|0.0|0.0|0.0|0.0|0.00|0.00|9999
29033796|P|FA|Colin Selby P • BAL|0.0|0.0|0.0|0.0|0.0|0.0|0.0|0.0|0.0|0.0|0.0|0.0|0.0|0.00|0.00|9999
2250611|P|FA|Zack Burdi P • LAD|0.0|0.0|0.0|0.0|0.0|0.0|0.0|0.0|0.0|0.0|0.0|0.0|0.0|0.00|0.00|9999
2826673|P|FA|Jack Wynkoop P • COL|0.0|0.0|0.0|0.0|0.0|0.0|0.0|0.0|0.0|0.0|0.0|0.0|0.0|0.00|0.00|9999
3152904|P|FA|Jace Vines P • KC|0.0|0.0|0.0|0.0|0.0|0.0|0.0|0.0|0.0|0.0|0.0|0.0|0.0|0.00|0.00|9999
29675828|P|FA|Brady Choban P • LAA|0.0|0.0|0.0|0.0|0.0|0.0|0.0|0.0|0.0|0.0|0.0|0.0|0.0|0.00|0.00|9999
50043471|P|FA|Brayan Castillo P • COL|0.0|0.0|0.0|0.0|0.0|0.0|0.0|0.0|0.0|0.0|0.0|0.0|0.0|0.00|0.00|9999
26912474|P|FA|Victor Lizarraga P • SD|0.0|0.0|0.0|0.0|0.0|0.0|0.0|0.0|0.0|0.0|0.0|0.0|0.0|0.00|0.00|9999
2211750|P|FA|Dylan Thompson P • SEA|0.0|0.0|0.0|0.0|0.0|0.0|0.0|0.0|0.0|0.0|0.0|0.0|0.0|0.00|0.00|9999
2434730|P|FA|Casey Lawrence P • SEA|0.0|0.0|0.0|0.0|0.0|0.0|0.0|0.0|0.0|0.0|0.0|0.0|0.0|0.00|0.00|9999
50043899|P|FA|Irvin Machuca P • CIN|0.0|0.0|0.0|0.0|0.0|0.0|0.0|0.0|0.0|0.0|0.0|0.0|0.0|0.00|0.00|9999
29675430|P|FA|Zach Bryant P • BOS|0.0|0.0|0.0|0.0|0.0|0.0|0.0|0.0|0.0|0.0|0.0|0.0|0.0|0.00|0.00|9999
2822714|P|FA|Eris Filpo P • TEX|0.0|0.0|0.0|0.0|0.0|0.0|0.0|0.0|0.0|0.0|0.0|0.0|0.0|0.00|0.00|9999
50042289|P|FA|Silvano Hechavarria P • TOR|0.0|0.0|0.0|0.0|0.0|0.0|0.0|0.0|0.0|0.0|0.0|0.0|0.0|0.00|0.00|9999
29096095|P|FA|Andrew Bash P • MIN|0.0|0.0|0.0|0.0|0.0|0.0|0.0|0.0|0.0|0.0|0.0|0.0|0.0|0.00|0.00|9999
2453424|P|FA|Brett Martin P • TEX|0.0|0.0|0.0|0.0|0.0|0.0|0.0|0.0|0.0|0.0|0.0|0.0|0.0|0.00|0.00|9999
2219911|P|FA|Ryan Williams P • CHC|0.0|0.0|0.0|0.0|0.0|0.0|0.0|0.0|0.0|0.0|0.0|0.0|0.0|0.00|0.00|9999
2822133|P|FA|Jake Cosart P • BOS|0.0|0.0|0.0|0.0|0.0|0.0|0.0|0.0|0.0|0.0|0.0|0.0|0.0|0.00|0.00|9999
28838067|P|FA|Taylor Broadway P • BOS|0.0|0.0|0.0|0.0|0.0|0.0|0.0|0.0|0.0|0.0|0.0|0.0|0.0|0.00|0.00|9999
29092498|P|FA|Cole McDonald P • HOU|0.0|0.0|0.0|0.0|0.0|0.0|0.0|0.0|0.0|0.0|0.0|0.0|0.0|0.00|0.00|9999
29675799|P|FA|Steven Perez P • CLE|0.0|0.0|0.0|0.0|0.0|0.0|0.0|0.0|0.0|0.0|0.0|0.0|0.0|0.00|0.00|9999
2825293|P|FA|Alan Rangel P • PHI|0.0|0.0|0.0|0.0|0.0|0.0|0.0|0.0|0.0|0.0|0.0|0.0|0.0|0.00|0.00|9999
2928771|P|FA|Jose Suarez P • ATH|0.0|0.0|0.0|0.0|0.0|0.0|0.0|0.0|0.0|0.0|0.0|0.0|0.0|0.00|0.00|9999
3157939|P|FA|Austin Drury P • LAD|0.0|0.0|0.0|0.0|0.0|0.0|0.0|0.0|0.0|0.0|0.0|0.0|0.0|0.00|0.00|9999
2228203|P|FA|Bryan Harper P • WAS|0.0|0.0|0.0|0.0|0.0|0.0|0.0|0.0|0.0|0.0|0.0|0.0|0.0|0.00|0.00|9999
2825282|P|FA|Eury Ramos P • CHC|0.0|0.0|0.0|0.0|0.0|0.0|0.0|0.0|0.0|0.0|0.0|0.0|0.0|0.00|0.00|9999
2027505|P|FA|Edwin Escobar P • CHC|0.0|0.0|0.0|0.0|0.0|0.0|0.0|0.0|0.0|0.0|0.0|0.0|0.0|0.00|0.00|9999
3095702|P|FA|Tyler Alexander P • PHI|0.0|0.0|0.0|0.0|0.0|0.0|0.0|0.0|0.0|0.0|0.0|0.0|0.0|0.00|0.00|9999
29342263|P|FA|Keagan Gillies P • BAL|0.0|0.0|0.0|0.0|0.0|0.0|0.0|0.0|0.0|0.0|0.0|0.0|0.0|0.00|0.00|9999
29089645|P|FA|Duncan Snider P • SD|0.0|0.0|0.0|0.0|0.0|0.0|0.0|0.0|0.0|0.0|0.0|0.0|0.0|0.00|0.00|9999
29096136|P|FA|Luis Quinones P • MIN|0.0|0.0|0.0|0.0|0.0|0.0|0.0|0.0|0.0|0.0|0.0|0.0|0.0|0.00|0.00|9999
2836759|P|FA|Kutter Crawford P • BOS|0.0|0.0|0.0|0.0|0.0|0.0|0.0|0.0|0.0|0.0|0.0|0.0|0.0|0.00|0.00|9999
2118904|P|FA|Austin Brice P • PHI|0.0|0.0|0.0|0.0|0.0|0.0|0.0|0.0|0.0|0.0|0.0|0.0|0.0|0.00|0.00|9999
29681598|P|FA|Will Brian P • NYY|0.0|0.0|0.0|0.0|0.0|0.0|0.0|0.0|0.0|0.0|0.0|0.0|0.0|0.00|0.00|9999
2171203|P|FA|Fernery Ozuna P • TEX|0.0|0.0|0.0|0.0|0.0|0.0|0.0|0.0|0.0|0.0|0.0|0.0|0.0|0.00|0.00|9999
1915025|P|FA|Jake Diekman P • ATL|0.0|0.0|0.0|0.0|0.0|0.0|0.0|0.0|0.0|0.0|0.0|0.0|0.0|0.00|0.00|9999
2933203|P|FA|Steven Wilson P • TB|0.0|0.0|0.0|0.0|0.0|0.0|0.0|0.0|0.0|0.0|0.0|0.0|0.0|0.00|0.00|9999
29682364|P|FA|Alonzo Richardson P • CLE|0.0|0.0|0.0|0.0|0.0|0.0|0.0|0.0|0.0|0.0|0.0|0.0|0.0|0.00|0.00|9999
29678324|P|FA|Gabe Bierman P • MIA|0.0|0.0|0.0|0.0|0.0|0.0|0.0|0.0|0.0|0.0|0.0|0.0|0.0|0.00|0.00|9999
1661452|P|FA|Ryan Brasier P • TEX|0.0|0.0|0.0|0.0|0.0|0.0|0.0|0.0|0.0|0.0|0.0|0.0|0.0|0.00|0.00|9999
2837383|P|FA|Peyton Remy P • CHC|0.0|0.0|0.0|0.0|0.0|0.0|0.0|0.0|0.0|0.0|0.0|0.0|0.0|0.00|0.00|9999
29295983|P|FA|Michael Kennedy P • CLE|0.0|0.0|0.0|0.0|0.0|0.0|0.0|0.0|0.0|0.0|0.0|0.0|0.0|0.00|0.00|9999
3096444|P|FA|Luis Lugo P • CHC|0.0|0.0|0.0|0.0|0.0|0.0|0.0|0.0|0.0|0.0|0.0|0.0|0.0|0.00|0.00|9999
2932622|P|FA|Michael Byrne P • CIN|0.0|0.0|0.0|0.0|0.0|0.0|0.0|0.0|0.0|0.0|0.0|0.0|0.0|0.00|0.00|9999
29342430|P|FA|Jonathan Hughes P • ATL|0.0|0.0|0.0|0.0|0.0|0.0|0.0|0.0|0.0|0.0|0.0|0.0|0.0|0.00|0.00|9999
29081045|P|FA|Raymond Burgos P • BOS|0.0|0.0|0.0|0.0|0.0|0.0|0.0|0.0|0.0|0.0|0.0|0.0|0.0|0.00|0.00|9999
2837414|P|FA|Cam Robinson P • NYM|0.0|0.0|0.0|0.0|0.0|0.0|0.0|0.0|0.0|0.0|0.0|0.0|0.0|0.00|0.00|9999
50044116|P|FA|Tommy Vail P • CHW|0.0|0.0|0.0|0.0|0.0|0.0|0.0|0.0|0.0|0.0|0.0|0.0|0.0|0.00|0.00|9999
29683466|P|FA|Jay Driver P • CLE|0.0|0.0|0.0|0.0|0.0|0.0|0.0|0.0|0.0|0.0|0.0|0.0|0.0|0.00|0.00|9999
50036773|P|FA|Yorman Gomez P • CLE|0.0|0.0|0.0|0.0|0.0|0.0|0.0|0.0|0.0|0.0|0.0|0.0|0.0|0.00|0.00|9999
1787652|P|FA|Jose Flores P • SF|0.0|0.0|0.0|0.0|0.0|0.0|0.0|0.0|0.0|0.0|0.0|0.0|0.0|0.00|0.00|9999
29075723|P|FA|Karson Milbrandt P • MIA|0.0|0.0|0.0|0.0|0.0|0.0|0.0|0.0|0.0|0.0|0.0|0.0|0.0|0.00|0.00|9999
29686523|P|FA|Tyler Stasiowski P • MIN|0.0|0.0|0.0|0.0|0.0|0.0|0.0|0.0|0.0|0.0|0.0|0.0|0.0|0.00|0.00|9999
2933184|P|FA|Andrew Wantz P • CHC|0.0|0.0|0.0|0.0|0.0|0.0|0.0|0.0|0.0|0.0|0.0|0.0|0.0|0.00|0.00|9999
28838884|P|FA|Jordan Jones P • CLE|0.0|0.0|0.0|0.0|0.0|0.0|0.0|0.0|0.0|0.0|0.0|0.0|0.0|0.00|0.00|9999
50058221|P|FA|Carson Bolemon P • SF|0.0|0.0|0.0|0.0|0.0|0.0|0.0|0.0|0.0|0.0|0.0|0.0|0.0|0.00|0.00|9999
1947854|P|FA|Kyle Crick P • NYM|0.0|0.0|0.0|0.0|0.0|0.0|0.0|0.0|0.0|0.0|0.0|0.0|0.0|0.00|0.00|9999
29644530|P|FA|Jackson Nezuh P • HOU|0.0|0.0|0.0|0.0|0.0|0.0|0.0|0.0|0.0|0.0|0.0|0.0|0.0|0.00|0.00|9999
2829084|P|FA|Luis Moreno P • NYM|0.0|0.0|0.0|0.0|0.0|0.0|0.0|0.0|0.0|0.0|0.0|0.0|0.0|0.00|0.00|9999
29687776|P|FA|Cole Ayers P • NYY|0.0|0.0|0.0|0.0|0.0|0.0|0.0|0.0|0.0|0.0|0.0|0.0|0.0|0.00|0.00|9999
50040128|P|FA|Gavin Collyer P • TEX|0.0|0.0|0.0|0.0|0.0|0.0|0.0|0.0|0.0|0.0|0.0|0.0|0.0|0.00|0.00|9999
2169520|P|FA|Austin DeCarr P • NYY|0.0|0.0|0.0|0.0|0.0|0.0|0.0|0.0|0.0|0.0|0.0|0.0|0.0|0.00|0.00|9999
29085019|P|FA|Franco Aleman P • CLE|0.0|0.0|0.0|0.0|0.0|0.0|0.0|0.0|0.0|0.0|0.0|0.0|0.0|0.00|0.00|9999
50042265|P|FA|Tzu-Chen Sha P • ATH|0.0|0.0|0.0|0.0|0.0|0.0|0.0|0.0|0.0|0.0|0.0|0.0|0.0|0.00|0.00|9999
1846226|P|FA|Jason Adam P • SD|0.0|0.0|0.0|0.0|0.0|0.0|0.0|0.0|0.0|0.0|0.0|0.0|0.0|0.00|0.00|9999
2227638|P|FA|Juan Grullon P • TEX|0.0|0.0|0.0|0.0|0.0|0.0|0.0|0.0|0.0|0.0|0.0|0.0|0.0|0.00|0.00|9999
29075781|P|FA|Trystan Vrieling P • SF|0.0|0.0|0.0|0.0|0.0|0.0|0.0|0.0|0.0|0.0|0.0|0.0|0.0|0.00|0.00|9999
2044544|P|FA|Chris Stratton P • LAD|0.0|0.0|0.0|0.0|0.0|0.0|0.0|0.0|0.0|0.0|0.0|0.0|0.0|0.00|0.00|9999
29321979|P|FA|Gerelmi Maldonado P • SF|0.0|0.0|0.0|0.0|0.0|0.0|0.0|0.0|0.0|0.0|0.0|0.0|0.0|0.00|0.00|9999
28838555|P|FA|Ricky Tiedemann P • TOR|0.0|0.0|0.0|0.0|0.0|0.0|0.0|0.0|0.0|0.0|0.0|0.0|0.0|0.00|0.00|9999
50043989|P|FA|Tyler Ras P • CHC|0.0|0.0|0.0|0.0|0.0|0.0|0.0|0.0|0.0|0.0|0.0|0.0|0.0|0.00|0.00|9999
29675836|P|FA|Brandon Johnson P • KC|0.0|0.0|0.0|0.0|0.0|0.0|0.0|0.0|0.0|0.0|0.0|0.0|0.0|0.00|0.00|9999
29662107|P|FA|Juan Valera P • BOS|0.0|0.0|0.0|0.0|0.0|0.0|0.0|0.0|0.0|0.0|0.0|0.0|0.0|0.00|0.00|9999
1925712|P|FA|Lucas Luetge P • BOS|0.0|0.0|0.0|0.0|0.0|0.0|0.0|0.0|0.0|0.0|0.0|0.0|0.0|0.00|0.00|9999
2227624|P|FA|Jonathan Maciel P • DET|0.0|0.0|0.0|0.0|0.0|0.0|0.0|0.0|0.0|0.0|0.0|0.0|0.0|0.00|0.00|9999
2211791|P|FA|Adonis Medina P • SEA|0.0|0.0|0.0|0.0|0.0|0.0|0.0|0.0|0.0|0.0|0.0|0.0|0.0|0.00|0.00|9999
26615440|P|FA|Dylan MacLean P • TEX|0.0|0.0|0.0|0.0|0.0|0.0|0.0|0.0|0.0|0.0|0.0|0.0|0.0|0.00|0.00|9999
29322014|P|FA|Kendry Rojas P • MIN|0.0|0.0|0.0|0.0|0.0|0.0|0.0|0.0|0.0|0.0|0.0|0.0|0.0|0.00|0.00|9999
2836609|P|FA|Brandon Bielak P • ARI|0.0|0.0|0.0|0.0|0.0|0.0|0.0|0.0|0.0|0.0|0.0|0.0|0.0|0.00|0.00|9999
2824108|P|FA|Jose Marte P • LAA|0.0|0.0|0.0|0.0|0.0|0.0|0.0|0.0|0.0|0.0|0.0|0.0|0.0|0.00|0.00|9999
3157643|P|FA|Penn Murfee P • CHW|0.0|0.0|0.0|0.0|0.0|0.0|0.0|0.0|0.0|0.0|0.0|0.0|0.0|0.00|0.00|9999
29330466|P|FA|Ray Gaither P • HOU|0.0|0.0|0.0|0.0|0.0|0.0|0.0|0.0|0.0|0.0|0.0|0.0|0.0|0.00|0.00|9999
2837491|P|FA|JP Sears P • SD|0.0|0.0|0.0|0.0|0.0|0.0|0.0|0.0|0.0|0.0|0.0|0.0|0.0|0.00|0.00|9999
2830248|P|FA|Luis Pacheco P • NYY|0.0|0.0|0.0|0.0|0.0|0.0|0.0|0.0|0.0|0.0|0.0|0.0|0.0|0.00|0.00|9999
3095354|P|FA|Matt Eckelman P • PIT|0.0|0.0|0.0|0.0|0.0|0.0|0.0|0.0|0.0|0.0|0.0|0.0|0.0|0.00|0.00|9999
2837455|P|FA|Logan Salow P • LAD|0.0|0.0|0.0|0.0|0.0|0.0|0.0|0.0|0.0|0.0|0.0|0.0|0.0|0.00|0.00|9999
29092492|P|FA|Jack Anderson P • MIN|0.0|0.0|0.0|0.0|0.0|0.0|0.0|0.0|0.0|0.0|0.0|0.0|0.0|0.00|0.00|9999
2223347|P|FA|Adam Parks P • TEX|0.0|0.0|0.0|0.0|0.0|0.0|0.0|0.0|0.0|0.0|0.0|0.0|0.0|0.00|0.00|9999
50044497|P|FA|Jake Garland P • ATH|0.0|0.0|0.0|0.0|0.0|0.0|0.0|0.0|0.0|0.0|0.0|0.0|0.0|0.00|0.00|9999
2933050|P|FA|Ethan Roberts P • CHC|0.0|0.0|0.0|0.0|0.0|0.0|0.0|0.0|0.0|0.0|0.0|0.0|0.0|0.00|0.00|9999
50041325|P|FA|James Ellwanger P • MIN|0.0|0.0|0.0|0.0|0.0|0.0|0.0|0.0|0.0|0.0|0.0|0.0|0.0|0.00|0.00|9999
2216698|P|FA|Austin Gomber P • TEX|0.0|0.0|0.0|0.0|0.0|0.0|0.0|0.0|0.0|0.0|0.0|0.0|0.0|0.00|0.00|9999
29658247|P|FA|Patrick Copen P • LAD|0.0|0.0|0.0|0.0|0.0|0.0|0.0|0.0|0.0|0.0|0.0|0.0|0.0|0.00|0.00|9999
2120231|P|FA|Danny Coulombe P • BOS|0.0|0.0|0.0|0.0|0.0|0.0|0.0|0.0|0.0|0.0|0.0|0.0|0.0|0.00|0.00|9999
2932795|P|FA|Austin Hansen P • HOU|0.0|0.0|0.0|0.0|0.0|0.0|0.0|0.0|0.0|0.0|0.0|0.0|0.0|0.00|0.00|9999
29676682|P|FA|Yordin Chalas P • ARI|0.0|0.0|0.0|0.0|0.0|0.0|0.0|0.0|0.0|0.0|0.0|0.0|0.0|0.00|0.00|9999
50042241|P|FA|Elison Joseph P • ATL|0.0|0.0|0.0|0.0|0.0|0.0|0.0|0.0|0.0|0.0|0.0|0.0|0.0|0.00|0.00|9999
29342266|P|FA|Jake Gozzo P • CIN|0.0|0.0|0.0|0.0|0.0|0.0|0.0|0.0|0.0|0.0|0.0|0.0|0.0|0.00|0.00|9999
29033789|P|FA|Jose Cruz P • SF|0.0|0.0|0.0|0.0|0.0|0.0|0.0|0.0|0.0|0.0|0.0|0.0|0.0|0.00|0.00|9999
2836024|P|FA|Joseph Kuzia P • TEX|0.0|0.0|0.0|0.0|0.0|0.0|0.0|0.0|0.0|0.0|0.0|0.0|0.0|0.00|0.00|9999
2915533|P|FA|Logan Boyd P • BOS|0.0|0.0|0.0|0.0|0.0|0.0|0.0|0.0|0.0|0.0|0.0|0.0|0.0|0.00|0.00|9999
2837618|P|FA|Erich Uelmen P • PHI|0.0|0.0|0.0|0.0|0.0|0.0|0.0|0.0|0.0|0.0|0.0|0.0|0.0|0.00|0.00|9999
2052592|P|FA|Jimmy Reyes P • TEX|0.0|0.0|0.0|0.0|0.0|0.0|0.0|0.0|0.0|0.0|0.0|0.0|0.0|0.00|0.00|9999
2862994|P|FA|Luis Garcia P • NYY|0.0|0.0|0.0|0.0|0.0|0.0|0.0|0.0|0.0|0.0|0.0|0.0|0.0|0.00|0.00|9999
3152123|P|FA|John Doxakis P • TB|0.0|0.0|0.0|0.0|0.0|0.0|0.0|0.0|0.0|0.0|0.0|0.0|0.0|0.00|0.00|9999
29080903|P|FA|Bailey Horn P • DET|0.0|0.0|0.0|0.0|0.0|0.0|0.0|0.0|0.0|0.0|0.0|0.0|0.0|0.00|0.00|9999
2837534|P|FA|Collin Snider P • CHC|0.0|0.0|0.0|0.0|0.0|0.0|0.0|0.0|0.0|0.0|0.0|0.0|0.0|0.00|0.00|9999
28838065|P|FA|Edgar Barclay P • NYY|0.0|0.0|0.0|0.0|0.0|0.0|0.0|0.0|0.0|0.0|0.0|0.0|0.0|0.00|0.00|9999
50043967|P|FA|Marques Johnson P • SF|0.0|0.0|0.0|0.0|0.0|0.0|0.0|0.0|0.0|0.0|0.0|0.0|0.0|0.00|0.00|9999
3151553|P|FA|Blake Taylor P • NYM|0.0|0.0|0.0|0.0|0.0|0.0|0.0|0.0|0.0|0.0|0.0|0.0|0.0|0.00|0.00|9999
2053472|P|FA|Jairo Beras P • TEX|0.0|0.0|0.0|0.0|0.0|0.0|0.0|0.0|0.0|0.0|0.0|0.0|0.0|0.00|0.00|9999
50043864|P|FA|Saul Garcia P • NYM|0.0|0.0|0.0|0.0|0.0|0.0|0.0|0.0|0.0|0.0|0.0|0.0|0.0|0.00|0.00|9999
29632925|P|FA|Jaden Hamm P • DET|0.0|0.0|0.0|0.0|0.0|0.0|0.0|0.0|0.0|0.0|0.0|0.0|0.0|0.00|0.00|9999
2120238|P|FA|Robert Benincasa P • WAS|0.0|0.0|0.0|0.0|0.0|0.0|0.0|0.0|0.0|0.0|0.0|0.0|0.0|0.00|0.00|9999
26861422|P|FA|Jonathan Bermudez P • MIA|0.0|0.0|0.0|0.0|0.0|0.0|0.0|0.0|0.0|0.0|0.0|0.0|0.0|0.00|0.00|9999
2804682|P|FA|Adam Bray P • LAD|0.0|0.0|0.0|0.0|0.0|0.0|0.0|0.0|0.0|0.0|0.0|0.0|0.0|0.00|0.00|9999
1794787|P|FA|Jason Stoffel P • PIT|0.0|0.0|0.0|0.0|0.0|0.0|0.0|0.0|0.0|0.0|0.0|0.0|0.0|0.00|0.00|9999
28837089|P|FA|Benjamin Gross P • MIN|0.0|0.0|0.0|0.0|0.0|0.0|0.0|0.0|0.0|0.0|0.0|0.0|0.0|0.00|0.00|9999
2118123|P|FA|David Buchanan P • TEX|0.0|0.0|0.0|0.0|0.0|0.0|0.0|0.0|0.0|0.0|0.0|0.0|0.0|0.00|0.00|9999
29680254|P|FA|John Murphy P • CIN|0.0|0.0|0.0|0.0|0.0|0.0|0.0|0.0|0.0|0.0|0.0|0.0|0.0|0.00|0.00|9999
1937347|P|FA|Yu Darvish P • SD|0.0|0.0|0.0|0.0|0.0|0.0|0.0|0.0|0.0|0.0|0.0|0.0|0.0|0.00|0.00|9999
50048649|P|FA|Miguel Pantoja P • TOR|0.0|0.0|0.0|0.0|0.0|0.0|0.0|0.0|0.0|0.0|0.0|0.0|0.0|0.00|0.00|9999
50041108|P|FA|River Hamilton P • DET|0.0|0.0|0.0|0.0|0.0|0.0|0.0|0.0|0.0|0.0|0.0|0.0|0.0|0.00|0.00|9999
2264741|P|FA|Jonathan Holder P • TEX|0.0|0.0|0.0|0.0|0.0|0.0|0.0|0.0|0.0|0.0|0.0|0.0|0.0|0.00|0.00|9999
29290962|P|FA|Angel Chivilli P • NYY|0.0|0.0|0.0|0.0|0.0|0.0|0.0|0.0|0.0|0.0|0.0|0.0|0.0|0.00|0.00|9999
2044484|P|FA|Mike Clevinger P • PIT|0.0|0.0|0.0|0.0|0.0|0.0|0.0|0.0|0.0|0.0|0.0|0.0|0.0|0.00|0.00|9999
2932044|P|FA|Nick Sandlin P • LAA|0.0|0.0|0.0|0.0|0.0|0.0|0.0|0.0|0.0|0.0|0.0|0.0|0.0|0.00|0.00|9999
28840202|P|FA|Carson Coleman P • NYY|0.0|0.0|0.0|0.0|0.0|0.0|0.0|0.0|0.0|0.0|0.0|0.0|0.0|0.00|0.00|9999
2932713|P|FA|Colton Eastman P • PHI|0.0|0.0|0.0|0.0|0.0|0.0|0.0|0.0|0.0|0.0|0.0|0.0|0.0|0.00|0.00|9999
2822798|P|FA|Julio Frias P • ARI|0.0|0.0|0.0|0.0|0.0|0.0|0.0|0.0|0.0|0.0|0.0|0.0|0.0|0.00|0.00|9999
28920033|P|FA|Reggie Crawford P • SF|0.0|0.0|0.0|0.0|0.0|0.0|0.0|0.0|0.0|0.0|0.0|0.0|0.0|0.00|0.00|9999
29676675|P|FA|Carson Hobbs P • LAD|0.0|0.0|0.0|0.0|0.0|0.0|0.0|0.0|0.0|0.0|0.0|0.0|0.0|0.00|0.00|9999
26615417|P|FA|Andrew Dalquist P • SD|0.0|0.0|0.0|0.0|0.0|0.0|0.0|0.0|0.0|0.0|0.0|0.0|0.0|0.00|0.00|9999
29681723|P|FA|Ryan Harbin P • PIT|0.0|0.0|0.0|0.0|0.0|0.0|0.0|0.0|0.0|0.0|0.0|0.0|0.0|0.00|0.00|9999
29075711|P|FA|Jake Madden P • COL|0.0|0.0|0.0|0.0|0.0|0.0|0.0|0.0|0.0|0.0|0.0|0.0|0.0|0.00|0.00|9999
29075726|P|FA|Landon Sims P • ARI|0.0|0.0|0.0|0.0|0.0|0.0|0.0|0.0|0.0|0.0|0.0|0.0|0.0|0.00|0.00|9999
2220464|P|FA|Luis Diaz P • SD|0.0|0.0|0.0|0.0|0.0|0.0|0.0|0.0|0.0|0.0|0.0|0.0|0.0|0.00|0.00|9999
26911774|P|FA|Eric Orze P • MIN|0.0|0.0|0.0|0.0|0.0|0.0|0.0|0.0|0.0|0.0|0.0|0.0|0.0|0.00|0.00|9999
2898209|P|FA|Jaime Barria P • CLE|0.0|0.0|0.0|0.0|0.0|0.0|0.0|0.0|0.0|0.0|0.0|0.0|0.0|0.00|0.00|9999
50036776|P|FA|Leandro Lopez P • TEX|0.0|0.0|0.0|0.0|0.0|0.0|0.0|0.0|0.0|0.0|0.0|0.0|0.0|0.00|0.00|9999
2120761|P|FA|Kyle Winkler P • ARI|0.0|0.0|0.0|0.0|0.0|0.0|0.0|0.0|0.0|0.0|0.0|0.0|0.0|0.00|0.00|9999
2167486|P|FA|Matt Imhof P • PHI|0.0|0.0|0.0|0.0|0.0|0.0|0.0|0.0|0.0|0.0|0.0|0.0|0.0|0.00|0.00|9999
2118130|P|FA|Wes Parsons P • CLE|0.0|0.0|0.0|0.0|0.0|0.0|0.0|0.0|0.0|0.0|0.0|0.0|0.0|0.00|0.00|9999
1957208|P|FA|Frank Batista P • CHC|0.0|0.0|0.0|0.0|0.0|0.0|0.0|0.0|0.0|0.0|0.0|0.0|0.0|0.00|0.00|9999
2228217|P|FA|Myles Smith P • ARI|0.0|0.0|0.0|0.0|0.0|0.0|0.0|0.0|0.0|0.0|0.0|0.0|0.0|0.00|0.00|9999
2837406|P|FA|Daniel Robert P • PHI|0.0|0.0|0.0|0.0|0.0|0.0|0.0|0.0|0.0|0.0|0.0|0.0|0.0|0.00|0.00|9999
29084217|P|FA|Carlson Reed P • PIT|0.0|0.0|0.0|0.0|0.0|0.0|0.0|0.0|0.0|0.0|0.0|0.0|0.0|0.00|0.00|9999
28973460|P|FA|Easton McGee P • KC|0.0|0.0|0.0|0.0|0.0|0.0|0.0|0.0|0.0|0.0|0.0|0.0|0.0|0.00|0.00|9999
29295986|P|FA|Jimmy Joyce P • SEA|0.0|0.0|0.0|0.0|0.0|0.0|0.0|0.0|0.0|0.0|0.0|0.0|0.0|0.00|0.00|9999
29349515|P|FA|Will Mabrey P • ARI|0.0|0.0|0.0|0.0|0.0|0.0|0.0|0.0|0.0|0.0|0.0|0.0|0.0|0.00|0.00|9999
29676029|P|FA|Alfred Morillo P • ARI|0.0|0.0|0.0|0.0|0.0|0.0|0.0|0.0|0.0|0.0|0.0|0.0|0.0|0.00|0.00|9999
2216700|P|FA|Trey Nielsen P • STL|0.0|0.0|0.0|0.0|0.0|0.0|0.0|0.0|0.0|0.0|0.0|0.0|0.0|0.00|0.00|9999
50043919|P|FA|RJ Shunck P • MIA|0.0|0.0|0.0|0.0|0.0|0.0|0.0|0.0|0.0|0.0|0.0|0.0|0.0|0.00|0.00|9999
2921562|P|FA|Joshua Torres P • NYM|0.0|0.0|0.0|0.0|0.0|0.0|0.0|0.0|0.0|0.0|0.0|0.0|0.0|0.00|0.00|9999
50043902|P|FA|Ryan Birchard P • MIL|0.0|0.0|0.0|0.0|0.0|0.0|0.0|0.0|0.0|0.0|0.0|0.0|0.0|0.00|0.00|9999
29679114|P|FA|Braeden Fausnaught P • PHI|0.0|0.0|0.0|0.0|0.0|0.0|0.0|0.0|0.0|0.0|0.0|0.0|0.0|0.00|0.00|9999
2167510|P|FA|Dylan Floro P • ARI|0.0|0.0|0.0|0.0|0.0|0.0|0.0|0.0|0.0|0.0|0.0|0.0|0.0|0.00|0.00|9999
2507517|P|FA|Dinelson Lamet P • LAD|0.0|0.0|0.0|0.0|0.0|0.0|0.0|0.0|0.0|0.0|0.0|0.0|0.0|0.00|0.00|9999
50041204|P|FA|Frank Cairone P • MIL|0.0|0.0|0.0|0.0|0.0|0.0|0.0|0.0|0.0|0.0|0.0|0.0|0.0|0.00|0.00|9999
2122191|P|FA|Yacksel Rios P • CHC|0.0|0.0|0.0|0.0|0.0|0.0|0.0|0.0|0.0|0.0|0.0|0.0|0.0|0.00|0.00|9999
2823907|P|FA|Lucas Long P • BAL|0.0|0.0|0.0|0.0|0.0|0.0|0.0|0.0|0.0|0.0|0.0|0.0|0.0|0.00|0.00|9999
2932858|P|FA|Stephen Kolek P • KC|0.0|0.0|0.0|0.0|0.0|0.0|0.0|0.0|0.0|0.0|0.0|0.0|0.0|0.00|0.00|9999
29295992|P|FA|Dalton Rogers P • BOS|0.0|0.0|0.0|0.0|0.0|0.0|0.0|0.0|0.0|0.0|0.0|0.0|0.0|0.00|0.00|9999
50045019|P|FA|Kyle McCoy P • CIN|0.0|0.0|0.0|0.0|0.0|0.0|0.0|0.0|0.0|0.0|0.0|0.0|0.0|0.00|0.00|9999
29662105|P|FA|Samuel Sanchez P • LAD|0.0|0.0|0.0|0.0|0.0|0.0|0.0|0.0|0.0|0.0|0.0|0.0|0.0|0.00|0.00|9999
2164747|P|FA|Tyler Duffey P • KC|0.0|0.0|0.0|0.0|0.0|0.0|0.0|0.0|0.0|0.0|0.0|0.0|0.0|0.00|0.00|9999
29342334|P|FA|Aaron Rozek P • NYM|0.0|0.0|0.0|0.0|0.0|0.0|0.0|0.0|0.0|0.0|0.0|0.0|0.0|0.00|0.00|9999
2825096|P|FA|Anderson Pilar P • ATL|0.0|0.0|0.0|0.0|0.0|0.0|0.0|0.0|0.0|0.0|0.0|0.0|0.0|0.00|0.00|9999
29295974|P|FA|Rhett Kouba P • HOU|0.0|0.0|0.0|0.0|0.0|0.0|0.0|0.0|0.0|0.0|0.0|0.0|0.0|0.00|0.00|9999
28838089|P|FA|Benjamin Onyshko P • SEA|0.0|0.0|0.0|0.0|0.0|0.0|0.0|0.0|0.0|0.0|0.0|0.0|0.0|0.00|0.00|9999
2211246|P|FA|Alex Young P • CIN|0.0|0.0|0.0|0.0|0.0|0.0|0.0|0.0|0.0|0.0|0.0|0.0|0.0|0.00|0.00|9999
28842427|P|FA|Denny Roman P • PIT|0.0|0.0|0.0|0.0|0.0|0.0|0.0|0.0|0.0|0.0|0.0|0.0|0.0|0.00|0.00|9999
3086103|P|FA|Dalton Moats P • TB|0.0|0.0|0.0|0.0|0.0|0.0|0.0|0.0|0.0|0.0|0.0|0.0|0.0|0.00|0.00|9999
29087626|P|FA|Osiel Rodriguez P • NYY|0.0|0.0|0.0|0.0|0.0|0.0|0.0|0.0|0.0|0.0|0.0|0.0|0.0|0.00|0.00|9999
29085041|P|FA|Stefan Raeth P • SEA|0.0|0.0|0.0|0.0|0.0|0.0|0.0|0.0|0.0|0.0|0.0|0.0|0.0|0.00|0.00|9999
26911786|P|FA|Shane Panzini P • KC|0.0|0.0|0.0|0.0|0.0|0.0|0.0|0.0|0.0|0.0|0.0|0.0|0.0|0.00|0.00|9999
2250615|P|FA|Cole Ragans P • KC|0.0|0.0|0.0|0.0|0.0|0.0|0.0|0.0|0.0|0.0|0.0|0.0|0.0|0.00|0.00|9999
2932643|P|FA|Calvin Coker P • DET|0.0|0.0|0.0|0.0|0.0|0.0|0.0|0.0|0.0|0.0|0.0|0.0|0.0|0.00|0.00|9999
2837489|P|FA|Connor Seabold P • KC|0.0|0.0|0.0|0.0|0.0|0.0|0.0|0.0|0.0|0.0|0.0|0.0|0.0|0.00|0.00|9999
29676332|P|FA|Jason Ruffcorn P • SEA|0.0|0.0|0.0|0.0|0.0|0.0|0.0|0.0|0.0|0.0|0.0|0.0|0.0|0.00|0.00|9999
29321962|P|FA|Carlos Lagrange P • NYY|0.0|0.0|0.0|0.0|0.0|0.0|0.0|0.0|0.0|0.0|0.0|0.0|0.0|0.00|0.00|9999
29092534|P|FA|Gabriel Ponce P • TOR|0.0|0.0|0.0|0.0|0.0|0.0|0.0|0.0|0.0|0.0|0.0|0.0|0.0|0.00|0.00|9999
2836558|P|FA|Troy Bacon P • ATL|0.0|0.0|0.0|0.0|0.0|0.0|0.0|0.0|0.0|0.0|0.0|0.0|0.0|0.00|0.00|9999
29688606|P|FA|Josh Hejka P • TEX|0.0|0.0|0.0|0.0|0.0|0.0|0.0|0.0|0.0|0.0|0.0|0.0|0.0|0.00|0.00|9999
29644448|P|FA|Luke Sinnard P • ATL|0.0|0.0|0.0|0.0|0.0|0.0|0.0|0.0|0.0|0.0|0.0|0.0|0.0|0.00|0.00|9999
50042267|P|FA|Chia-Shi Shen P • SEA|0.0|0.0|0.0|0.0|0.0|0.0|0.0|0.0|0.0|0.0|0.0|0.0|0.0|0.00|0.00|9999
26660164|P|FA|Dax Fulton P • MIA|0.0|0.0|0.0|0.0|0.0|0.0|0.0|0.0|0.0|0.0|0.0|0.0|0.0|0.00|0.00|9999
2169646|P|FA|Paul Voelker P • DET|0.0|0.0|0.0|0.0|0.0|0.0|0.0|0.0|0.0|0.0|0.0|0.0|0.0|0.00|0.00|9999
29327027|P|FA|Naoyuki Uwasawa P • BOS|0.0|0.0|0.0|0.0|0.0|0.0|0.0|0.0|0.0|0.0|0.0|0.0|0.0|0.00|0.00|9999
26911798|P|FA|Marco Raya P • MIN|0.0|0.0|0.0|0.0|0.0|0.0|0.0|0.0|0.0|0.0|0.0|0.0|0.0|0.00|0.00|9999
2837010|P|FA|Brian Howard P • ATH|0.0|0.0|0.0|0.0|0.0|0.0|0.0|0.0|0.0|0.0|0.0|0.0|0.0|0.00|0.00|9999
2136392|P|FA|Nick Howard P • CIN|0.0|0.0|0.0|0.0|0.0|0.0|0.0|0.0|0.0|0.0|0.0|0.0|0.0|0.00|0.00|9999
29342327|P|FA|Austin Pope P • ATL|0.0|0.0|0.0|0.0|0.0|0.0|0.0|0.0|0.0|0.0|0.0|0.0|0.0|0.00|0.00|9999
1727410|P|FA|Edgar Osuna P • KC|0.0|0.0|0.0|0.0|0.0|0.0|0.0|0.0|0.0|0.0|0.0|0.0|0.0|0.00|0.00|9999
50041102|P|FA|Konner Eaton P • COL|0.0|0.0|0.0|0.0|0.0|0.0|0.0|0.0|0.0|0.0|0.0|0.0|0.0|0.00|0.00|9999
2178583|P|FA|Mitch Lambson P • MIL|0.0|0.0|0.0|0.0|0.0|0.0|0.0|0.0|0.0|0.0|0.0|0.0|0.0|0.00|0.00|9999
26912483|P|FA|Sem Robberse P • STL|0.0|0.0|0.0|0.0|0.0|0.0|0.0|0.0|0.0|0.0|0.0|0.0|0.0|0.00|0.00|9999
1937569|P|FA|Mitch Lively P • WAS|0.0|0.0|0.0|0.0|0.0|0.0|0.0|0.0|0.0|0.0|0.0|0.0|0.0|0.00|0.00|9999
2830089|P|FA|Stiward Aquino P • LAA|0.0|0.0|0.0|0.0|0.0|0.0|0.0|0.0|0.0|0.0|0.0|0.0|0.0|0.00|0.00|9999
29677832|P|FA|Rob Griswold P • ATL|0.0|0.0|0.0|0.0|0.0|0.0|0.0|0.0|0.0|0.0|0.0|0.0|0.0|0.00|0.00|9999
3117235|P|FA|Zach Plesac P • LAA|0.0|0.0|0.0|0.0|0.0|0.0|0.0|0.0|0.0|0.0|0.0|0.0|0.0|0.00|0.00|9999
29658245|P|FA|Jacob Bresnahan P • SF|0.0|0.0|0.0|0.0|0.0|0.0|0.0|0.0|0.0|0.0|0.0|0.0|0.0|0.00|0.00|9999
29687795|P|FA|Colton Johnson P • ATH|0.0|0.0|0.0|0.0|0.0|0.0|0.0|0.0|0.0|0.0|0.0|0.0|0.0|0.00|0.00|9999
2119289|P|FA|Boone Whiting P • STL|0.0|0.0|0.0|0.0|0.0|0.0|0.0|0.0|0.0|0.0|0.0|0.0|0.0|0.00|0.00|9999
29674735|P|FA|Koyo Aoyagi P • PHI|0.0|0.0|0.0|0.0|0.0|0.0|0.0|0.0|0.0|0.0|0.0|0.0|0.0|0.00|0.00|9999
3107898|P|FA|Mike Wallace P • PIT|0.0|0.0|0.0|0.0|0.0|0.0|0.0|0.0|0.0|0.0|0.0|0.0|0.0|0.00|0.00|9999
50043958|P|FA|Carson Skipper P • COL|0.0|0.0|0.0|0.0|0.0|0.0|0.0|0.0|0.0|0.0|0.0|0.0|0.0|0.00|0.00|9999
29084533|P|FA|Derek West P • HOU|0.0|0.0|0.0|0.0|0.0|0.0|0.0|0.0|0.0|0.0|0.0|0.0|0.0|0.00|0.00|9999
3117926|P|FA|Blake Walston P • ARI|0.0|0.0|0.0|0.0|0.0|0.0|0.0|0.0|0.0|0.0|0.0|0.0|0.0|0.00|0.00|9999
50041327|P|FA|Jason Reitz P • MIN|0.0|0.0|0.0|0.0|0.0|0.0|0.0|0.0|0.0|0.0|0.0|0.0|0.0|0.00|0.00|9999
2117347|P|FA|Nick Additon P • BAL|0.0|0.0|0.0|0.0|0.0|0.0|0.0|0.0|0.0|0.0|0.0|0.0|0.0|0.00|0.00|9999
2804918|P|FA|Jacob Dorris P • HOU|0.0|0.0|0.0|0.0|0.0|0.0|0.0|0.0|0.0|0.0|0.0|0.0|0.0|0.00|0.00|9999
29077690|P|FA|Yu-Min Lin P • ARI|0.0|0.0|0.0|0.0|0.0|0.0|0.0|0.0|0.0|0.0|0.0|0.0|0.0|0.00|0.00|9999
29675455|P|FA|Grant Kipp P • CHC|0.0|0.0|0.0|0.0|0.0|0.0|0.0|0.0|0.0|0.0|0.0|0.0|0.0|0.00|0.00|9999
2837679|P|FA|Kodi Whitley P • TB|0.0|0.0|0.0|0.0|0.0|0.0|0.0|0.0|0.0|0.0|0.0|0.0|0.0|0.00|0.00|9999
29644470|P|FA|Ryan Forcucci P • HOU|0.0|0.0|0.0|0.0|0.0|0.0|0.0|0.0|0.0|0.0|0.0|0.0|0.0|0.00|0.00|9999
29090129|P|FA|Jack Dashwood P • ATL|0.0|0.0|0.0|0.0|0.0|0.0|0.0|0.0|0.0|0.0|0.0|0.0|0.0|0.00|0.00|9999
2829868|P|FA|Osvaldo Bido P • CHW|0.0|0.0|0.0|0.0|0.0|0.0|0.0|0.0|0.0|0.0|0.0|0.0|0.0|0.00|0.00|9999
29087632|P|FA|Mason Vinyard P • NYY|0.0|0.0|0.0|0.0|0.0|0.0|0.0|0.0|0.0|0.0|0.0|0.0|0.0|0.00|0.00|9999
50041334|P|FA|Matthew Fisher P • PHI|0.0|0.0|0.0|0.0|0.0|0.0|0.0|0.0|0.0|0.0|0.0|0.0|0.0|0.00|0.00|9999
2828975|P|FA|Jose Butto P • SF|0.0|0.0|0.0|0.0|0.0|0.0|0.0|0.0|0.0|0.0|0.0|0.0|0.0|0.00|0.00|9999
29075738|P|FA|Max Rajcic P • STL|0.0|0.0|0.0|0.0|0.0|0.0|0.0|0.0|0.0|0.0|0.0|0.0|0.0|0.00|0.00|9999
2118135|P|FA|Dylan Covey P • ATL|0.0|0.0|0.0|0.0|0.0|0.0|0.0|0.0|0.0|0.0|0.0|0.0|0.0|0.00|0.00|9999
2836824|P|FA|Zack Draper P • CLE|0.0|0.0|0.0|0.0|0.0|0.0|0.0|0.0|0.0|0.0|0.0|0.0|0.0|0.00|0.00|9999
50044688|P|FA|Braian Salazar P • SD|0.0|0.0|0.0|0.0|0.0|0.0|0.0|0.0|0.0|0.0|0.0|0.0|0.0|0.00|0.00|9999
50043873|P|FA|Nick Sando P • CIN|0.0|0.0|0.0|0.0|0.0|0.0|0.0|0.0|0.0|0.0|0.0|0.0|0.0|0.00|0.00|9999
2226904|P|FA|Joey Krehbiel P • TB|0.0|0.0|0.0|0.0|0.0|0.0|0.0|0.0|0.0|0.0|0.0|0.0|0.0|0.00|0.00|9999
29686467|P|FA|Tyler Schoff P • WAS|0.0|0.0|0.0|0.0|0.0|0.0|0.0|0.0|0.0|0.0|0.0|0.0|0.0|0.00|0.00|9999
2932897|P|FA|Ben Madison P • SF|0.0|0.0|0.0|0.0|0.0|0.0|0.0|0.0|0.0|0.0|0.0|0.0|0.0|0.00|0.00|9999
1208662|P|FA|Ivan Maldonado P • NYM|0.0|0.0|0.0|0.0|0.0|0.0|0.0|0.0|0.0|0.0|0.0|0.0|0.0|0.00|0.00|9999
26615408|P|FA|Liam Norris P • ARI|0.0|0.0|0.0|0.0|0.0|0.0|0.0|0.0|0.0|0.0|0.0|0.0|0.0|0.00|0.00|9999
29676662|P|FA|Alfred Vega P • NYM|0.0|0.0|0.0|0.0|0.0|0.0|0.0|0.0|0.0|0.0|0.0|0.0|0.0|0.00|0.00|9999
2931959|P|FA|Carlos Guarate P • ATH|0.0|0.0|0.0|0.0|0.0|0.0|0.0|0.0|0.0|0.0|0.0|0.0|0.0|0.00|0.00|9999
26912466|P|FA|Joel Diaz P • NYM|0.0|0.0|0.0|0.0|0.0|0.0|0.0|0.0|0.0|0.0|0.0|0.0|0.0|0.00|0.00|9999
26615419|P|FA|Will Ethridge P • COL|0.0|0.0|0.0|0.0|0.0|0.0|0.0|0.0|0.0|0.0|0.0|0.0|0.0|0.00|0.00|9999
2823279|P|FA|Wes Helsabeck P • LAD|0.0|0.0|0.0|0.0|0.0|0.0|0.0|0.0|0.0|0.0|0.0|0.0|0.0|0.00|0.00|9999
28843214|P|FA|Chris Jefferson P • SEA|0.0|0.0|0.0|0.0|0.0|0.0|0.0|0.0|0.0|0.0|0.0|0.0|0.0|0.00|0.00|9999
29085040|P|FA|Zane Mills P • CHC|0.0|0.0|0.0|0.0|0.0|0.0|0.0|0.0|0.0|0.0|0.0|0.0|0.0|0.00|0.00|9999
29342221|P|FA|Luarbert Arias P • MIA|0.0|0.0|0.0|0.0|0.0|0.0|0.0|0.0|0.0|0.0|0.0|0.0|0.0|0.00|0.00|9999
1958828|P|FA|Mark Montgomery P • BOS|0.0|0.0|0.0|0.0|0.0|0.0|0.0|0.0|0.0|0.0|0.0|0.0|0.0|0.00|0.00|9999
50027254|P|FA|T.J. Nichols P • TB|0.0|0.0|0.0|0.0|0.0|0.0|0.0|0.0|0.0|0.0|0.0|0.0|0.0|0.00|0.00|9999
2825796|P|FA|Gregory Santos P • SF|0.0|0.0|0.0|0.0|0.0|0.0|0.0|0.0|0.0|0.0|0.0|0.0|0.0|0.00|0.00|9999
2794797|P|FA|Ryan McNeil P • CHC|0.0|0.0|0.0|0.0|0.0|0.0|0.0|0.0|0.0|0.0|0.0|0.0|0.0|0.00|0.00|9999
2731206|P|FA|Brett McKinney P • PIT|0.0|0.0|0.0|0.0|0.0|0.0|0.0|0.0|0.0|0.0|0.0|0.0|0.0|0.00|0.00|9999
2220474|P|FA|Caleb Dirks P • ATL|0.0|0.0|0.0|0.0|0.0|0.0|0.0|0.0|0.0|0.0|0.0|0.0|0.0|0.00|0.00|9999
50052395|P|FA|Davidxon Lara P • MIA|0.0|0.0|0.0|0.0|0.0|0.0|0.0|0.0|0.0|0.0|0.0|0.0|0.0|0.00|0.00|9999
50043917|P|FA|Calvin Bickerstaff P • BOS|0.0|0.0|0.0|0.0|0.0|0.0|0.0|0.0|0.0|0.0|0.0|0.0|0.0|0.00|0.00|9999
2053578|P|FA|Kyle Smith P • HOU|0.0|0.0|0.0|0.0|0.0|0.0|0.0|0.0|0.0|0.0|0.0|0.0|0.0|0.00|0.00|9999
29084219|P|FA|Andrew Saalfrank P • ARI|0.0|0.0|0.0|0.0|0.0|0.0|0.0|0.0|0.0|0.0|0.0|0.0|0.0|0.00|0.00|9999
2932650|P|FA|Ryan Conroy P • BAL|0.0|0.0|0.0|0.0|0.0|0.0|0.0|0.0|0.0|0.0|0.0|0.0|0.0|0.00|0.00|9999
2921558|P|FA|Jeff Kinley P • MIA|0.0|0.0|0.0|0.0|0.0|0.0|0.0|0.0|0.0|0.0|0.0|0.0|0.0|0.00|0.00|9999
50043969|P|FA|Jose Pena Jr. P • PHI|0.0|0.0|0.0|0.0|0.0|0.0|0.0|0.0|0.0|0.0|0.0|0.0|0.0|0.00|0.00|9999
29322003|P|FA|Wen-Hui Pan P • PHI|0.0|0.0|0.0|0.0|0.0|0.0|0.0|0.0|0.0|0.0|0.0|0.0|0.0|0.00|0.00|9999
1765805|P|FA|Peter Tago P • SF|0.0|0.0|0.0|0.0|0.0|0.0|0.0|0.0|0.0|0.0|0.0|0.0|0.0|0.00|0.00|9999
29344932|P|FA|Paxton Thompson P • PHI|0.0|0.0|0.0|0.0|0.0|0.0|0.0|0.0|0.0|0.0|0.0|0.0|0.0|0.00|0.00|9999
28838072|P|FA|Nash Walters P • LAA|0.0|0.0|0.0|0.0|0.0|0.0|0.0|0.0|0.0|0.0|0.0|0.0|0.0|0.00|0.00|9999
50043439|P|FA|Matt Turner P • NYM|0.0|0.0|0.0|0.0|0.0|0.0|0.0|0.0|0.0|0.0|0.0|0.0|0.0|0.00|0.00|9999
2825381|P|FA|Luis Rijo P • NYY|0.0|0.0|0.0|0.0|0.0|0.0|0.0|0.0|0.0|0.0|0.0|0.0|0.0|0.00|0.00|9999
2453412|P|FA|Matt Krook P • WAS|0.0|0.0|0.0|0.0|0.0|0.0|0.0|0.0|0.0|0.0|0.0|0.0|0.0|0.00|0.00|9999
26615452|P|FA|Trevor McDonald P • SF|0.0|0.0|0.0|0.0|0.0|0.0|0.0|0.0|0.0|0.0|0.0|0.0|0.0|0.00|0.00|9999
2794805|P|FA|Darin Gillies P • BOS|0.0|0.0|0.0|0.0|0.0|0.0|0.0|0.0|0.0|0.0|0.0|0.0|0.0|0.00|0.00|9999
2837138|P|FA|Zach Logue P • LAD|0.0|0.0|0.0|0.0|0.0|0.0|0.0|0.0|0.0|0.0|0.0|0.0|0.0|0.00|0.00|9999
29096144|P|FA|Logan Workman P • TB|0.0|0.0|0.0|0.0|0.0|0.0|0.0|0.0|0.0|0.0|0.0|0.0|0.0|0.00|0.00|9999
29644471|P|FA|Trey Gregory-Alford P • LAA|0.0|0.0|0.0|0.0|0.0|0.0|0.0|0.0|0.0|0.0|0.0|0.0|0.0|0.00|0.00|9999
2829122|P|FA|Leonardo Rodriguez P • BAL|0.0|0.0|0.0|0.0|0.0|0.0|0.0|0.0|0.0|0.0|0.0|0.0|0.0|0.00|0.00|9999
2113508|P|FA|Drew VerHagen P • STL|0.0|0.0|0.0|0.0|0.0|0.0|0.0|0.0|0.0|0.0|0.0|0.0|0.0|0.00|0.00|9999
2211217|P|FA|Sam Coonrod P • NYM|0.0|0.0|0.0|0.0|0.0|0.0|0.0|0.0|0.0|0.0|0.0|0.0|0.0|0.00|0.00|9999
29077691|P|FA|Zach Brzykcy P • MIA|0.0|0.0|0.0|0.0|0.0|0.0|0.0|0.0|0.0|0.0|0.0|0.0|0.0|0.00|0.00|9999
2836544|P|FA|Clayton Andrews P • NYY|0.0|0.0|0.0|0.0|0.0|0.0|0.0|0.0|0.0|0.0|0.0|0.0|0.0|0.00|0.00|9999
2135263|P|FA|Justus Sheffield P • SEA|0.0|0.0|0.0|0.0|0.0|0.0|0.0|0.0|0.0|0.0|0.0|0.0|0.0|0.00|0.00|9999
2169711|P|FA|Tucker Healy P • ATH|0.0|0.0|0.0|0.0|0.0|0.0|0.0|0.0|0.0|0.0|0.0|0.0|0.0|0.00|0.00|9999
2932762|P|FA|Franklin German P • BOS|0.0|0.0|0.0|0.0|0.0|0.0|0.0|0.0|0.0|0.0|0.0|0.0|0.0|0.00|0.00|9999
29075761|P|FA|Ronan Kopp P • LAD|0.0|0.0|0.0|0.0|0.0|0.0|0.0|0.0|0.0|0.0|0.0|0.0|0.0|0.00|0.00|9999
2932691|P|FA|Ethan DeCaster P • DET|0.0|0.0|0.0|0.0|0.0|0.0|0.0|0.0|0.0|0.0|0.0|0.0|0.0|0.00|0.00|9999
50041329|P|FA|Camden Lohman P • NYM|0.0|0.0|0.0|0.0|0.0|0.0|0.0|0.0|0.0|0.0|0.0|0.0|0.0|0.00|0.00|9999
3157958|P|FA|Elliot Ashbeck P • SD|0.0|0.0|0.0|0.0|0.0|0.0|0.0|0.0|0.0|0.0|0.0|0.0|0.0|0.00|0.00|9999
2910629|P|FA|Kyle Young P • PHI|0.0|0.0|0.0|0.0|0.0|0.0|0.0|0.0|0.0|0.0|0.0|0.0|0.0|0.00|0.00|9999
1939521|P|FA|Erasmo Ramirez P • MIN|0.0|0.0|0.0|0.0|0.0|0.0|0.0|0.0|0.0|0.0|0.0|0.0|0.0|0.00|0.00|9999
2734573|P|FA|Tristan Archer P • MIL|0.0|0.0|0.0|0.0|0.0|0.0|0.0|0.0|0.0|0.0|0.0|0.0|0.0|0.00|0.00|9999
29680343|P|FA|Brandon Komar P • CIN|0.0|0.0|0.0|0.0|0.0|0.0|0.0|0.0|0.0|0.0|0.0|0.0|0.0|0.00|0.00|9999
2121456|P|FA|Josh Turley P • DET|0.0|0.0|0.0|0.0|0.0|0.0|0.0|0.0|0.0|0.0|0.0|0.0|0.0|0.00|0.00|9999
2170275|P|FA|Johan Belisario P • MIL|0.0|0.0|0.0|0.0|0.0|0.0|0.0|0.0|0.0|0.0|0.0|0.0|0.0|0.00|0.00|9999
29684955|P|FA|Najer Victor P • LAA|0.0|0.0|0.0|0.0|0.0|0.0|0.0|0.0|0.0|0.0|0.0|0.0|0.0|0.00|0.00|9999
50044464|P|FA|Johan Simon P • DET|0.0|0.0|0.0|0.0|0.0|0.0|0.0|0.0|0.0|0.0|0.0|0.0|0.0|0.00|0.00|9999
29687764|P|FA|Grant Ford P • PIT|0.0|0.0|0.0|0.0|0.0|0.0|0.0|0.0|0.0|0.0|0.0|0.0|0.0|0.00|0.00|9999
50041343|P|FA|Tucker Musgrove P • SD|0.0|0.0|0.0|0.0|0.0|0.0|0.0|0.0|0.0|0.0|0.0|0.0|0.0|0.00|0.00|9999
2656661|P|FA|Jhondaniel Medina P • CHC|0.0|0.0|0.0|0.0|0.0|0.0|0.0|0.0|0.0|0.0|0.0|0.0|0.0|0.00|0.00|9999
2167474|P|FA|Austin Kubitza P • DET|0.0|0.0|0.0|0.0|0.0|0.0|0.0|0.0|0.0|0.0|0.0|0.0|0.0|0.00|0.00|9999
50044837|P|FA|Zack Lee P • DET|0.0|0.0|0.0|0.0|0.0|0.0|0.0|0.0|0.0|0.0|0.0|0.0|0.0|0.00|0.00|9999
26615458|P|FA|Blair Henley P • HOU|0.0|0.0|0.0|0.0|0.0|0.0|0.0|0.0|0.0|0.0|0.0|0.0|0.0|0.00|0.00|9999
50043065|P|FA|Eric Loomis P • TEX|0.0|0.0|0.0|0.0|0.0|0.0|0.0|0.0|0.0|0.0|0.0|0.0|0.0|0.00|0.00|9999
29295963|P|FA|Payton Martin P • LAD|0.0|0.0|0.0|0.0|0.0|0.0|0.0|0.0|0.0|0.0|0.0|0.0|0.0|0.00|0.00|9999
2211241|P|FA|Jordan Johnson P • MIN|0.0|0.0|0.0|0.0|0.0|0.0|0.0|0.0|0.0|0.0|0.0|0.0|0.0|0.00|0.00|9999
2836724|P|FA|Trey Cobb P • PHI|0.0|0.0|0.0|0.0|0.0|0.0|0.0|0.0|0.0|0.0|0.0|0.0|0.0|0.00|0.00|9999
2829920|P|FA|Jose Montilla P • ATL|0.0|0.0|0.0|0.0|0.0|0.0|0.0|0.0|0.0|0.0|0.0|0.0|0.0|0.00|0.00|9999
28838087|P|FA|Justin Hagenman P • NYM|0.0|0.0|0.0|0.0|0.0|0.0|0.0|0.0|0.0|0.0|0.0|0.0|0.0|0.00|0.00|9999
3097421|P|FA|Sean Reynolds P • SD|0.0|0.0|0.0|0.0|0.0|0.0|0.0|0.0|0.0|0.0|0.0|0.0|0.0|0.00|0.00|9999
26635156|P|FA|Noah Murdock P • PIT|0.0|0.0|0.0|0.0|0.0|0.0|0.0|0.0|0.0|0.0|0.0|0.0|0.0|0.00|0.00|9999
29321959|P|FA|Seth Keener P • CHW|0.0|0.0|0.0|0.0|0.0|0.0|0.0|0.0|0.0|0.0|0.0|0.0|0.0|0.00|0.00|9999
2001084|P|FA|Lance McCullers P • MIL|0.0|0.0|0.0|0.0|0.0|0.0|0.0|0.0|0.0|0.0|0.0|0.0|0.0|0.00|0.00|9999
3079502|P|FA|Tyler Gilbert P • CHW|0.0|0.0|0.0|0.0|0.0|0.0|0.0|0.0|0.0|0.0|0.0|0.0|0.0|0.00|0.00|9999
2837604|P|FA|Daniel Tillo P • SF|0.0|0.0|0.0|0.0|0.0|0.0|0.0|0.0|0.0|0.0|0.0|0.0|0.0|0.00|0.00|9999
50045017|P|FA|Brady Afthim P • CIN|0.0|0.0|0.0|0.0|0.0|0.0|0.0|0.0|0.0|0.0|0.0|0.0|0.0|0.00|0.00|9999
29683717|P|FA|Adam Smith P • BOS|0.0|0.0|0.0|0.0|0.0|0.0|0.0|0.0|0.0|0.0|0.0|0.0|0.0|0.00|0.00|9999
29342329|P|FA|Julio Robaina P • HOU|0.0|0.0|0.0|0.0|0.0|0.0|0.0|0.0|0.0|0.0|0.0|0.0|0.0|0.00|0.00|9999
2836959|P|FA|Brett Hanewich P • LAA|0.0|0.0|0.0|0.0|0.0|0.0|0.0|0.0|0.0|0.0|0.0|0.0|0.0|0.00|0.00|9999
29065551|P|FA|Adam Mazur P • MIA|0.0|0.0|0.0|0.0|0.0|0.0|0.0|0.0|0.0|0.0|0.0|0.0|0.0|0.00|0.00|9999
2824379|P|FA|Abdiel Mendoza P • SEA|0.0|0.0|0.0|0.0|0.0|0.0|0.0|0.0|0.0|0.0|0.0|0.0|0.0|0.00|0.00|9999
2837640|P|FA|Stephen Villines P • NYM|0.0|0.0|0.0|0.0|0.0|0.0|0.0|0.0|0.0|0.0|0.0|0.0|0.0|0.00|0.00|9999
2044117|P|FA|Mark Sappington P • TB|0.0|0.0|0.0|0.0|0.0|0.0|0.0|0.0|0.0|0.0|0.0|0.0|0.0|0.00|0.00|9999
26615402|P|FA|Ronny Henriquez P • MIA|0.0|0.0|0.0|0.0|0.0|0.0|0.0|0.0|0.0|0.0|0.0|0.0|0.0|0.00|0.00|9999
29675844|P|FA|Ethan Routzahn P • SD|0.0|0.0|0.0|0.0|0.0|0.0|0.0|0.0|0.0|0.0|0.0|0.0|0.0|0.00|0.00|9999
3117921|P|FA|Daniel Espino P • CLE|0.0|0.0|0.0|0.0|0.0|0.0|0.0|0.0|0.0|0.0|0.0|0.0|0.0|0.00|0.00|9999
2794800|P|FA|Dominic DeMasi P • CLE|0.0|0.0|0.0|0.0|0.0|0.0|0.0|0.0|0.0|0.0|0.0|0.0|0.0|0.00|0.00|9999
50042662|P|FA|Gustavo Rodriguez P • ATH|0.0|0.0|0.0|0.0|0.0|0.0|0.0|0.0|0.0|0.0|0.0|0.0|0.0|0.00|0.00|9999
2932744|P|FA|Kohl Franklin P • CHC|0.0|0.0|0.0|0.0|0.0|0.0|0.0|0.0|0.0|0.0|0.0|0.0|0.0|0.00|0.00|9999
1840445|P|FA|Drew Smyly P • CHC|0.0|0.0|0.0|0.0|0.0|0.0|0.0|0.0|0.0|0.0|0.0|0.0|0.0|0.00|0.00|9999
2228215|P|FA|Adam Cimber P • LAA|0.0|0.0|0.0|0.0|0.0|0.0|0.0|0.0|0.0|0.0|0.0|0.0|0.0|0.00|0.00|9999
26719618|P|FA|Gunnar Hoglund P • ATH|0.0|0.0|0.0|0.0|0.0|0.0|0.0|0.0|0.0|0.0|0.0|0.0|0.0|0.00|0.00|9999
2848439|P|FA|Chaz Hebert P • NYY|0.0|0.0|0.0|0.0|0.0|0.0|0.0|0.0|0.0|0.0|0.0|0.0|0.0|0.00|0.00|9999
29342274|P|FA|Michael Hobbs P • LAD|0.0|0.0|0.0|0.0|0.0|0.0|0.0|0.0|0.0|0.0|0.0|0.0|0.0|0.00|0.00|9999
29676655|P|FA|John Holobetz P • BOS|0.0|0.0|0.0|0.0|0.0|0.0|0.0|0.0|0.0|0.0|0.0|0.0|0.0|0.00|0.00|9999
2167499|P|FA|Hobbs Johnson P • MIL|0.0|0.0|0.0|0.0|0.0|0.0|0.0|0.0|0.0|0.0|0.0|0.0|0.0|0.00|0.00|9999
2825006|P|FA|Wilfredo Pereira P • STL|0.0|0.0|0.0|0.0|0.0|0.0|0.0|0.0|0.0|0.0|0.0|0.0|0.0|0.00|0.00|9999
29675776|P|FA|Johnathan Lavallee P • CIN|0.0|0.0|0.0|0.0|0.0|0.0|0.0|0.0|0.0|0.0|0.0|0.0|0.0|0.00|0.00|9999
2044513|P|FA|Zach Eflin P • BAL|0.0|0.0|0.0|0.0|0.0|0.0|0.0|0.0|0.0|0.0|0.0|0.0|0.0|0.00|0.00|9999
2932606|P|FA|Alec Barger P • COL|0.0|0.0|0.0|0.0|0.0|0.0|0.0|0.0|0.0|0.0|0.0|0.0|0.0|0.00|0.00|9999
50041194|P|FA|Johnny Slawinski P • LAA|0.0|0.0|0.0|0.0|0.0|0.0|0.0|0.0|0.0|0.0|0.0|0.0|0.0|0.00|0.00|9999
2663267|P|FA|Carlos Alvarado P • SF|0.0|0.0|0.0|0.0|0.0|0.0|0.0|0.0|0.0|0.0|0.0|0.0|0.0|0.00|0.00|9999
50043876|P|FA|Guissepe Velasquez P • PHI|0.0|0.0|0.0|0.0|0.0|0.0|0.0|0.0|0.0|0.0|0.0|0.0|0.0|0.00|0.00|9999
2171120|P|FA|Brian Loconsole P • LAA|0.0|0.0|0.0|0.0|0.0|0.0|0.0|0.0|0.0|0.0|0.0|0.0|0.0|0.00|0.00|9999
2933120|P|FA|Fitz Stadler P • TOR|0.0|0.0|0.0|0.0|0.0|0.0|0.0|0.0|0.0|0.0|0.0|0.0|0.0|0.00|0.00|9999
3088354|P|FA|Ben Bowden P • ATH|0.0|0.0|0.0|0.0|0.0|0.0|0.0|0.0|0.0|0.0|0.0|0.0|0.0|0.00|0.00|9999
2915811|P|FA|Colin Poche P • DET|0.0|0.0|0.0|0.0|0.0|0.0|0.0|0.0|0.0|0.0|0.0|0.0|0.0|0.00|0.00|9999
3117928|P|FA|Ethan Small P • SF|0.0|0.0|0.0|0.0|0.0|0.0|0.0|0.0|0.0|0.0|0.0|0.0|0.0|0.00|0.00|9999
2825801|P|FA|Lisandro Santos P • NYY|0.0|0.0|0.0|0.0|0.0|0.0|0.0|0.0|0.0|0.0|0.0|0.0|0.0|0.00|0.00|9999
50042278|P|FA|Ricardo Osorio P • ATH|0.0|0.0|0.0|0.0|0.0|0.0|0.0|0.0|0.0|0.0|0.0|0.0|0.0|0.00|0.00|9999
2211808|P|FA|Jesus Tinoco P • MIA|0.0|0.0|0.0|0.0|0.0|0.0|0.0|0.0|0.0|0.0|0.0|0.0|0.0|0.00|0.00|9999
2837289|P|FA|Kyle Nelson P • ATL|0.0|0.0|0.0|0.0|0.0|0.0|0.0|0.0|0.0|0.0|0.0|0.0|0.0|0.00|0.00|9999
2786284|P|FA|Corey Copping P • TOR|0.0|0.0|0.0|0.0|0.0|0.0|0.0|0.0|0.0|0.0|0.0|0.0|0.0|0.00|0.00|9999
29321982|P|FA|Jeter Martinez P • PIT|0.0|0.0|0.0|0.0|0.0|0.0|0.0|0.0|0.0|0.0|0.0|0.0|0.0|0.00|0.00|9999
29077622|P|FA|Jaydenn Estanista P • PHI|0.0|0.0|0.0|0.0|0.0|0.0|0.0|0.0|0.0|0.0|0.0|0.0|0.0|0.00|0.00|9999
50042287|P|FA|Rayven Antonio P • ATL|0.0|0.0|0.0|0.0|0.0|0.0|0.0|0.0|0.0|0.0|0.0|0.0|0.0|0.00|0.00|9999
2836731|P|FA|Bryce Conley P • NYM|0.0|0.0|0.0|0.0|0.0|0.0|0.0|0.0|0.0|0.0|0.0|0.0|0.0|0.00|0.00|9999
50043897|P|FA|Tucker Biven P • WAS|0.0|0.0|0.0|0.0|0.0|0.0|0.0|0.0|0.0|0.0|0.0|0.0|0.0|0.00|0.00|9999
2803674|P|FA|Nolan Blackwood P • MIN|0.0|0.0|0.0|0.0|0.0|0.0|0.0|0.0|0.0|0.0|0.0|0.0|0.0|0.00|0.00|9999
2252444|P|FA|Seth Shuman P • WAS|0.0|0.0|0.0|0.0|0.0|0.0|0.0|0.0|0.0|0.0|0.0|0.0|0.0|0.00|0.00|9999
27022466|P|FA|Nick Vespi P • PHI|0.0|0.0|0.0|0.0|0.0|0.0|0.0|0.0|0.0|0.0|0.0|0.0|0.0|0.00|0.00|9999
29155733|P|FA|Thomas White P • MIA|0.0|0.0|0.0|0.0|0.0|0.0|0.0|0.0|0.0|0.0|0.0|0.0|0.0|0.00|0.00|9999
29360060|P|FA|Anthony Simonelli P • KC|0.0|0.0|0.0|0.0|0.0|0.0|0.0|0.0|0.0|0.0|0.0|0.0|0.0|0.00|0.00|9999
2226130|P|FA|Corey Walter P • ATH|0.0|0.0|0.0|0.0|0.0|0.0|0.0|0.0|0.0|0.0|0.0|0.0|0.0|0.00|0.00|9999
2132971|P|FA|Wilking Rodriguez P • NYY|0.0|0.0|0.0|0.0|0.0|0.0|0.0|0.0|0.0|0.0|0.0|0.0|0.0|0.00|0.00|9999
3152732|P|FA|Tanner Banks P • PHI|0.0|0.0|0.0|0.0|0.0|0.0|0.0|0.0|0.0|0.0|0.0|0.0|0.0|0.00|0.00|9999
2507510|P|FA|Jose Albertos P • CHC|0.0|0.0|0.0|0.0|0.0|0.0|0.0|0.0|0.0|0.0|0.0|0.0|0.0|0.00|0.00|9999
50044252|P|FA|Sean Matson P • CLE|0.0|0.0|0.0|0.0|0.0|0.0|0.0|0.0|0.0|0.0|0.0|0.0|0.0|0.00|0.00|9999
2830125|P|FA|Helcris Olivarez P • KC|0.0|0.0|0.0|0.0|0.0|0.0|0.0|0.0|0.0|0.0|0.0|0.0|0.0|0.00|0.00|9999
2066707|P|FA|Michael Lorenzen P • COL|0.0|0.0|0.0|0.0|0.0|0.0|0.0|0.0|0.0|0.0|0.0|0.0|0.0|0.00|0.00|9999
2911280|P|FA|Francisco Morales P • ARI|0.0|0.0|0.0|0.0|0.0|0.0|0.0|0.0|0.0|0.0|0.0|0.0|0.0|0.00|0.00|9999
3103879|P|FA|Yapson Gomez P • SF|0.0|0.0|0.0|0.0|0.0|0.0|0.0|0.0|0.0|0.0|0.0|0.0|0.0|0.00|0.00|9999
2837408|P|FA|Griffin Roberts P • STL|0.0|0.0|0.0|0.0|0.0|0.0|0.0|0.0|0.0|0.0|0.0|0.0|0.0|0.00|0.00|9999
27022044|P|FA|David Ellingson P • SEA|0.0|0.0|0.0|0.0|0.0|0.0|0.0|0.0|0.0|0.0|0.0|0.0|0.0|0.00|0.00|9999
3077727|P|FA|Will Stewart P • MIA|0.0|0.0|0.0|0.0|0.0|0.0|0.0|0.0|0.0|0.0|0.0|0.0|0.0|0.00|0.00|9999
2169916|P|FA|Jesus Pirela P • TEX|0.0|0.0|0.0|0.0|0.0|0.0|0.0|0.0|0.0|0.0|0.0|0.0|0.0|0.00|0.00|9999
29355686|P|FA|Ben Simon P • NYM|0.0|0.0|0.0|0.0|0.0|0.0|0.0|0.0|0.0|0.0|0.0|0.0|0.0|0.00|0.00|9999
29295966|P|FA|Tyler Guilfoil P • HOU|0.0|0.0|0.0|0.0|0.0|0.0|0.0|0.0|0.0|0.0|0.0|0.0|0.0|0.00|0.00|9999
28839451|P|FA|Michael Horrell P • HOU|0.0|0.0|0.0|0.0|0.0|0.0|0.0|0.0|0.0|0.0|0.0|0.0|0.0|0.00|0.00|9999
2008572|P|FA|Collin McHugh P • ATL|0.0|0.0|0.0|0.0|0.0|0.0|0.0|0.0|0.0|0.0|0.0|0.0|0.0|0.00|0.00|9999
50043067|P|FA|Andrew Walling P • PHI|0.0|0.0|0.0|0.0|0.0|0.0|0.0|0.0|0.0|0.0|0.0|0.0|0.0|0.00|0.00|9999
2211743|P|FA|Jacob Evans P • STL|0.0|0.0|0.0|0.0|0.0|0.0|0.0|0.0|0.0|0.0|0.0|0.0|0.0|0.00|0.00|9999
2223332|P|FA|Tyler Higgins P • SD|0.0|0.0|0.0|0.0|0.0|0.0|0.0|0.0|0.0|0.0|0.0|0.0|0.0|0.00|0.00|9999
2117122|P|FA|Frankie Montas P • NYM|0.0|0.0|0.0|0.0|0.0|0.0|0.0|0.0|0.0|0.0|0.0|0.0|0.0|0.00|0.00|9999
2933176|P|FA|Eli Villalobos P • SD|0.0|0.0|0.0|0.0|0.0|0.0|0.0|0.0|0.0|0.0|0.0|0.0|0.0|0.00|0.00|9999
2835057|P|FA|Kyle Wright P • CHC|0.0|0.0|0.0|0.0|0.0|0.0|0.0|0.0|0.0|0.0|0.0|0.0|0.0|0.00|0.00|9999
29321996|P|FA|Edwin Nunez P • STL|0.0|0.0|0.0|0.0|0.0|0.0|0.0|0.0|0.0|0.0|0.0|0.0|0.0|0.00|0.00|9999
29644518|P|FA|Brody Hopkins P • TB|0.0|0.0|0.0|0.0|0.0|0.0|0.0|0.0|0.0|0.0|0.0|0.0|0.0|0.00|0.00|9999
2113501|P|FA|Willy Paredes P • ARI|0.0|0.0|0.0|0.0|0.0|0.0|0.0|0.0|0.0|0.0|0.0|0.0|0.0|0.00|0.00|9999
29344254|P|FA|Ty Cummings P • TB|0.0|0.0|0.0|0.0|0.0|0.0|0.0|0.0|0.0|0.0|0.0|0.0|0.0|0.00|0.00|9999
2823657|P|FA|Jerry Keel P • SD|0.0|0.0|0.0|0.0|0.0|0.0|0.0|0.0|0.0|0.0|0.0|0.0|0.0|0.00|0.00|9999
2921300|P|FA|Drew Hasler P • CHW|0.0|0.0|0.0|0.0|0.0|0.0|0.0|0.0|0.0|0.0|0.0|0.0|0.0|0.00|0.00|9999
3093626|P|FA|Vinny Nittoli P • BOS|0.0|0.0|0.0|0.0|0.0|0.0|0.0|0.0|0.0|0.0|0.0|0.0|0.0|0.00|0.00|9999
2837131|P|FA|Ryan Lillie P • CIN|0.0|0.0|0.0|0.0|0.0|0.0|0.0|0.0|0.0|0.0|0.0|0.0|0.0|0.00|0.00|9999
3158468|P|FA|Julio Pinto P • CIN|0.0|0.0|0.0|0.0|0.0|0.0|0.0|0.0|0.0|0.0|0.0|0.0|0.0|0.00|0.00|9999
2066294|P|FA|Trey Ball P • BOS|0.0|0.0|0.0|0.0|0.0|0.0|0.0|0.0|0.0|0.0|0.0|0.0|0.0|0.00|0.00|9999
2696994|P|FA|Carlos Portuondo P • CIN|0.0|0.0|0.0|0.0|0.0|0.0|0.0|0.0|0.0|0.0|0.0|0.0|0.0|0.00|0.00|9999
29321988|P|FA|Yordanny Monegro P • BOS|0.0|0.0|0.0|0.0|0.0|0.0|0.0|0.0|0.0|0.0|0.0|0.0|0.0|0.00|0.00|9999
28842393|P|FA|Jake McSteen P • ATL|0.0|0.0|0.0|0.0|0.0|0.0|0.0|0.0|0.0|0.0|0.0|0.0|0.0|0.00|0.00|9999
29091621|P|FA|Logan Gragg P • STL|0.0|0.0|0.0|0.0|0.0|0.0|0.0|0.0|0.0|0.0|0.0|0.0|0.0|0.00|0.00|9999
50043884|P|FA|Brian Fitzpatrick P • MIL|0.0|0.0|0.0|0.0|0.0|0.0|0.0|0.0|0.0|0.0|0.0|0.0|0.0|0.00|0.00|9999
29295954|P|FA|Alex Clemmey P • WAS|0.0|0.0|0.0|0.0|0.0|0.0|0.0|0.0|0.0|0.0|0.0|0.0|0.0|0.00|0.00|9999
50043940|P|FA|Bjorn Johnson P • MIL|0.0|0.0|0.0|0.0|0.0|0.0|0.0|0.0|0.0|0.0|0.0|0.0|0.0|0.00|0.00|9999
2167354|P|FA|Nick Burdi P • NYM|0.0|0.0|0.0|0.0|0.0|0.0|0.0|0.0|0.0|0.0|0.0|0.0|0.0|0.00|0.00|9999
29342346|P|FA|Jared Southard P • LAA|0.0|0.0|0.0|0.0|0.0|0.0|0.0|0.0|0.0|0.0|0.0|0.0|0.0|0.00|0.00|9999
2933210|P|FA|Jake Wong P • CIN|0.0|0.0|0.0|0.0|0.0|0.0|0.0|0.0|0.0|0.0|0.0|0.0|0.0|0.00|0.00|9999
29087583|P|FA|Richard Guasch P • BAL|0.0|0.0|0.0|0.0|0.0|0.0|0.0|0.0|0.0|0.0|0.0|0.0|0.0|0.00|0.00|9999
29085017|P|FA|Juan Abreu P • WAS|0.0|0.0|0.0|0.0|0.0|0.0|0.0|0.0|0.0|0.0|0.0|0.0|0.0|0.00|0.00|9999
2507515|P|FA|Sixto Sanchez P • MIA|0.0|0.0|0.0|0.0|0.0|0.0|0.0|0.0|0.0|0.0|0.0|0.0|0.0|0.00|0.00|9999
28840801|P|FA|Marc Church P • TEX|0.0|0.0|0.0|0.0|0.0|0.0|0.0|0.0|0.0|0.0|0.0|0.0|0.0|0.00|0.00|9999
2846714|P|FA|Zack Kelly P • BOS|0.0|0.0|0.0|0.0|0.0|0.0|0.0|0.0|0.0|0.0|0.0|0.0|0.0|0.00|0.00|9999
50041081|P|FA|Landon Beidelschies P • ATL|0.0|0.0|0.0|0.0|0.0|0.0|0.0|0.0|0.0|0.0|0.0|0.0|0.0|0.00|0.00|9999
28837126|P|FA|Brandon Gold P • COL|0.0|0.0|0.0|0.0|0.0|0.0|0.0|0.0|0.0|0.0|0.0|0.0|0.0|0.00|0.00|9999
29342431|P|FA|Daniel Martinez P • ATL|0.0|0.0|0.0|0.0|0.0|0.0|0.0|0.0|0.0|0.0|0.0|0.0|0.0|0.00|0.00|9999
29342286|P|FA|Ryan Jennings P • TOR|0.0|0.0|0.0|0.0|0.0|0.0|0.0|0.0|0.0|0.0|0.0|0.0|0.0|0.00|0.00|9999
2444385|P|FA|Jesus Liranzo P • MIL|0.0|0.0|0.0|0.0|0.0|0.0|0.0|0.0|0.0|0.0|0.0|0.0|0.0|0.00|0.00|9999
2121894|P|FA|Ryan Weber P • NYY|0.0|0.0|0.0|0.0|0.0|0.0|0.0|0.0|0.0|0.0|0.0|0.0|0.0|0.00|0.00|9999
2836831|P|FA|Parker Dunshee P • ATL|0.0|0.0|0.0|0.0|0.0|0.0|0.0|0.0|0.0|0.0|0.0|0.0|0.0|0.00|0.00|9999
28946373|P|FA|Cole Waites P • DET|0.0|0.0|0.0|0.0|0.0|0.0|0.0|0.0|0.0|0.0|0.0|0.0|0.0|0.00|0.00|9999
1812965|P|FA|Brian Moran P • ATL|0.0|0.0|0.0|0.0|0.0|0.0|0.0|0.0|0.0|0.0|0.0|0.0|0.0|0.00|0.00|9999
3055520|P|FA|Justin Lawrence P • WAS|0.0|0.0|0.0|0.0|0.0|0.0|0.0|0.0|0.0|0.0|0.0|0.0|0.0|0.00|0.00|9999
2837298|P|FA|Seth Nordlin P • MIN|0.0|0.0|0.0|0.0|0.0|0.0|0.0|0.0|0.0|0.0|0.0|0.0|0.0|0.00|0.00|9999
2824820|P|FA|William Ouellette P • TOR|0.0|0.0|0.0|0.0|0.0|0.0|0.0|0.0|0.0|0.0|0.0|0.0|0.0|0.00|0.00|9999
2829108|P|FA|Robinson Pina P • TOR|0.0|0.0|0.0|0.0|0.0|0.0|0.0|0.0|0.0|0.0|0.0|0.0|0.0|0.00|0.00|9999
28837582|P|FA|Brandon Eisert P • PIT|0.0|0.0|0.0|0.0|0.0|0.0|0.0|0.0|0.0|0.0|0.0|0.0|0.0|0.00|0.00|9999
26635153|P|FA|Sam Long P • KC|0.0|0.0|0.0|0.0|0.0|0.0|0.0|0.0|0.0|0.0|0.0|0.0|0.0|0.00|0.00|9999
28838085|P|FA|Peyton Alford P • SEA|0.0|0.0|0.0|0.0|0.0|0.0|0.0|0.0|0.0|0.0|0.0|0.0|0.0|0.00|0.00|9999
2759730|P|FA|Tyler Bremer P • MIA|0.0|0.0|0.0|0.0|0.0|0.0|0.0|0.0|0.0|0.0|0.0|0.0|0.0|0.00|0.00|9999
2836674|P|FA|Tanner Burns P • CLE|0.0|0.0|0.0|0.0|0.0|0.0|0.0|0.0|0.0|0.0|0.0|0.0|0.0|0.00|0.00|9999
1894648|P|FA|Kevin Matthews P • TEX|0.0|0.0|0.0|0.0|0.0|0.0|0.0|0.0|0.0|0.0|0.0|0.0|0.0|0.00|0.00|9999
29088490|P|FA|Chance Kirby P • DET|0.0|0.0|0.0|0.0|0.0|0.0|0.0|0.0|0.0|0.0|0.0|0.0|0.0|0.00|0.00|9999
2870046|P|FA|Eduarniel Nunez P • CHC|0.0|0.0|0.0|0.0|0.0|0.0|0.0|0.0|0.0|0.0|0.0|0.0|0.0|0.00|0.00|9999
26911797|P|FA|Steve Hajjar P • CIN|0.0|0.0|0.0|0.0|0.0|0.0|0.0|0.0|0.0|0.0|0.0|0.0|0.0|0.00|0.00|9999
29689613|P|FA|Wilmy Sanchez P • HOU|0.0|0.0|0.0|0.0|0.0|0.0|0.0|0.0|0.0|0.0|0.0|0.0|0.0|0.00|0.00|9999
26615412|P|FA|Carter Baumler P • TEX|0.0|0.0|0.0|0.0|0.0|0.0|0.0|0.0|0.0|0.0|0.0|0.0|0.0|0.00|0.00|9999
29684940|P|FA|Tyler Davis P • CHW|0.0|0.0|0.0|0.0|0.0|0.0|0.0|0.0|0.0|0.0|0.0|0.0|0.0|0.00|0.00|9999
26912473|P|FA|Chih-Jung Liu P • BOS|0.0|0.0|0.0|0.0|0.0|0.0|0.0|0.0|0.0|0.0|0.0|0.0|0.0|0.00|0.00|9999
2933128|P|FA|Alan Strong P • TB|0.0|0.0|0.0|0.0|0.0|0.0|0.0|0.0|0.0|0.0|0.0|0.0|0.0|0.00|0.00|9999
29342328|P|FA|Garrett Ramsey P • BOS|0.0|0.0|0.0|0.0|0.0|0.0|0.0|0.0|0.0|0.0|0.0|0.0|0.0|0.00|0.00|9999
2837405|P|FA|Josh Roberson P • CHC|0.0|0.0|0.0|0.0|0.0|0.0|0.0|0.0|0.0|0.0|0.0|0.0|0.0|0.00|0.00|9999
2837641|P|FA|Darius Vines P • CIN|0.0|0.0|0.0|0.0|0.0|0.0|0.0|0.0|0.0|0.0|0.0|0.0|0.0|0.00|0.00|9999
3152741|P|FA|Jacob Brentz P • TB|0.0|0.0|0.0|0.0|0.0|0.0|0.0|0.0|0.0|0.0|0.0|0.0|0.0|0.00|0.00|9999
29716096|P|FA|Brandon Clarke P • STL|0.0|0.0|0.0|0.0|0.0|0.0|0.0|0.0|0.0|0.0|0.0|0.0|0.0|0.00|0.00|9999
2210220|P|FA|Robert Gsellman P • WAS|0.0|0.0|0.0|0.0|0.0|0.0|0.0|0.0|0.0|0.0|0.0|0.0|0.0|0.00|0.00|9999
27022497|P|FA|Angel Felipe P • LAA|0.0|0.0|0.0|0.0|0.0|0.0|0.0|0.0|0.0|0.0|0.0|0.0|0.0|0.00|0.00|9999
2786283|P|FA|Michael Boyle P • MIN|0.0|0.0|0.0|0.0|0.0|0.0|0.0|0.0|0.0|0.0|0.0|0.0|0.0|0.00|0.00|9999
2050371|P|FA|Mike Morin P • CHW|0.0|0.0|0.0|0.0|0.0|0.0|0.0|0.0|0.0|0.0|0.0|0.0|0.0|0.00|0.00|9999
1262690|P|FA|Ian Kennedy P • TEX|0.0|0.0|0.0|0.0|0.0|0.0|0.0|0.0|0.0|0.0|0.0|0.0|0.0|0.00|0.00|9999
2791366|P|FA|Michael Zouzalik P • BAL|0.0|0.0|0.0|0.0|0.0|0.0|0.0|0.0|0.0|0.0|0.0|0.0|0.0|0.00|0.00|9999
29644480|P|FA|L.P. Langevin P • KC|0.0|0.0|0.0|0.0|0.0|0.0|0.0|0.0|0.0|0.0|0.0|0.0|0.0|0.00|0.00|9999
29683326|P|FA|Luke Craig P • ARI|0.0|0.0|0.0|0.0|0.0|0.0|0.0|0.0|0.0|0.0|0.0|0.0|0.0|0.00|0.00|9999
29342264|P|FA|Connor Gillispie P • PHI|0.0|0.0|0.0|0.0|0.0|0.0|0.0|0.0|0.0|0.0|0.0|0.0|0.0|0.00|0.00|9999
2108023|P|FA|Kyle Hendricks P • LAA|0.0|0.0|0.0|0.0|0.0|0.0|0.0|0.0|0.0|0.0|0.0|0.0|0.0|0.00|0.00|9999
2836786|P|FA|Brett de Geus P • PHI|0.0|0.0|0.0|0.0|0.0|0.0|0.0|0.0|0.0|0.0|0.0|0.0|0.0|0.00|0.00|9999
1913316|P|FA|Jose Quintana P • COL|0.0|0.0|0.0|0.0|0.0|0.0|0.0|0.0|0.0|0.0|0.0|0.0|0.0|0.00|0.00|9999
29077088|P|FA|Ryan Loutos P • SEA|0.0|0.0|0.0|0.0|0.0|0.0|0.0|0.0|0.0|0.0|0.0|0.0|0.0|0.00|0.00|9999
2785744|P|FA|Sam Street P • PIT|0.0|0.0|0.0|0.0|0.0|0.0|0.0|0.0|0.0|0.0|0.0|0.0|0.0|0.00|0.00|9999
26615459|P|FA|Logan Rinehart P • BAL|0.0|0.0|0.0|0.0|0.0|0.0|0.0|0.0|0.0|0.0|0.0|0.0|0.0|0.00|0.00|9999
2036439|P|FA|Andrew Heaney P • LAD|0.0|0.0|0.0|0.0|0.0|0.0|0.0|0.0|0.0|0.0|0.0|0.0|0.0|0.00|0.00|9999
2836809|P|FA|Tony Dibrell P • NYM|0.0|0.0|0.0|0.0|0.0|0.0|0.0|0.0|0.0|0.0|0.0|0.0|0.0|0.00|0.00|9999
26861434|P|FA|Logan Gillaspie P • SD|0.0|0.0|0.0|0.0|0.0|0.0|0.0|0.0|0.0|0.0|0.0|0.0|0.0|0.00|0.00|9999
2507518|P|FA|Rodolfo Martinez P • BAL|0.0|0.0|0.0|0.0|0.0|0.0|0.0|0.0|0.0|0.0|0.0|0.0|0.0|0.00|0.00|9999
2823323|P|FA|Elieser Hernandez P • LAD|0.0|0.0|0.0|0.0|0.0|0.0|0.0|0.0|0.0|0.0|0.0|0.0|0.0|0.00|0.00|9999
2837578|P|FA|Bill Sullivan P • ATH|0.0|0.0|0.0|0.0|0.0|0.0|0.0|0.0|0.0|0.0|0.0|0.0|0.0|0.00|0.00|9999
29085461|P|FA|Wil Jensen P • CHC|0.0|0.0|0.0|0.0|0.0|0.0|0.0|0.0|0.0|0.0|0.0|0.0|0.0|0.00|0.00|9999
2824975|P|FA|Luis Pena P • LAA|0.0|0.0|0.0|0.0|0.0|0.0|0.0|0.0|0.0|0.0|0.0|0.0|0.0|0.00|0.00|9999
29085821|P|FA|Jack Seppings P • MIL|0.0|0.0|0.0|0.0|0.0|0.0|0.0|0.0|0.0|0.0|0.0|0.0|0.0|0.00|0.00|9999
2933097|P|FA|Luke Shilling P • CHW|0.0|0.0|0.0|0.0|0.0|0.0|0.0|0.0|0.0|0.0|0.0|0.0|0.0|0.00|0.00|9999
29295984|P|FA|Zander Mueth P • PIT|0.0|0.0|0.0|0.0|0.0|0.0|0.0|0.0|0.0|0.0|0.0|0.0|0.0|0.00|0.00|9999
28920025|P|FA|Cooper Hjerpe P • STL|0.0|0.0|0.0|0.0|0.0|0.0|0.0|0.0|0.0|0.0|0.0|0.0|0.0|0.00|0.00|9999
2780090|P|FA|Brett Ash P • SEA|0.0|0.0|0.0|0.0|0.0|0.0|0.0|0.0|0.0|0.0|0.0|0.0|0.0|0.00|0.00|9999
1793611|P|FA|Alexis Lara P • SD|0.0|0.0|0.0|0.0|0.0|0.0|0.0|0.0|0.0|0.0|0.0|0.0|0.0|0.00|0.00|9999
26615431|P|FA|Carson Ragsdale P • ATL|0.0|0.0|0.0|0.0|0.0|0.0|0.0|0.0|0.0|0.0|0.0|0.0|0.0|0.00|0.00|9999
2656660|P|FA|James Farris P • COL|0.0|0.0|0.0|0.0|0.0|0.0|0.0|0.0|0.0|0.0|0.0|0.0|0.0|0.00|0.00|9999
2117049|P|FA|Anthony DeSclafani P • ARI|0.0|0.0|0.0|0.0|0.0|0.0|0.0|0.0|0.0|0.0|0.0|0.0|0.0|0.00|0.00|9999
29344939|P|FA|Geronimo Franzua P • PIT|0.0|0.0|0.0|0.0|0.0|0.0|0.0|0.0|0.0|0.0|0.0|0.0|0.0|0.00|0.00|9999
2837251|P|FA|Derek Molina P • MIN|0.0|0.0|0.0|0.0|0.0|0.0|0.0|0.0|0.0|0.0|0.0|0.0|0.0|0.00|0.00|9999
2210233|P|FA|Matt Strahm P • KC|0.0|0.0|0.0|0.0|0.0|0.0|0.0|0.0|0.0|0.0|0.0|0.0|0.0|0.00|0.00|9999
2930801|P|FA|Felix Cepeda P • BOS|0.0|0.0|0.0|0.0|0.0|0.0|0.0|0.0|0.0|0.0|0.0|0.0|0.0|0.00|0.00|9999
2592844|P|FA|Yender Caramo P • KC|0.0|0.0|0.0|0.0|0.0|0.0|0.0|0.0|0.0|0.0|0.0|0.0|0.0|0.00|0.00|9999
2821936|P|FA|Jorgan Cavanerio P • MIA|0.0|0.0|0.0|0.0|0.0|0.0|0.0|0.0|0.0|0.0|0.0|0.0|0.0|0.00|0.00|9999
50043957|P|FA|Jared Simpson P • WAS|0.0|0.0|0.0|0.0|0.0|0.0|0.0|0.0|0.0|0.0|0.0|0.0|0.0|0.00|0.00|9999
29355117|P|FA|Anders Tolhurst P • TOR|0.0|0.0|0.0|0.0|0.0|0.0|0.0|0.0|0.0|0.0|0.0|0.0|0.0|0.00|0.00|9999
2791371|P|FA|Brock Dykxhoorn P • HOU|0.0|0.0|0.0|0.0|0.0|0.0|0.0|0.0|0.0|0.0|0.0|0.0|0.0|0.00|0.00|9999
50041328|P|FA|Peter Kussow P • NYM|0.0|0.0|0.0|0.0|0.0|0.0|0.0|0.0|0.0|0.0|0.0|0.0|0.0|0.00|0.00|9999
2837320|P|FA|Bryan Pall P • SEA|0.0|0.0|0.0|0.0|0.0|0.0|0.0|0.0|0.0|0.0|0.0|0.0|0.0|0.00|0.00|9999
29342256|P|FA|William Fleming P • MIN|0.0|0.0|0.0|0.0|0.0|0.0|0.0|0.0|0.0|0.0|0.0|0.0|0.0|0.00|0.00|9999
29662263|P|FA|David Morgan P • SD|0.0|0.0|0.0|0.0|0.0|0.0|0.0|0.0|0.0|0.0|0.0|0.0|0.0|0.00|0.00|9999
28842389|P|FA|Michael Costanzo P • TB|0.0|0.0|0.0|0.0|0.0|0.0|0.0|0.0|0.0|0.0|0.0|0.0|0.0|0.00|0.00|9999
29093636|P|FA|Christian Montes De Oca P • ARI|0.0|0.0|0.0|0.0|0.0|0.0|0.0|0.0|0.0|0.0|0.0|0.0|0.0|0.00|0.00|9999
1940756|P|FA|Marco Carrillo P • CHC|0.0|0.0|0.0|0.0|0.0|0.0|0.0|0.0|0.0|0.0|0.0|0.0|0.0|0.00|0.00|9999
29426060|P|FA|Kash Mayfield P • DET|0.0|0.0|0.0|0.0|0.0|0.0|0.0|0.0|0.0|0.0|0.0|0.0|0.0|0.00|0.00|9999
3117933|P|FA|Brennan Malone P • PIT|0.0|0.0|0.0|0.0|0.0|0.0|0.0|0.0|0.0|0.0|0.0|0.0|0.0|0.00|0.00|9999
2226124|P|FA|David Peterson P • ATL|0.0|0.0|0.0|0.0|0.0|0.0|0.0|0.0|0.0|0.0|0.0|0.0|0.0|0.00|0.00|9999
29360070|P|FA|Cade Winquest P • NYY|0.0|0.0|0.0|0.0|0.0|0.0|0.0|0.0|0.0|0.0|0.0|0.0|0.0|0.00|0.00|9999
2121017|P|FA|Beck Wheeler P • NYM|0.0|0.0|0.0|0.0|0.0|0.0|0.0|0.0|0.0|0.0|0.0|0.0|0.0|0.00|0.00|9999
3158104|P|FA|Bernie Martinez P • SEA|0.0|0.0|0.0|0.0|0.0|0.0|0.0|0.0|0.0|0.0|0.0|0.0|0.0|0.00|0.00|9999
29321908|P|FA|Po-Yu Chen P • PIT|0.0|0.0|0.0|0.0|0.0|0.0|0.0|0.0|0.0|0.0|0.0|0.0|0.0|0.00|0.00|9999
29676685|P|FA|Gage Boehm P • SEA|0.0|0.0|0.0|0.0|0.0|0.0|0.0|0.0|0.0|0.0|0.0|0.0|0.0|0.00|0.00|9999
390851|P|FA|Zack Greinke P • KC|0.0|0.0|0.0|0.0|0.0|0.0|0.0|0.0|0.0|0.0|0.0|0.0|0.0|0.00|0.00|9999
29088701|P|FA|Cristian Hernandez P • NYY|0.0|0.0|0.0|0.0|0.0|0.0|0.0|0.0|0.0|0.0|0.0|0.0|0.0|0.00|0.00|9999
2837444|P|FA|John Russell P • SF|0.0|0.0|0.0|0.0|0.0|0.0|0.0|0.0|0.0|0.0|0.0|0.0|0.0|0.00|0.00|9999
50041107|P|FA|Ben Jacobs P • DET|0.0|0.0|0.0|0.0|0.0|0.0|0.0|0.0|0.0|0.0|0.0|0.0|0.0|0.00|0.00|9999
2118136|P|FA|Chris Kohler P • ATH|0.0|0.0|0.0|0.0|0.0|0.0|0.0|0.0|0.0|0.0|0.0|0.0|0.0|0.00|0.00|9999
2837361|P|FA|Daniel Procopio P • LAA|0.0|0.0|0.0|0.0|0.0|0.0|0.0|0.0|0.0|0.0|0.0|0.0|0.0|0.00|0.00|9999
29321919|P|FA|Yilber Diaz P • DET|0.0|0.0|0.0|0.0|0.0|0.0|0.0|0.0|0.0|0.0|0.0|0.0|0.0|0.00|0.00|9999
26911784|P|FA|Kevin Kopps P • SD|0.0|0.0|0.0|0.0|0.0|0.0|0.0|0.0|0.0|0.0|0.0|0.0|0.0|0.00|0.00|9999
50044861|P|FA|Tommy Molsky P • KC|0.0|0.0|0.0|0.0|0.0|0.0|0.0|0.0|0.0|0.0|0.0|0.0|0.0|0.00|0.00|9999
2915616|P|FA|Tom Hackimer P • MIN|0.0|0.0|0.0|0.0|0.0|0.0|0.0|0.0|0.0|0.0|0.0|0.0|0.0|0.00|0.00|9999
29688604|P|FA|Wander Guante P • ATH|0.0|0.0|0.0|0.0|0.0|0.0|0.0|0.0|0.0|0.0|0.0|0.0|0.0|0.00|0.00|9999
28843220|P|FA|Joseph Montalvo P • DET|0.0|0.0|0.0|0.0|0.0|0.0|0.0|0.0|0.0|0.0|0.0|0.0|0.0|0.00|0.00|9999
50043930|P|FA|Ethan Sloan P • DET|0.0|0.0|0.0|0.0|0.0|0.0|0.0|0.0|0.0|0.0|0.0|0.0|0.0|0.00|0.00|9999
29342336|P|FA|Jayvien Sandridge P • BAL|0.0|0.0|0.0|0.0|0.0|0.0|0.0|0.0|0.0|0.0|0.0|0.0|0.0|0.00|0.00|9999
50042719|P|FA|A.J. Causey P • ATH|0.0|0.0|0.0|0.0|0.0|0.0|0.0|0.0|0.0|0.0|0.0|0.0|0.0|0.00|0.00|9999
29295976|P|FA|Ike Buxton P • WAS|0.0|0.0|0.0|0.0|0.0|0.0|0.0|0.0|0.0|0.0|0.0|0.0|0.0|0.00|0.00|9999
50043968|P|FA|Ryan Ramsey P • KC|0.0|0.0|0.0|0.0|0.0|0.0|0.0|0.0|0.0|0.0|0.0|0.0|0.0|0.00|0.00|9999
29092495|P|FA|Jordan DiValerio P • BOS|0.0|0.0|0.0|0.0|0.0|0.0|0.0|0.0|0.0|0.0|0.0|0.0|0.0|0.00|0.00|9999
29676106|P|FA|Wyatt Lunsford-Shenkman P • SEA|0.0|0.0|0.0|0.0|0.0|0.0|0.0|0.0|0.0|0.0|0.0|0.0|0.0|0.00|0.00|9999
2918659|P|FA|Andrew Schwaab P • BOS|0.0|0.0|0.0|0.0|0.0|0.0|0.0|0.0|0.0|0.0|0.0|0.0|0.0|0.00|0.00|9999
2114069|P|FA|Derek Law P • ARI|0.0|0.0|0.0|0.0|0.0|0.0|0.0|0.0|0.0|0.0|0.0|0.0|0.0|0.00|0.00|9999
29342441|P|FA|Nick Sinacola P • SF|0.0|0.0|0.0|0.0|0.0|0.0|0.0|0.0|0.0|0.0|0.0|0.0|0.0|0.00|0.00|9999
50043820|P|FA|Cole Stasio P • TEX|0.0|0.0|0.0|0.0|0.0|0.0|0.0|0.0|0.0|0.0|0.0|0.0|0.0|0.00|0.00|9999
2835056|P|FA|Brendan McKay P • TB|0.0|0.0|0.0|0.0|0.0|0.0|0.0|0.0|0.0|0.0|0.0|0.0|0.0|0.00|0.00|9999
2830097|P|FA|Roansy Contreras P • COL|0.0|0.0|0.0|0.0|0.0|0.0|0.0|0.0|0.0|0.0|0.0|0.0|0.0|0.00|0.00|9999
1757981|P|FA|Taijuan Walker P • LAA|0.0|0.0|0.0|0.0|0.0|0.0|0.0|0.0|0.0|0.0|0.0|0.0|0.0|0.00|0.00|9999
29084413|P|FA|Taylor Floyd P • CIN|0.0|0.0|0.0|0.0|0.0|0.0|0.0|0.0|0.0|0.0|0.0|0.0|0.0|0.00|0.00|9999
50041336|P|FA|Sean Youngerman P • PHI|0.0|0.0|0.0|0.0|0.0|0.0|0.0|0.0|0.0|0.0|0.0|0.0|0.0|0.00|0.00|9999
2829949|P|FA|Didier Vargas P • CHC|0.0|0.0|0.0|0.0|0.0|0.0|0.0|0.0|0.0|0.0|0.0|0.0|0.0|0.00|0.00|9999
2167027|P|FA|Christian Binford P • KC|0.0|0.0|0.0|0.0|0.0|0.0|0.0|0.0|0.0|0.0|0.0|0.0|0.0|0.00|0.00|9999
2170572|P|FA|Austin Ross P • CIN|0.0|0.0|0.0|0.0|0.0|0.0|0.0|0.0|0.0|0.0|0.0|0.0|0.0|0.00|0.00|9999
1716842|P|FA|Wade Miley P • CIN|0.0|0.0|0.0|0.0|0.0|0.0|0.0|0.0|0.0|0.0|0.0|0.0|0.0|0.00|0.00|9999
2915893|P|FA|Matt Walker P • SEA|0.0|0.0|0.0|0.0|0.0|0.0|0.0|0.0|0.0|0.0|0.0|0.0|0.0|0.00|0.00|9999
1894640|P|FA|Joe Ross P • TEX|0.0|0.0|0.0|0.0|0.0|0.0|0.0|0.0|0.0|0.0|0.0|0.0|0.0|0.00|0.00|9999
2837325|P|FA|Jeffrey Passantino P • PIT|0.0|0.0|0.0|0.0|0.0|0.0|0.0|0.0|0.0|0.0|0.0|0.0|0.0|0.00|0.00|9999
2837497|P|FA|Shawn Semple P • NYY|0.0|0.0|0.0|0.0|0.0|0.0|0.0|0.0|0.0|0.0|0.0|0.0|0.0|0.00|0.00|9999
1603346|P|FA|Jesus Estrada P • CHC|0.0|0.0|0.0|0.0|0.0|0.0|0.0|0.0|0.0|0.0|0.0|0.0|0.0|0.00|0.00|9999
2171858|P|FA|Gonzalo Sanudo P • HOU|0.0|0.0|0.0|0.0|0.0|0.0|0.0|0.0|0.0|0.0|0.0|0.0|0.0|0.00|0.00|9999
29084218|P|FA|Jake Rice P • ARI|0.0|0.0|0.0|0.0|0.0|0.0|0.0|0.0|0.0|0.0|0.0|0.0|0.0|0.00|0.00|9999
3158035|P|FA|Jack Labosky P • TB|0.0|0.0|0.0|0.0|0.0|0.0|0.0|0.0|0.0|0.0|0.0|0.0|0.0|0.00|0.00|9999
50044534|P|FA|Eudry Alcantara P • CLE|0.0|0.0|0.0|0.0|0.0|0.0|0.0|0.0|0.0|0.0|0.0|0.0|0.0|0.00|0.00|9999
29321952|P|FA|Hyun-Seok Jang P • LAD|0.0|0.0|0.0|0.0|0.0|0.0|0.0|0.0|0.0|0.0|0.0|0.0|0.0|0.00|0.00|9999
2027421|P|FA|Michael Tonkin P • MIN|0.0|0.0|0.0|0.0|0.0|0.0|0.0|0.0|0.0|0.0|0.0|0.0|0.0|0.00|0.00|9999
50042262|P|FA|Christian Zazueta P • LAD|0.0|0.0|0.0|0.0|0.0|0.0|0.0|0.0|0.0|0.0|0.0|0.0|0.0|0.00|0.00|9999
2453264|P|FA|Jake Stinnett P • CHC|0.0|0.0|0.0|0.0|0.0|0.0|0.0|0.0|0.0|0.0|0.0|0.0|0.0|0.00|0.00|9999
2772999|P|FA|Sam Bragg P • ATH|0.0|0.0|0.0|0.0|0.0|0.0|0.0|0.0|0.0|0.0|0.0|0.0|0.0|0.00|0.00|9999
2211245|P|FA|Mike Nikorak P • COL|0.0|0.0|0.0|0.0|0.0|0.0|0.0|0.0|0.0|0.0|0.0|0.0|0.0|0.00|0.00|9999
2910640|P|FA|Tucker Davidson P • PHI|0.0|0.0|0.0|0.0|0.0|0.0|0.0|0.0|0.0|0.0|0.0|0.0|0.0|0.00|0.00|9999
29342322|P|FA|Anderson Paulino P • KC|0.0|0.0|0.0|0.0|0.0|0.0|0.0|0.0|0.0|0.0|0.0|0.0|0.0|0.00|0.00|9999
26615418|P|FA|Case Williams P • COL|0.0|0.0|0.0|0.0|0.0|0.0|0.0|0.0|0.0|0.0|0.0|0.0|0.0|0.00|0.00|9999
3094417|P|FA|Seth McGarry P • PHI|0.0|0.0|0.0|0.0|0.0|0.0|0.0|0.0|0.0|0.0|0.0|0.0|0.0|0.00|0.00|9999
29086144|P|FA|Vince Vannelle P • CHW|0.0|0.0|0.0|0.0|0.0|0.0|0.0|0.0|0.0|0.0|0.0|0.0|0.0|0.00|0.00|9999
2822700|P|FA|Edwin Fierro P • TB|0.0|0.0|0.0|0.0|0.0|0.0|0.0|0.0|0.0|0.0|0.0|0.0|0.0|0.00|0.00|9999
2835039|P|FA|Juan Mercedes P • SF|0.0|0.0|0.0|0.0|0.0|0.0|0.0|0.0|0.0|0.0|0.0|0.0|0.0|0.00|0.00|9999
29692982|P|FA|Anthony Arguelles P • WAS|0.0|0.0|0.0|0.0|0.0|0.0|0.0|0.0|0.0|0.0|0.0|0.0|0.0|0.00|0.00|9999
2186085|P|FA|Kyle Barraclough P • BOS|0.0|0.0|0.0|0.0|0.0|0.0|0.0|0.0|0.0|0.0|0.0|0.0|0.0|0.00|0.00|9999
1956426|P|FA|Darin Gorski P • NYM|0.0|0.0|0.0|0.0|0.0|0.0|0.0|0.0|0.0|0.0|0.0|0.0|0.0|0.00|0.00|9999
3055521|P|FA|Kyle Keller P • BOS|0.0|0.0|0.0|0.0|0.0|0.0|0.0|0.0|0.0|0.0|0.0|0.0|0.0|0.00|0.00|9999
28842737|P|FA|Robert Kwiatkowski P • CHC|0.0|0.0|0.0|0.0|0.0|0.0|0.0|0.0|0.0|0.0|0.0|0.0|0.0|0.00|0.00|9999
2250592|P|FA|Braxton Garrett P • CHC|0.0|0.0|0.0|0.0|0.0|0.0|0.0|0.0|0.0|0.0|0.0|0.0|0.0|0.00|0.00|9999
3103746|P|FA|Logan Cozart P • COL|0.0|0.0|0.0|0.0|0.0|0.0|0.0|0.0|0.0|0.0|0.0|0.0|0.0|0.00|0.00|9999
29683705|P|FA|Cooper Adams P • BOS|0.0|0.0|0.0|0.0|0.0|0.0|0.0|0.0|0.0|0.0|0.0|0.0|0.0|0.00|0.00|9999
29342299|P|FA|Lael Lockhart P • DET|0.0|0.0|0.0|0.0|0.0|0.0|0.0|0.0|0.0|0.0|0.0|0.0|0.0|0.00|0.00|9999
28842584|P|FA|Lucas Jacobsen P • TEX|0.0|0.0|0.0|0.0|0.0|0.0|0.0|0.0|0.0|0.0|0.0|0.0|0.0|0.00|0.00|9999
27022495|P|FA|Josh Dye P • KC|0.0|0.0|0.0|0.0|0.0|0.0|0.0|0.0|0.0|0.0|0.0|0.0|0.0|0.00|0.00|9999
2921035|P|FA|Anthony McIver P • MIN|0.0|0.0|0.0|0.0|0.0|0.0|0.0|0.0|0.0|0.0|0.0|0.0|0.0|0.00|0.00|9999
2216697|P|FA|Silfredo Garcia P • STL|0.0|0.0|0.0|0.0|0.0|0.0|0.0|0.0|0.0|0.0|0.0|0.0|0.0|0.00|0.00|9999
3158009|P|FA|Andro Cutura P • MIN|0.0|0.0|0.0|0.0|0.0|0.0|0.0|0.0|0.0|0.0|0.0|0.0|0.0|0.00|0.00|9999
2171160|P|FA|Kody Kerski P • SEA|0.0|0.0|0.0|0.0|0.0|0.0|0.0|0.0|0.0|0.0|0.0|0.0|0.0|0.00|0.00|9999
29680253|P|FA|David Leal P • ATH|0.0|0.0|0.0|0.0|0.0|0.0|0.0|0.0|0.0|0.0|0.0|0.0|0.0|0.00|0.00|9999
2931981|P|FA|Jackson Kowar P • BAL|0.0|0.0|0.0|0.0|0.0|0.0|0.0|0.0|0.0|0.0|0.0|0.0|0.0|0.00|0.00|9999
2825336|P|FA|Denyi Reyes P • NYM|0.0|0.0|0.0|0.0|0.0|0.0|0.0|0.0|0.0|0.0|0.0|0.0|0.0|0.00|0.00|9999
28840205|P|FA|Shohei Tomioka P • ATH|0.0|0.0|0.0|0.0|0.0|0.0|0.0|0.0|0.0|0.0|0.0|0.0|0.0|0.00|0.00|9999
29087564|P|FA|Geoffrey Gilbert P • NYY|0.0|0.0|0.0|0.0|0.0|0.0|0.0|0.0|0.0|0.0|0.0|0.0|0.0|0.00|0.00|9999
2114629|P|FA|Gabriel Alfaro P • WAS|0.0|0.0|0.0|0.0|0.0|0.0|0.0|0.0|0.0|0.0|0.0|0.0|0.0|0.00|0.00|9999
1937341|P|FA|Trevor Rosenthal P • DET|0.0|0.0|0.0|0.0|0.0|0.0|0.0|0.0|0.0|0.0|0.0|0.0|0.0|0.00|0.00|9999
26912476|P|FA|Manuel Mercedes P • SF|0.0|0.0|0.0|0.0|0.0|0.0|0.0|0.0|0.0|0.0|0.0|0.0|0.0|0.00|0.00|9999
26911795|P|FA|Peter Heubeck P • LAD|0.0|0.0|0.0|0.0|0.0|0.0|0.0|0.0|0.0|0.0|0.0|0.0|0.0|0.00|0.00|9999
3157178|P|FA|Kurt Hoekstra P • ATL|0.0|0.0|0.0|0.0|0.0|0.0|0.0|0.0|0.0|0.0|0.0|0.0|0.0|0.00|0.00|9999
29085030|P|FA|Cesar Gomez P • HOU|0.0|0.0|0.0|0.0|0.0|0.0|0.0|0.0|0.0|0.0|0.0|0.0|0.0|0.00|0.00|9999
28838886|P|FA|Morgan McSweeney P • BAL|0.0|0.0|0.0|0.0|0.0|0.0|0.0|0.0|0.0|0.0|0.0|0.0|0.0|0.00|0.00|9999
29677762|P|FA|Harrison Kreiling P • BAL|0.0|0.0|0.0|0.0|0.0|0.0|0.0|0.0|0.0|0.0|0.0|0.0|0.0|0.00|0.00|9999
29693033|P|FA|Madison Jeffrey P • CHW|0.0|0.0|0.0|0.0|0.0|0.0|0.0|0.0|0.0|0.0|0.0|0.0|0.0|0.00|0.00|9999
2933149|P|FA|Kyle Tyler P • BAL|0.0|0.0|0.0|0.0|0.0|0.0|0.0|0.0|0.0|0.0|0.0|0.0|0.0|0.00|0.00|9999
29644461|P|FA|Matt Ager P • PIT|0.0|0.0|0.0|0.0|0.0|0.0|0.0|0.0|0.0|0.0|0.0|0.0|0.0|0.00|0.00|9999
2823714|P|FA|Alex Klonowski P • LAA|0.0|0.0|0.0|0.0|0.0|0.0|0.0|0.0|0.0|0.0|0.0|0.0|0.0|0.00|0.00|9999
29342253|P|FA|Haden Erbe P • TB|0.0|0.0|0.0|0.0|0.0|0.0|0.0|0.0|0.0|0.0|0.0|0.0|0.0|0.00|0.00|9999
2798056|P|FA|Aaron Cox P • LAA|0.0|0.0|0.0|0.0|0.0|0.0|0.0|0.0|0.0|0.0|0.0|0.0|0.0|0.00|0.00|9999
50037910|P|FA|Malachi Witherspoon P • DET|0.0|0.0|0.0|0.0|0.0|0.0|0.0|0.0|0.0|0.0|0.0|0.0|0.0|0.00|0.00|9999
29632454|P|FA|Tyler Gough P • SEA|0.0|0.0|0.0|0.0|0.0|0.0|0.0|0.0|0.0|0.0|0.0|0.0|0.0|0.00|0.00|9999
29644519|P|FA|Ben Peoples P • TEX|0.0|0.0|0.0|0.0|0.0|0.0|0.0|0.0|0.0|0.0|0.0|0.0|0.0|0.00|0.00|9999
2228211|P|FA|Gerardo Reyes P • ATH|0.0|0.0|0.0|0.0|0.0|0.0|0.0|0.0|0.0|0.0|0.0|0.0|0.0|0.00|0.00|9999
50043955|P|FA|Izaak Martinez P • CLE|0.0|0.0|0.0|0.0|0.0|0.0|0.0|0.0|0.0|0.0|0.0|0.0|0.0|0.00|0.00|9999
29084176|P|FA|Jamison Hill P • ARI|0.0|0.0|0.0|0.0|0.0|0.0|0.0|0.0|0.0|0.0|0.0|0.0|0.0|0.00|0.00|9999
2167459|P|FA|Jose De Leon P • BOS|0.0|0.0|0.0|0.0|0.0|0.0|0.0|0.0|0.0|0.0|0.0|0.0|0.0|0.00|0.00|9999
26911773|P|FA|Tyler Mattison P • DET|0.0|0.0|0.0|0.0|0.0|0.0|0.0|0.0|0.0|0.0|0.0|0.0|0.0|0.00|0.00|9999
2826283|P|FA|Frandy Torres P • HOU|0.0|0.0|0.0|0.0|0.0|0.0|0.0|0.0|0.0|0.0|0.0|0.0|0.0|0.00|0.00|9999
29658248|P|FA|Khristian Curtis P • PIT|0.0|0.0|0.0|0.0|0.0|0.0|0.0|0.0|0.0|0.0|0.0|0.0|0.0|0.00|0.00|9999
3107698|P|FA|Matt Custred P • LAA|0.0|0.0|0.0|0.0|0.0|0.0|0.0|0.0|0.0|0.0|0.0|0.0|0.0|0.00|0.00|9999
2049202|P|FA|Edwin Quirarte P • SF|0.0|0.0|0.0|0.0|0.0|0.0|0.0|0.0|0.0|0.0|0.0|0.0|0.0|0.00|0.00|9999
29087921|P|FA|Jeff Belge P • TB|0.0|0.0|0.0|0.0|0.0|0.0|0.0|0.0|0.0|0.0|0.0|0.0|0.0|0.00|0.00|9999
2836823|P|FA|Tommy Doyle P • COL|0.0|0.0|0.0|0.0|0.0|0.0|0.0|0.0|0.0|0.0|0.0|0.0|0.0|0.00|0.00|9999
2171707|P|FA|Cole Johnson P • MIN|0.0|0.0|0.0|0.0|0.0|0.0|0.0|0.0|0.0|0.0|0.0|0.0|0.0|0.00|0.00|9999
2824286|P|FA|Ian McKinney P • SEA|0.0|0.0|0.0|0.0|0.0|0.0|0.0|0.0|0.0|0.0|0.0|0.0|0.0|0.00|0.00|9999
2850308|P|FA|Austin Warner P • CHW|0.0|0.0|0.0|0.0|0.0|0.0|0.0|0.0|0.0|0.0|0.0|0.0|0.0|0.00|0.00|9999
1757988|P|FA|Noah Syndergaard P • CLE|0.0|0.0|0.0|0.0|0.0|0.0|0.0|0.0|0.0|0.0|0.0|0.0|0.0|0.00|0.00|9999
29084370|P|FA|Connor Lunn P • STL|0.0|0.0|0.0|0.0|0.0|0.0|0.0|0.0|0.0|0.0|0.0|0.0|0.0|0.00|0.00|9999
3116184|P|FA|Riley Thompson P • CHC|0.0|0.0|0.0|0.0|0.0|0.0|0.0|0.0|0.0|0.0|0.0|0.0|0.0|0.00|0.00|9999
29075735|P|FA|Mason Black P • KC|0.0|0.0|0.0|0.0|0.0|0.0|0.0|0.0|0.0|0.0|0.0|0.0|0.0|0.00|0.00|9999
2822051|P|FA|Willy Collado P • HOU|0.0|0.0|0.0|0.0|0.0|0.0|0.0|0.0|0.0|0.0|0.0|0.0|0.0|0.00|0.00|9999
2171039|P|FA|Elvis Escobar P • PIT|0.0|0.0|0.0|0.0|0.0|0.0|0.0|0.0|0.0|0.0|0.0|0.0|0.0|0.00|0.00|9999
2829435|P|FA|Tahnaj Thomas P • PIT|0.0|0.0|0.0|0.0|0.0|0.0|0.0|0.0|0.0|0.0|0.0|0.0|0.0|0.00|0.00|9999
29679113|P|FA|Nicolas Cruz P • LAD|0.0|0.0|0.0|0.0|0.0|0.0|0.0|0.0|0.0|0.0|0.0|0.0|0.0|0.00|0.00|9999
50041203|P|FA|J.D. Thompson P • MIL|0.0|0.0|0.0|0.0|0.0|0.0|0.0|0.0|0.0|0.0|0.0|0.0|0.0|0.00|0.00|9999
29084416|P|FA|James Meeker P • MIL|0.0|0.0|0.0|0.0|0.0|0.0|0.0|0.0|0.0|0.0|0.0|0.0|0.0|0.00|0.00|9999
3158598|P|FA|Brad Roney P • ARI|0.0|0.0|0.0|0.0|0.0|0.0|0.0|0.0|0.0|0.0|0.0|0.0|0.0|0.00|0.00|9999
29295973|P|FA|Paul Wilson P • DET|0.0|0.0|0.0|0.0|0.0|0.0|0.0|0.0|0.0|0.0|0.0|0.0|0.0|0.00|0.00|9999
29092497|P|FA|Andrew Marrero P • STL|0.0|0.0|0.0|0.0|0.0|0.0|0.0|0.0|0.0|0.0|0.0|0.0|0.0|0.00|0.00|9999
28838068|P|FA|Garrett Farmer P • BAL|0.0|0.0|0.0|0.0|0.0|0.0|0.0|0.0|0.0|0.0|0.0|0.0|0.0|0.00|0.00|9999
29342333|P|FA|Jose Romero P • CHC|0.0|0.0|0.0|0.0|0.0|0.0|0.0|0.0|0.0|0.0|0.0|0.0|0.0|0.00|0.00|9999
2826460|P|FA|Angel Ventura P • MIL|0.0|0.0|0.0|0.0|0.0|0.0|0.0|0.0|0.0|0.0|0.0|0.0|0.0|0.00|0.00|9999
2135242|P|FA|Tyler Kolek P • MIA|0.0|0.0|0.0|0.0|0.0|0.0|0.0|0.0|0.0|0.0|0.0|0.0|0.0|0.00|0.00|9999
29644502|P|FA|Zach Swanson P • DET|0.0|0.0|0.0|0.0|0.0|0.0|0.0|0.0|0.0|0.0|0.0|0.0|0.0|0.00|0.00|9999
50062249|P|FA|Jagger Beck P • HOU|0.0|0.0|0.0|0.0|0.0|0.0|0.0|0.0|0.0|0.0|0.0|0.0|0.0|0.00|0.00|9999
2837456|P|FA|Bryan Sammons P • DET|0.0|0.0|0.0|0.0|0.0|0.0|0.0|0.0|0.0|0.0|0.0|0.0|0.0|0.00|0.00|9999
2836730|P|FA|Jacob Condra-Bogan P • WAS|0.0|0.0|0.0|0.0|0.0|0.0|0.0|0.0|0.0|0.0|0.0|0.0|0.0|0.00|0.00|9999
2915604|P|FA|Daniel Brown P • MIL|0.0|0.0|0.0|0.0|0.0|0.0|0.0|0.0|0.0|0.0|0.0|0.0|0.0|0.00|0.00|9999
50044474|P|FA|Sandro Santana P • STL|0.0|0.0|0.0|0.0|0.0|0.0|0.0|0.0|0.0|0.0|0.0|0.0|0.0|0.00|0.00|9999
1537191|P|FA|Adam Ottavino P • NYY|0.0|0.0|0.0|0.0|0.0|0.0|0.0|0.0|0.0|0.0|0.0|0.0|0.0|0.00|0.00|9999
2837603|P|FA|Ty Tice P • ATL|0.0|0.0|0.0|0.0|0.0|0.0|0.0|0.0|0.0|0.0|0.0|0.0|0.0|0.00|0.00|9999
50048650|P|FA|Chan-min Park P • PHI|0.0|0.0|0.0|0.0|0.0|0.0|0.0|0.0|0.0|0.0|0.0|0.0|0.0|0.00|0.00|9999
29669222|P|FA|Jack Little P • DET|0.0|0.0|0.0|0.0|0.0|0.0|0.0|0.0|0.0|0.0|0.0|0.0|0.0|0.00|0.00|9999
2167347|P|FA|Carson Sands P • CHC|0.0|0.0|0.0|0.0|0.0|0.0|0.0|0.0|0.0|0.0|0.0|0.0|0.0|0.00|0.00|9999
29077594|P|FA|Cedric De Grandpre P • ATL|0.0|0.0|0.0|0.0|0.0|0.0|0.0|0.0|0.0|0.0|0.0|0.0|0.0|0.00|0.00|9999
29086251|P|FA|Jose Espada P • BAL|0.0|0.0|0.0|0.0|0.0|0.0|0.0|0.0|0.0|0.0|0.0|0.0|0.0|0.00|0.00|9999
50042279|P|FA|Yhoiker Fajardo P • STL|0.0|0.0|0.0|0.0|0.0|0.0|0.0|0.0|0.0|0.0|0.0|0.0|0.0|0.00|0.00|9999
2066814|P|FA|Andrew Church P • NYM|0.0|0.0|0.0|0.0|0.0|0.0|0.0|0.0|0.0|0.0|0.0|0.0|0.0|0.00|0.00|9999
2829156|P|FA|Noe Toribio P • PIT|0.0|0.0|0.0|0.0|0.0|0.0|0.0|0.0|0.0|0.0|0.0|0.0|0.0|0.00|0.00|9999
2211756|P|FA|Logan Allen P • ARI|0.0|0.0|0.0|0.0|0.0|0.0|0.0|0.0|0.0|0.0|0.0|0.0|0.0|0.00|0.00|9999
2823922|P|FA|Diomar Lopez P • CIN|0.0|0.0|0.0|0.0|0.0|0.0|0.0|0.0|0.0|0.0|0.0|0.0|0.0|0.00|0.00|9999
2823417|P|FA|Carlos Hiraldo P • HOU|0.0|0.0|0.0|0.0|0.0|0.0|0.0|0.0|0.0|0.0|0.0|0.0|0.0|0.00|0.00|9999
1756629|P|FA|Liam Hendriks P • CHC|0.0|0.0|0.0|0.0|0.0|0.0|0.0|0.0|0.0|0.0|0.0|0.0|0.0|0.00|0.00|9999
2734574|P|FA|Bryan Rodriguez P • SD|0.0|0.0|0.0|0.0|0.0|0.0|0.0|0.0|0.0|0.0|0.0|0.0|0.0|0.00|0.00|9999
50049365|P|FA|Masahiro Fukuda P • TEX|0.0|0.0|0.0|0.0|0.0|0.0|0.0|0.0|0.0|0.0|0.0|0.0|0.0|0.00|0.00|9999
2250604|P|FA|Justin Dunn P • CHW|0.0|0.0|0.0|0.0|0.0|0.0|0.0|0.0|0.0|0.0|0.0|0.0|0.0|0.00|0.00|9999
29681597|P|FA|Tyler Bradt P • STL|0.0|0.0|0.0|0.0|0.0|0.0|0.0|0.0|0.0|0.0|0.0|0.0|0.0|0.00|0.00|9999
50043905|P|FA|Thomas Ireland P • TEX|0.0|0.0|0.0|0.0|0.0|0.0|0.0|0.0|0.0|0.0|0.0|0.0|0.0|0.00|0.00|9999
2029072|P|FA|T.J. McFarland P • ATH|0.0|0.0|0.0|0.0|0.0|0.0|0.0|0.0|0.0|0.0|0.0|0.0|0.0|0.00|0.00|9999
3168715|P|FA|Jared Kelley P • CHW|0.0|0.0|0.0|0.0|0.0|0.0|0.0|0.0|0.0|0.0|0.0|0.0|0.0|0.00|0.00|9999
2760035|P|FA|Nick Pasquale P • CLE|0.0|0.0|0.0|0.0|0.0|0.0|0.0|0.0|0.0|0.0|0.0|0.0|0.0|0.00|0.00|9999
50041333|P|FA|Cade Obermueller P • PHI|0.0|0.0|0.0|0.0|0.0|0.0|0.0|0.0|0.0|0.0|0.0|0.0|0.0|0.00|0.00|9999
2914712|P|FA|Ryan Atkinson P • ARI|0.0|0.0|0.0|0.0|0.0|0.0|0.0|0.0|0.0|0.0|0.0|0.0|0.0|0.00|0.00|9999
29679429|P|FA|Mike Walsh P • PIT|0.0|0.0|0.0|0.0|0.0|0.0|0.0|0.0|0.0|0.0|0.0|0.0|0.0|0.00|0.00|9999
29084387|P|FA|Erubiel Armenta P • PHI|0.0|0.0|0.0|0.0|0.0|0.0|0.0|0.0|0.0|0.0|0.0|0.0|0.0|0.00|0.00|9999
50044503|P|FA|Channing Austin P • NYM|0.0|0.0|0.0|0.0|0.0|0.0|0.0|0.0|0.0|0.0|0.0|0.0|0.0|0.00|0.00|9999
2040762|P|FA|Corey Black P • CHC|0.0|0.0|0.0|0.0|0.0|0.0|0.0|0.0|0.0|0.0|0.0|0.0|0.0|0.00|0.00|9999
3094748|P|FA|Chad Donato P • HOU|0.0|0.0|0.0|0.0|0.0|0.0|0.0|0.0|0.0|0.0|0.0|0.0|0.0|0.00|0.00|9999
29345796|P|FA|Erik Martinez P • LAA|0.0|0.0|0.0|0.0|0.0|0.0|0.0|0.0|0.0|0.0|0.0|0.0|0.0|0.00|0.00|9999
29683516|P|FA|Levi Wells P • BAL|0.0|0.0|0.0|0.0|0.0|0.0|0.0|0.0|0.0|0.0|0.0|0.0|0.0|0.00|0.00|9999
26615447|P|FA|Miguel Medrano P • CIN|0.0|0.0|0.0|0.0|0.0|0.0|0.0|0.0|0.0|0.0|0.0|0.0|0.0|0.00|0.00|9999
29644493|P|FA|Grant Shepardson P • MIA|0.0|0.0|0.0|0.0|0.0|0.0|0.0|0.0|0.0|0.0|0.0|0.0|0.0|0.00|0.00|9999
2921619|P|FA|Tom Colletti P • SD|0.0|0.0|0.0|0.0|0.0|0.0|0.0|0.0|0.0|0.0|0.0|0.0|0.0|0.00|0.00|9999
26911729|P|FA|Joey Estes P • ATH|0.0|0.0|0.0|0.0|0.0|0.0|0.0|0.0|0.0|0.0|0.0|0.0|0.0|0.00|0.00|9999
3151009|P|FA|Antonio Santos P • CHC|0.0|0.0|0.0|0.0|0.0|0.0|0.0|0.0|0.0|0.0|0.0|0.0|0.0|0.00|0.00|9999
26911743|P|FA|Matt Mikulski P • MIN|0.0|0.0|0.0|0.0|0.0|0.0|0.0|0.0|0.0|0.0|0.0|0.0|0.0|0.00|0.00|9999
29662100|P|FA|Yujanyer Herrera P • COL|0.0|0.0|0.0|0.0|0.0|0.0|0.0|0.0|0.0|0.0|0.0|0.0|0.0|0.00|0.00|9999
29075741|P|FA|Michael Knorr P • HOU|0.0|0.0|0.0|0.0|0.0|0.0|0.0|0.0|0.0|0.0|0.0|0.0|0.0|0.00|0.00|9999
2821579|P|FA|Argenis Blanco P • ATH|0.0|0.0|0.0|0.0|0.0|0.0|0.0|0.0|0.0|0.0|0.0|0.0|0.0|0.00|0.00|9999
2821884|P|FA|Humberto Castellanos P • ARI|0.0|0.0|0.0|0.0|0.0|0.0|0.0|0.0|0.0|0.0|0.0|0.0|0.0|0.00|0.00|9999
1962831|P|FA|Brock Huntzinger P • COL|0.0|0.0|0.0|0.0|0.0|0.0|0.0|0.0|0.0|0.0|0.0|0.0|0.0|0.00|0.00|9999
50044143|P|FA|Kyle Bischoff P • MIN|0.0|0.0|0.0|0.0|0.0|0.0|0.0|0.0|0.0|0.0|0.0|0.0|0.0|0.00|0.00|9999
2837126|P|FA|Billy Lescher P • DET|0.0|0.0|0.0|0.0|0.0|0.0|0.0|0.0|0.0|0.0|0.0|0.0|0.0|0.00|0.00|9999
2932846|P|FA|Antoine Kelly P • CHC|0.0|0.0|0.0|0.0|0.0|0.0|0.0|0.0|0.0|0.0|0.0|0.0|0.0|0.00|0.00|9999
2167507|P|FA|Michael Santos P • TB|0.0|0.0|0.0|0.0|0.0|0.0|0.0|0.0|0.0|0.0|0.0|0.0|0.0|0.00|0.00|9999
29342225|P|FA|Jarod Bayless P • PIT|0.0|0.0|0.0|0.0|0.0|0.0|0.0|0.0|0.0|0.0|0.0|0.0|0.0|0.00|0.00|9999
2170150|P|FA|El'Hajj Muhammad P • CHW|0.0|0.0|0.0|0.0|0.0|0.0|0.0|0.0|0.0|0.0|0.0|0.0|0.0|0.00|0.00|9999
2933205|P|FA|Allan Winans P • NYY|0.0|0.0|0.0|0.0|0.0|0.0|0.0|0.0|0.0|0.0|0.0|0.0|0.0|0.00|0.00|9999
29660684|P|FA|Fernando Perez P • TOR|0.0|0.0|0.0|0.0|0.0|0.0|0.0|0.0|0.0|0.0|0.0|0.0|0.0|0.00|0.00|9999
2171053|P|FA|Michael Johnson P • LAD|0.0|0.0|0.0|0.0|0.0|0.0|0.0|0.0|0.0|0.0|0.0|0.0|0.0|0.00|0.00|9999
2170066|P|FA|Jose Leclerc P • SD|0.0|0.0|0.0|0.0|0.0|0.0|0.0|0.0|0.0|0.0|0.0|0.0|0.0|0.00|0.00|9999
29069953|P|FA|Andrew Baker P • PHI|0.0|0.0|0.0|0.0|0.0|0.0|0.0|0.0|0.0|0.0|0.0|0.0|0.0|0.00|0.00|9999
29085038|P|FA|Mitchell Miller P • SD|0.0|0.0|0.0|0.0|0.0|0.0|0.0|0.0|0.0|0.0|0.0|0.0|0.0|0.00|0.00|9999
2184452|P|FA|James Kaprielian P • TOR|0.0|0.0|0.0|0.0|0.0|0.0|0.0|0.0|0.0|0.0|0.0|0.0|0.0|0.00|0.00|9999
2803303|P|FA|Mark Zimmerman P • SD|0.0|0.0|0.0|0.0|0.0|0.0|0.0|0.0|0.0|0.0|0.0|0.0|0.0|0.00|0.00|9999
29677732|P|FA|Ben Sears P • KC|0.0|0.0|0.0|0.0|0.0|0.0|0.0|0.0|0.0|0.0|0.0|0.0|0.0|0.00|0.00|9999
2211779|P|FA|Anderson Espinoza P • SD|0.0|0.0|0.0|0.0|0.0|0.0|0.0|0.0|0.0|0.0|0.0|0.0|0.0|0.00|0.00|9999
2915586|P|FA|Daniel Gonzalez P • BOS|0.0|0.0|0.0|0.0|0.0|0.0|0.0|0.0|0.0|0.0|0.0|0.0|0.0|0.00|0.00|9999
2693899|P|FA|J.P. Feyereisen P • LAD|0.0|0.0|0.0|0.0|0.0|0.0|0.0|0.0|0.0|0.0|0.0|0.0|0.0|0.00|0.00|9999
2823729|P|FA|Karch Kowalczyk P • LAD|0.0|0.0|0.0|0.0|0.0|0.0|0.0|0.0|0.0|0.0|0.0|0.0|0.0|0.00|0.00|9999
2837232|P|FA|Bobby Miller P • LAD|0.0|0.0|0.0|0.0|0.0|0.0|0.0|0.0|0.0|0.0|0.0|0.0|0.0|0.00|0.00|9999
50037909|P|FA|Riley Kelly P • COL|0.0|0.0|0.0|0.0|0.0|0.0|0.0|0.0|0.0|0.0|0.0|0.0|0.0|0.00|0.00|9999
29644500|P|FA|Sam Stuhr P • ATH|0.0|0.0|0.0|0.0|0.0|0.0|0.0|0.0|0.0|0.0|0.0|0.0|0.0|0.00|0.00|9999
29644475|P|FA|Dasan Hill P • TOR|0.0|0.0|0.0|0.0|0.0|0.0|0.0|0.0|0.0|0.0|0.0|0.0|0.0|0.00|0.00|9999
28841683|P|FA|Erik Manoah P • WAS|0.0|0.0|0.0|0.0|0.0|0.0|0.0|0.0|0.0|0.0|0.0|0.0|0.0|0.00|0.00|9999
50043891|P|FA|Tyler LaPorte P • ATL|0.0|0.0|0.0|0.0|0.0|0.0|0.0|0.0|0.0|0.0|0.0|0.0|0.0|0.00|0.00|9999
2743312|P|FA|Jalen Beeks P • TEX|0.0|0.0|0.0|0.0|0.0|0.0|0.0|0.0|0.0|0.0|0.0|0.0|0.0|0.00|0.00|9999
50041094|P|FA|Mathias LaCombe P • CHW|0.0|0.0|0.0|0.0|0.0|0.0|0.0|0.0|0.0|0.0|0.0|0.0|0.0|0.00|0.00|9999
50042281|P|FA|Kelvis Salcedo P • DET|0.0|0.0|0.0|0.0|0.0|0.0|0.0|0.0|0.0|0.0|0.0|0.0|0.0|0.00|0.00|9999
50044751|P|FA|Jake Shirk P • PIT|0.0|0.0|0.0|0.0|0.0|0.0|0.0|0.0|0.0|0.0|0.0|0.0|0.0|0.00|0.00|9999
2044503|P|FA|Jose Berrios P • TOR|0.0|0.0|0.0|0.0|0.0|0.0|0.0|0.0|0.0|0.0|0.0|0.0|0.0|0.00|0.00|9999
29091447|P|FA|Ian Mejia P • ATL|0.0|0.0|0.0|0.0|0.0|0.0|0.0|0.0|0.0|0.0|0.0|0.0|0.0|0.00|0.00|9999
29086116|P|FA|Casey Cobb P • BOS|0.0|0.0|0.0|0.0|0.0|0.0|0.0|0.0|0.0|0.0|0.0|0.0|0.0|0.00|0.00|9999
29692606|P|FA|Chance Huff P • WAS|0.0|0.0|0.0|0.0|0.0|0.0|0.0|0.0|0.0|0.0|0.0|0.0|0.0|0.00|0.00|9999
2167461|P|FA|Ricardo Pinto P • PHI|0.0|0.0|0.0|0.0|0.0|0.0|0.0|0.0|0.0|0.0|0.0|0.0|0.0|0.00|0.00|9999
2869878|P|FA|Max Herrmann P • LAA|0.0|0.0|0.0|0.0|0.0|0.0|0.0|0.0|0.0|0.0|0.0|0.0|0.0|0.00|0.00|9999
50044020|P|FA|Miles Langhorne P • MIL|0.0|0.0|0.0|0.0|0.0|0.0|0.0|0.0|0.0|0.0|0.0|0.0|0.0|0.00|0.00|9999
2826721|P|FA|Joseph Zanghi P • NYM|0.0|0.0|0.0|0.0|0.0|0.0|0.0|0.0|0.0|0.0|0.0|0.0|0.0|0.00|0.00|9999
50042249|P|FA|Carlos De La Rosa P • SF|0.0|0.0|0.0|0.0|0.0|0.0|0.0|0.0|0.0|0.0|0.0|0.0|0.0|0.00|0.00|9999
29084394|P|FA|Walter Pennington P • BAL|0.0|0.0|0.0|0.0|0.0|0.0|0.0|0.0|0.0|0.0|0.0|0.0|0.0|0.00|0.00|9999
28838283|P|FA|Matt Ruppenthal P • HOU|0.0|0.0|0.0|0.0|0.0|0.0|0.0|0.0|0.0|0.0|0.0|0.0|0.0|0.00|0.00|9999
3083187|P|FA|Zach Thompson P • ATL|0.0|0.0|0.0|0.0|0.0|0.0|0.0|0.0|0.0|0.0|0.0|0.0|0.0|0.00|0.00|9999
2066817|P|FA|Blake Taylor P • TEX|0.0|0.0|0.0|0.0|0.0|0.0|0.0|0.0|0.0|0.0|0.0|0.0|0.0|0.00|0.00|9999
29086793|P|FA|Spencer Bivens P • SF|0.0|0.0|0.0|0.0|0.0|0.0|0.0|0.0|0.0|0.0|0.0|0.0|0.0|0.00|0.00|9999
28938319|P|FA|Nicholas Padilla P • PHI|0.0|0.0|0.0|0.0|0.0|0.0|0.0|0.0|0.0|0.0|0.0|0.0|0.0|0.00|0.00|9999
2120864|P|FA|Spencer Patton P • ATH|0.0|0.0|0.0|0.0|0.0|0.0|0.0|0.0|0.0|0.0|0.0|0.0|0.0|0.00|0.00|9999
2914725|P|FA|Hector Mendoza P • STL|0.0|0.0|0.0|0.0|0.0|0.0|0.0|0.0|0.0|0.0|0.0|0.0|0.0|0.00|0.00|9999
1813270|P|FA|Travis Banwart P • CLE|0.0|0.0|0.0|0.0|0.0|0.0|0.0|0.0|0.0|0.0|0.0|0.0|0.0|0.00|0.00|9999
50037912|P|FA|Yoel Tejeda P • WAS|0.0|0.0|0.0|0.0|0.0|0.0|0.0|0.0|0.0|0.0|0.0|0.0|0.0|0.00|0.00|9999
29676341|P|FA|Aaron Davenport P • CLE|0.0|0.0|0.0|0.0|0.0|0.0|0.0|0.0|0.0|0.0|0.0|0.0|0.0|0.00|0.00|9999
29692343|P|FA|Derek Clark P • LAA|0.0|0.0|0.0|0.0|0.0|0.0|0.0|0.0|0.0|0.0|0.0|0.0|0.0|0.00|0.00|9999
29085032|P|FA|Ben Harris P • LAD|0.0|0.0|0.0|0.0|0.0|0.0|0.0|0.0|0.0|0.0|0.0|0.0|0.0|0.00|0.00|9999
2167938|P|FA|Matt Tomshaw P • CHW|0.0|0.0|0.0|0.0|0.0|0.0|0.0|0.0|0.0|0.0|0.0|0.0|0.0|0.00|0.00|9999
26911813|P|FA|Austin Love P • STL|0.0|0.0|0.0|0.0|0.0|0.0|0.0|0.0|0.0|0.0|0.0|0.0|0.0|0.00|0.00|9999
50043981|P|FA|Christian MacLeod P • MIN|0.0|0.0|0.0|0.0|0.0|0.0|0.0|0.0|0.0|0.0|0.0|0.0|0.0|0.00|0.00|9999
2830262|P|FA|Marcos Tineo P • ARI|0.0|0.0|0.0|0.0|0.0|0.0|0.0|0.0|0.0|0.0|0.0|0.0|0.0|0.00|0.00|9999
2873183|P|FA|Gabriel Yanez P • MIN|0.0|0.0|0.0|0.0|0.0|0.0|0.0|0.0|0.0|0.0|0.0|0.0|0.0|0.00|0.00|9999
2918875|P|FA|Matthew Kent P • BOS|0.0|0.0|0.0|0.0|0.0|0.0|0.0|0.0|0.0|0.0|0.0|0.0|0.0|0.00|0.00|9999
29086759|P|FA|RJ Petit P • COL|0.0|0.0|0.0|0.0|0.0|0.0|0.0|0.0|0.0|0.0|0.0|0.0|0.0|0.00|0.00|9999
29683749|P|FA|Josh Harlow P • CLE|0.0|0.0|0.0|0.0|0.0|0.0|0.0|0.0|0.0|0.0|0.0|0.0|0.0|0.00|0.00|9999
29295943|P|FA|Travis Sykora P • WAS|0.0|0.0|0.0|0.0|0.0|0.0|0.0|0.0|0.0|0.0|0.0|0.0|0.0|0.00|0.00|9999
2803770|P|FA|Colton Turner P • ARI|0.0|0.0|0.0|0.0|0.0|0.0|0.0|0.0|0.0|0.0|0.0|0.0|0.0|0.00|0.00|9999
2829153|P|FA|Juan Then P • CHW|0.0|0.0|0.0|0.0|0.0|0.0|0.0|0.0|0.0|0.0|0.0|0.0|0.0|0.00|0.00|9999
3152798|P|FA|Christian James P • NYM|0.0|0.0|0.0|0.0|0.0|0.0|0.0|0.0|0.0|0.0|0.0|0.0|0.0|0.00|0.00|9999
28839911|P|FA|Jose Betances P • HOU|0.0|0.0|0.0|0.0|0.0|0.0|0.0|0.0|0.0|0.0|0.0|0.0|0.0|0.00|0.00|9999
2823741|P|FA|David Kubiak P • TEX|0.0|0.0|0.0|0.0|0.0|0.0|0.0|0.0|0.0|0.0|0.0|0.0|0.0|0.00|0.00|9999
50041087|P|FA|Anthony Eyanson P • BAL|0.0|0.0|0.0|0.0|0.0|0.0|0.0|0.0|0.0|0.0|0.0|0.0|0.0|0.00|0.00|9999
3152057|P|FA|Jairo Lopez P • HOU|0.0|0.0|0.0|0.0|0.0|0.0|0.0|0.0|0.0|0.0|0.0|0.0|0.0|0.00|0.00|9999
29085026|P|FA|Edgar Escobar P • STL|0.0|0.0|0.0|0.0|0.0|0.0|0.0|0.0|0.0|0.0|0.0|0.0|0.0|0.00|0.00|9999
2228200|P|FA|Rob Wort P • BOS|0.0|0.0|0.0|0.0|0.0|0.0|0.0|0.0|0.0|0.0|0.0|0.0|0.0|0.00|0.00|9999
28838571|P|FA|Sean Mullen P • TB|0.0|0.0|0.0|0.0|0.0|0.0|0.0|0.0|0.0|0.0|0.0|0.0|0.0|0.00|0.00|9999
2822004|P|FA|Yonny Chirinos P • MIA|0.0|0.0|0.0|0.0|0.0|0.0|0.0|0.0|0.0|0.0|0.0|0.0|0.0|0.00|0.00|9999
26719600|P|FA|Will Bednar P • SF|0.0|0.0|0.0|0.0|0.0|0.0|0.0|0.0|0.0|0.0|0.0|0.0|0.0|0.00|0.00|9999
3157710|P|FA|Griffin Jax P • TB|0.0|0.0|0.0|0.0|0.0|0.0|0.0|0.0|0.0|0.0|0.0|0.0|0.0|0.00|0.00|9999
50009366|P|FA|Riley Quick P • MIN|0.0|0.0|0.0|0.0|0.0|0.0|0.0|0.0|0.0|0.0|0.0|0.0|0.0|0.00|0.00|9999
50041363|P|FA|Miguel Sime P • WAS|0.0|0.0|0.0|0.0|0.0|0.0|0.0|0.0|0.0|0.0|0.0|0.0|0.0|0.00|0.00|9999
28838023|P|FA|Garrett Hill P • DET|0.0|0.0|0.0|0.0|0.0|0.0|0.0|0.0|0.0|0.0|0.0|0.0|0.0|0.00|0.00|9999
2775274|P|FA|Jon Olczak P • ATL|0.0|0.0|0.0|0.0|0.0|0.0|0.0|0.0|0.0|0.0|0.0|0.0|0.0|0.00|0.00|9999
2119601|P|FA|Geoff Broussard P • CIN|0.0|0.0|0.0|0.0|0.0|0.0|0.0|0.0|0.0|0.0|0.0|0.0|0.0|0.00|0.00|9999
29290937|P|FA|Michael Arias P • NYY|0.0|0.0|0.0|0.0|0.0|0.0|0.0|0.0|0.0|0.0|0.0|0.0|0.0|0.00|0.00|9999
2822207|P|FA|Parker Curry P • LAD|0.0|0.0|0.0|0.0|0.0|0.0|0.0|0.0|0.0|0.0|0.0|0.0|0.0|0.00|0.00|9999
2932854|P|FA|Adam Kloffenstein P • NYY|0.0|0.0|0.0|0.0|0.0|0.0|0.0|0.0|0.0|0.0|0.0|0.0|0.0|0.00|0.00|9999
50043926|P|FA|Gregori Louis P • NYM|0.0|0.0|0.0|0.0|0.0|0.0|0.0|0.0|0.0|0.0|0.0|0.0|0.0|0.00|0.00|9999
2775049|P|FA|Marcus Mack P • TEX|0.0|0.0|0.0|0.0|0.0|0.0|0.0|0.0|0.0|0.0|0.0|0.0|0.0|0.00|0.00|9999
2953499|P|FA|Josh James P • STL|0.0|0.0|0.0|0.0|0.0|0.0|0.0|0.0|0.0|0.0|0.0|0.0|0.0|0.00|0.00|9999
29084245|P|FA|Anthony Maldonado P • HOU|0.0|0.0|0.0|0.0|0.0|0.0|0.0|0.0|0.0|0.0|0.0|0.0|0.0|0.00|0.00|9999
29088486|P|FA|Jack Carey P • CLE|0.0|0.0|0.0|0.0|0.0|0.0|0.0|0.0|0.0|0.0|0.0|0.0|0.0|0.00|0.00|9999
29342227|P|FA|Trey Benton P • CLE|0.0|0.0|0.0|0.0|0.0|0.0|0.0|0.0|0.0|0.0|0.0|0.0|0.0|0.00|0.00|9999
28862920|P|FA|Jared Koenig P • MIL|0.0|0.0|0.0|0.0|0.0|0.0|0.0|0.0|0.0|0.0|0.0|0.0|0.0|0.00|0.00|9999
50043836|P|FA|Jesus Broca P • MIL|0.0|0.0|0.0|0.0|0.0|0.0|0.0|0.0|0.0|0.0|0.0|0.0|0.0|0.00|0.00|9999
2826172|P|FA|Curtis Taylor P • STL|0.0|0.0|0.0|0.0|0.0|0.0|0.0|0.0|0.0|0.0|0.0|0.0|0.0|0.00|0.00|9999
29071710|P|FA|Ashton Izzi P • ARI|0.0|0.0|0.0|0.0|0.0|0.0|0.0|0.0|0.0|0.0|0.0|0.0|0.0|0.00|0.00|9999
29075708|P|FA|Jacob Miller P • MIA|0.0|0.0|0.0|0.0|0.0|0.0|0.0|0.0|0.0|0.0|0.0|0.0|0.0|0.00|0.00|9999
2118850|P|FA|Lex Rutledge P • BAL|0.0|0.0|0.0|0.0|0.0|0.0|0.0|0.0|0.0|0.0|0.0|0.0|0.0|0.00|0.00|9999
2860171|P|FA|Gerald Ogando P • BAL|0.0|0.0|0.0|0.0|0.0|0.0|0.0|0.0|0.0|0.0|0.0|0.0|0.0|0.00|0.00|9999
50044809|P|FA|Bryce Osmond P • LAA|0.0|0.0|0.0|0.0|0.0|0.0|0.0|0.0|0.0|0.0|0.0|0.0|0.0|0.00|0.00|9999
2830239|P|FA|Eduardo Herrera P • NYM|0.0|0.0|0.0|0.0|0.0|0.0|0.0|0.0|0.0|0.0|0.0|0.0|0.0|0.00|0.00|9999
2113634|P|FA|Adam Kolarek P • LAA|0.0|0.0|0.0|0.0|0.0|0.0|0.0|0.0|0.0|0.0|0.0|0.0|0.0|0.00|0.00|9999
3158354|P|FA|John O'Reilly P • PIT|0.0|0.0|0.0|0.0|0.0|0.0|0.0|0.0|0.0|0.0|0.0|0.0|0.0|0.00|0.00|9999
2825069|P|FA|Jon Perrin P • MIL|0.0|0.0|0.0|0.0|0.0|0.0|0.0|0.0|0.0|0.0|0.0|0.0|0.0|0.00|0.00|9999
2592847|P|FA|Cody Dickson P • PIT|0.0|0.0|0.0|0.0|0.0|0.0|0.0|0.0|0.0|0.0|0.0|0.0|0.0|0.00|0.00|9999
29085945|P|FA|Aaron Holiday P • SD|0.0|0.0|0.0|0.0|0.0|0.0|0.0|0.0|0.0|0.0|0.0|0.0|0.0|0.00|0.00|9999
29677723|P|FA|Cade Austin P • NYY|0.0|0.0|0.0|0.0|0.0|0.0|0.0|0.0|0.0|0.0|0.0|0.0|0.0|0.00|0.00|9999
29644488|P|FA|Joey Oakie P • CLE|0.0|0.0|0.0|0.0|0.0|0.0|0.0|0.0|0.0|0.0|0.0|0.0|0.0|0.00|0.00|9999
2048866|P|FA|Paul Smyth P • ARI|0.0|0.0|0.0|0.0|0.0|0.0|0.0|0.0|0.0|0.0|0.0|0.0|0.0|0.00|0.00|9999
26615445|P|FA|Aldo Ramirez P • WAS|0.0|0.0|0.0|0.0|0.0|0.0|0.0|0.0|0.0|0.0|0.0|0.0|0.0|0.00|0.00|9999
2118755|P|FA|Sean Brady P • CLE|0.0|0.0|0.0|0.0|0.0|0.0|0.0|0.0|0.0|0.0|0.0|0.0|0.0|0.00|0.00|9999
50044340|P|FA|Nate Peterson P • CIN|0.0|0.0|0.0|0.0|0.0|0.0|0.0|0.0|0.0|0.0|0.0|0.0|0.0|0.00|0.00|9999
29084600|P|FA|Luke Albright P • ARI|0.0|0.0|0.0|0.0|0.0|0.0|0.0|0.0|0.0|0.0|0.0|0.0|0.0|0.00|0.00|9999
2837072|P|FA|Nick Kennedy P • COL|0.0|0.0|0.0|0.0|0.0|0.0|0.0|0.0|0.0|0.0|0.0|0.0|0.0|0.00|0.00|9999
2821878|P|FA|Ranfi Casimiro P • PHI|0.0|0.0|0.0|0.0|0.0|0.0|0.0|0.0|0.0|0.0|0.0|0.0|0.0|0.00|0.00|9999
29342234|P|FA|Stevie Branche P • CIN|0.0|0.0|0.0|0.0|0.0|0.0|0.0|0.0|0.0|0.0|0.0|0.0|0.0|0.00|0.00|9999
29644496|P|FA|Tristan Smith P • CIN|0.0|0.0|0.0|0.0|0.0|0.0|0.0|0.0|0.0|0.0|0.0|0.0|0.0|0.00|0.00|9999
2041268|P|FA|Lucas Sims P • CHW|0.0|0.0|0.0|0.0|0.0|0.0|0.0|0.0|0.0|0.0|0.0|0.0|0.0|0.00|0.00|9999
2836633|P|FA|Caleb Boushley P • TB|0.0|0.0|0.0|0.0|0.0|0.0|0.0|0.0|0.0|0.0|0.0|0.0|0.0|0.00|0.00|9999
50043822|P|FA|Wilian Bormie P • TEX|0.0|0.0|0.0|0.0|0.0|0.0|0.0|0.0|0.0|0.0|0.0|0.0|0.0|0.00|0.00|9999
26861464|P|FA|Nathan Webb P • BAL|0.0|0.0|0.0|0.0|0.0|0.0|0.0|0.0|0.0|0.0|0.0|0.0|0.0|0.00|0.00|9999
29342304|P|FA|Connor McCullough P • CHW|0.0|0.0|0.0|0.0|0.0|0.0|0.0|0.0|0.0|0.0|0.0|0.0|0.0|0.00|0.00|9999
2933047|P|FA|Trey Riley P • ATL|0.0|0.0|0.0|0.0|0.0|0.0|0.0|0.0|0.0|0.0|0.0|0.0|0.0|0.00|0.00|9999
2066703|P|FA|Hunter Harvey P • CHC|0.0|0.0|0.0|0.0|0.0|0.0|0.0|0.0|0.0|0.0|0.0|0.0|0.0|0.00|0.00|9999
26615461|P|FA|Holden Powell P • WAS|0.0|0.0|0.0|0.0|0.0|0.0|0.0|0.0|0.0|0.0|0.0|0.0|0.0|0.00|0.00|9999
28838274|P|FA|Carlos Garcia P • TB|0.0|0.0|0.0|0.0|0.0|0.0|0.0|0.0|0.0|0.0|0.0|0.0|0.0|0.00|0.00|9999
2824923|P|FA|Joel Payamps P • ATL|0.0|0.0|0.0|0.0|0.0|0.0|0.0|0.0|0.0|0.0|0.0|0.0|0.0|0.00|0.00|9999
2453421|P|FA|Dakota Hudson P • LAA|0.0|0.0|0.0|0.0|0.0|0.0|0.0|0.0|0.0|0.0|0.0|0.0|0.0|0.00|0.00|9999
29687316|P|FA|Carter Rustad P • BAL|0.0|0.0|0.0|0.0|0.0|0.0|0.0|0.0|0.0|0.0|0.0|0.0|0.0|0.00|0.00|9999
2117118|P|FA|Dominic Leone P • CHW|0.0|0.0|0.0|0.0|0.0|0.0|0.0|0.0|0.0|0.0|0.0|0.0|0.0|0.00|0.00|9999
3107894|P|FA|Braden Bristo P • DET|0.0|0.0|0.0|0.0|0.0|0.0|0.0|0.0|0.0|0.0|0.0|0.0|0.0|0.00|0.00|9999
50043932|P|FA|Peyton Fosher P • MIA|0.0|0.0|0.0|0.0|0.0|0.0|0.0|0.0|0.0|0.0|0.0|0.0|0.0|0.00|0.00|9999
29644477|P|FA|Dylan Jordan P • LAA|0.0|0.0|0.0|0.0|0.0|0.0|0.0|0.0|0.0|0.0|0.0|0.0|0.0|0.00|0.00|9999
2227752|P|FA|T.J. Weir P • SD|0.0|0.0|0.0|0.0|0.0|0.0|0.0|0.0|0.0|0.0|0.0|0.0|0.0|0.00|0.00|9999
29662088|P|FA|Jeremy Reyes P • ATL|0.0|0.0|0.0|0.0|0.0|0.0|0.0|0.0|0.0|0.0|0.0|0.0|0.0|0.00|0.00|9999
2048463|P|FA|Marco Duarte P • BOS|0.0|0.0|0.0|0.0|0.0|0.0|0.0|0.0|0.0|0.0|0.0|0.0|0.0|0.00|0.00|9999
50009225|P|FA|Miguel Mendez P • SF|0.0|0.0|0.0|0.0|0.0|0.0|0.0|0.0|0.0|0.0|0.0|0.0|0.0|0.00|0.00|9999
29075752|P|FA|Peyton Pallette P • CHW|0.0|0.0|0.0|0.0|0.0|0.0|0.0|0.0|0.0|0.0|0.0|0.0|0.0|0.00|0.00|9999
29668947|P|FA|Lazaro Estrada P • TOR|0.0|0.0|0.0|0.0|0.0|0.0|0.0|0.0|0.0|0.0|0.0|0.0|0.0|0.00|0.00|9999
1971218|P|FA|Bobby Bundy P • BAL|0.0|0.0|0.0|0.0|0.0|0.0|0.0|0.0|0.0|0.0|0.0|0.0|0.0|0.00|0.00|9999
2169991|P|FA|Whit Mayberry P • DET|0.0|0.0|0.0|0.0|0.0|0.0|0.0|0.0|0.0|0.0|0.0|0.0|0.0|0.00|0.00|9999
2933011|P|FA|Jack Perkins P • PHI|0.0|0.0|0.0|0.0|0.0|0.0|0.0|0.0|0.0|0.0|0.0|0.0|0.0|0.00|0.00|9999
50041354|P|FA|AJ Russell P • TEX|0.0|0.0|0.0|0.0|0.0|0.0|0.0|0.0|0.0|0.0|0.0|0.0|0.0|0.00|0.00|9999
2830137|P|FA|Eduardo Salazar P • MIN|0.0|0.0|0.0|0.0|0.0|0.0|0.0|0.0|0.0|0.0|0.0|0.0|0.0|0.00|0.00|9999
50044372|P|FA|Saul Teran P • PHI|0.0|0.0|0.0|0.0|0.0|0.0|0.0|0.0|0.0|0.0|0.0|0.0|0.0|0.00|0.00|9999
2932815|P|FA|Adam Hill P • NYM|0.0|0.0|0.0|0.0|0.0|0.0|0.0|0.0|0.0|0.0|0.0|0.0|0.0|0.00|0.00|9999
2836625|P|FA|Bryce Bonnin P • TEX|0.0|0.0|0.0|0.0|0.0|0.0|0.0|0.0|0.0|0.0|0.0|0.0|0.0|0.00|0.00|9999
2837538|P|FA|Peter Solomon P • ARI|0.0|0.0|0.0|0.0|0.0|0.0|0.0|0.0|0.0|0.0|0.0|0.0|0.0|0.00|0.00|9999
28851013|P|FA|Pierson Ohl P • COL|0.0|0.0|0.0|0.0|0.0|0.0|0.0|0.0|0.0|0.0|0.0|0.0|0.0|0.00|0.00|9999
2836892|P|FA|Nick Gallagher P • CLE|0.0|0.0|0.0|0.0|0.0|0.0|0.0|0.0|0.0|0.0|0.0|0.0|0.0|0.00|0.00|9999
29087231|P|FA|John Matthews P • ARI|0.0|0.0|0.0|0.0|0.0|0.0|0.0|0.0|0.0|0.0|0.0|0.0|0.0|0.00|0.00|9999
29693004|P|FA|Joshua White P • MIA|0.0|0.0|0.0|0.0|0.0|0.0|0.0|0.0|0.0|0.0|0.0|0.0|0.0|0.00|0.00|9999
3077306|P|FA|Zach Lovvorn P • KC|0.0|0.0|0.0|0.0|0.0|0.0|0.0|0.0|0.0|0.0|0.0|0.0|0.0|0.00|0.00|9999
2226607|P|FA|Ryan Horstman P • SEA|0.0|0.0|0.0|0.0|0.0|0.0|0.0|0.0|0.0|0.0|0.0|0.0|0.0|0.00|0.00|9999
50043938|P|FA|Anthony Hoopii-Tuionetoa P • TEX|0.0|0.0|0.0|0.0|0.0|0.0|0.0|0.0|0.0|0.0|0.0|0.0|0.0|0.00|0.00|9999
29084553|P|FA|Conner Loeprich P • BAL|0.0|0.0|0.0|0.0|0.0|0.0|0.0|0.0|0.0|0.0|0.0|0.0|0.0|0.00|0.00|9999
2044107|P|FA|Jimmy Nelson P • LAD|0.0|0.0|0.0|0.0|0.0|0.0|0.0|0.0|0.0|0.0|0.0|0.0|0.0|0.00|0.00|9999
2837650|P|FA|Jake Walsh P • ATL|0.0|0.0|0.0|0.0|0.0|0.0|0.0|0.0|0.0|0.0|0.0|0.0|0.0|0.00|0.00|9999
2216703|P|FA|J.C. Sulbaran P • STL|0.0|0.0|0.0|0.0|0.0|0.0|0.0|0.0|0.0|0.0|0.0|0.0|0.0|0.00|0.00|9999
50043828|P|FA|Eston Stull P • MIN|0.0|0.0|0.0|0.0|0.0|0.0|0.0|0.0|0.0|0.0|0.0|0.0|0.0|0.00|0.00|9999
3094414|P|FA|Wyatt Short P • CHC|0.0|0.0|0.0|0.0|0.0|0.0|0.0|0.0|0.0|0.0|0.0|0.0|0.0|0.00|0.00|9999
1765810|P|FA|Drew Pomeranz P • CHC|0.0|0.0|0.0|0.0|0.0|0.0|0.0|0.0|0.0|0.0|0.0|0.0|0.0|0.00|0.00|9999
2822641|P|FA|John Fasola P • TEX|0.0|0.0|0.0|0.0|0.0|0.0|0.0|0.0|0.0|0.0|0.0|0.0|0.0|0.00|0.00|9999
29085049|P|FA|Hunter Stanley P • CLE|0.0|0.0|0.0|0.0|0.0|0.0|0.0|0.0|0.0|0.0|0.0|0.0|0.0|0.00|0.00|9999
29087619|P|FA|Harrison Cohen P • NYY|0.0|0.0|0.0|0.0|0.0|0.0|0.0|0.0|0.0|0.0|0.0|0.0|0.0|0.00|0.00|9999
29077684|P|FA|Wilmer Flores P • DET|0.0|0.0|0.0|0.0|0.0|0.0|0.0|0.0|0.0|0.0|0.0|0.0|0.0|0.00|0.00|9999
29086777|P|FA|Caden Monke P • KC|0.0|0.0|0.0|0.0|0.0|0.0|0.0|0.0|0.0|0.0|0.0|0.0|0.0|0.00|0.00|9999
3096417|P|FA|Andrew Brown P • PHI|0.0|0.0|0.0|0.0|0.0|0.0|0.0|0.0|0.0|0.0|0.0|0.0|0.0|0.00|0.00|9999
2930810|P|FA|Efrain Contreras P • PHI|0.0|0.0|0.0|0.0|0.0|0.0|0.0|0.0|0.0|0.0|0.0|0.0|0.0|0.00|0.00|9999
1739666|P|FA|Jay Jackson P • MIN|0.0|0.0|0.0|0.0|0.0|0.0|0.0|0.0|0.0|0.0|0.0|0.0|0.0|0.00|0.00|9999
50043263|P|FA|Cameron Weston P • BAL|0.0|0.0|0.0|0.0|0.0|0.0|0.0|0.0|0.0|0.0|0.0|0.0|0.0|0.00|0.00|9999
2837373|P|FA|Nick Raquet P • BAL|0.0|0.0|0.0|0.0|0.0|0.0|0.0|0.0|0.0|0.0|0.0|0.0|0.0|0.00|0.00|9999
50041366|P|FA|Daury Vasquez P • ARI|0.0|0.0|0.0|0.0|0.0|0.0|0.0|0.0|0.0|0.0|0.0|0.0|0.0|0.00|0.00|9999
3095080|P|FA|Tanner Tully P • NYY|0.0|0.0|0.0|0.0|0.0|0.0|0.0|0.0|0.0|0.0|0.0|0.0|0.0|0.00|0.00|9999
50009363|P|FA|Marcus Phillips P • BOS|0.0|0.0|0.0|0.0|0.0|0.0|0.0|0.0|0.0|0.0|0.0|0.0|0.0|0.00|0.00|9999
2228472|P|FA|James Buckelew P • MIA|0.0|0.0|0.0|0.0|0.0|0.0|0.0|0.0|0.0|0.0|0.0|0.0|0.0|0.00|0.00|9999
3152120|P|FA|Tyler Baum P • WAS|0.0|0.0|0.0|0.0|0.0|0.0|0.0|0.0|0.0|0.0|0.0|0.0|0.0|0.00|0.00|9999
2825853|P|FA|Kelly Secrest P • NYM|0.0|0.0|0.0|0.0|0.0|0.0|0.0|0.0|0.0|0.0|0.0|0.0|0.0|0.00|0.00|9999
2836661|P|FA|Tyler Brown P • HOU|0.0|0.0|0.0|0.0|0.0|0.0|0.0|0.0|0.0|0.0|0.0|0.0|0.0|0.00|0.00|9999
29658269|P|FA|Jaden Woods P • CHW|0.0|0.0|0.0|0.0|0.0|0.0|0.0|0.0|0.0|0.0|0.0|0.0|0.0|0.00|0.00|9999
50044564|P|FA|Jacob Bimbi P • PIT|0.0|0.0|0.0|0.0|0.0|0.0|0.0|0.0|0.0|0.0|0.0|0.0|0.0|0.00|0.00|9999
29644482|P|FA|Michael Massey P • DET|0.0|0.0|0.0|0.0|0.0|0.0|0.0|0.0|0.0|0.0|0.0|0.0|0.0|0.00|0.00|9999
2740133|P|FA|Cale Coshow P • NYY|0.0|0.0|0.0|0.0|0.0|0.0|0.0|0.0|0.0|0.0|0.0|0.0|0.0|0.00|0.00|9999
2837192|P|FA|Shane McCarthy P • CLE|0.0|0.0|0.0|0.0|0.0|0.0|0.0|0.0|0.0|0.0|0.0|0.0|0.0|0.00|0.00|9999
50041085|P|FA|JT Quinn P • BAL|0.0|0.0|0.0|0.0|0.0|0.0|0.0|0.0|0.0|0.0|0.0|0.0|0.0|0.00|0.00|9999
29085023|P|FA|Dugan Darnell P • DET|0.0|0.0|0.0|0.0|0.0|0.0|0.0|0.0|0.0|0.0|0.0|0.0|0.0|0.00|0.00|9999
29075702|P|FA|Jackson Ferris P • LAD|0.0|0.0|0.0|0.0|0.0|0.0|0.0|0.0|0.0|0.0|0.0|0.0|0.0|0.00|0.00|9999
2932645|P|FA|Dylan Coleman P • NYY|0.0|0.0|0.0|0.0|0.0|0.0|0.0|0.0|0.0|0.0|0.0|0.0|0.0|0.00|0.00|9999
2699567|P|FA|Ralston Cash P • LAD|0.0|0.0|0.0|0.0|0.0|0.0|0.0|0.0|0.0|0.0|0.0|0.0|0.0|0.00|0.00|9999
29081087|P|FA|Chase Hampton P • NYY|0.0|0.0|0.0|0.0|0.0|0.0|0.0|0.0|0.0|0.0|0.0|0.0|0.0|0.00|0.00|9999
2184466|P|FA|Beau Burrows P • PIT|0.0|0.0|0.0|0.0|0.0|0.0|0.0|0.0|0.0|0.0|0.0|0.0|0.0|0.00|0.00|9999
2837204|P|FA|Griff McGarry P • PHI|0.0|0.0|0.0|0.0|0.0|0.0|0.0|0.0|0.0|0.0|0.0|0.0|0.0|0.00|0.00|9999
2228458|P|FA|Ben Heller P • CHC|0.0|0.0|0.0|0.0|0.0|0.0|0.0|0.0|0.0|0.0|0.0|0.0|0.0|0.00|0.00|9999
29086294|P|FA|Evan Kravetz P • CIN|0.0|0.0|0.0|0.0|0.0|0.0|0.0|0.0|0.0|0.0|0.0|0.0|0.0|0.00|0.00|9999
2223636|P|FA|Hunter Adkins P • MIA|0.0|0.0|0.0|0.0|0.0|0.0|0.0|0.0|0.0|0.0|0.0|0.0|0.0|0.00|0.00|9999
2836767|P|FA|Wil Crowe P • PIT|0.0|0.0|0.0|0.0|0.0|0.0|0.0|0.0|0.0|0.0|0.0|0.0|0.0|0.00|0.00|9999
29684942|P|FA|Robert Wegielnik P • CLE|0.0|0.0|0.0|0.0|0.0|0.0|0.0|0.0|0.0|0.0|0.0|0.0|0.0|0.00|0.00|9999
26911816|P|FA|Justin Slaten P • BOS|0.0|0.0|0.0|0.0|0.0|0.0|0.0|0.0|0.0|0.0|0.0|0.0|0.0|0.00|0.00|9999
2804217|P|FA|Diego Castillo P • COL|0.0|0.0|0.0|0.0|0.0|0.0|0.0|0.0|0.0|0.0|0.0|0.0|0.0|0.00|0.00|9999
3101513|P|FA|Breckin Williams P • ARI|0.0|0.0|0.0|0.0|0.0|0.0|0.0|0.0|0.0|0.0|0.0|0.0|0.0|0.00|0.00|9999
29360015|P|FA|Nelson Alvarez P • PHI|0.0|0.0|0.0|0.0|0.0|0.0|0.0|0.0|0.0|0.0|0.0|0.0|0.0|0.00|0.00|9999
29078828|P|FA|Fraser Ellard P • CHW|0.0|0.0|0.0|0.0|0.0|0.0|0.0|0.0|0.0|0.0|0.0|0.0|0.0|0.00|0.00|9999
3150939|P|FA|Victor Gonzalez P • LAA|0.0|0.0|0.0|0.0|0.0|0.0|0.0|0.0|0.0|0.0|0.0|0.0|0.0|0.00|0.00|9999
2113510|P|FA|Aaron Brooks P • TB|0.0|0.0|0.0|0.0|0.0|0.0|0.0|0.0|0.0|0.0|0.0|0.0|0.0|0.00|0.00|9999
2837535|P|FA|Nick Snyder P • PHI|0.0|0.0|0.0|0.0|0.0|0.0|0.0|0.0|0.0|0.0|0.0|0.0|0.0|0.00|0.00|9999
29644419|P|FA|Conrad Cason P • BOS|0.0|0.0|0.0|0.0|0.0|0.0|0.0|0.0|0.0|0.0|0.0|0.0|0.0|0.00|0.00|9999
50058222|P|FA|Taylor Rabe P • KC|0.0|0.0|0.0|0.0|0.0|0.0|0.0|0.0|0.0|0.0|0.0|0.0|0.0|0.00|0.00|9999
2920352|P|FA|Brenan Hanifee P • DET|0.0|0.0|0.0|0.0|0.0|0.0|0.0|0.0|0.0|0.0|0.0|0.0|0.0|0.00|0.00|9999
2918677|P|FA|Nathan Bates P • LAA|0.0|0.0|0.0|0.0|0.0|0.0|0.0|0.0|0.0|0.0|0.0|0.0|0.0|0.00|0.00|9999
29321890|P|FA|Nigel Belgrave P • MIA|0.0|0.0|0.0|0.0|0.0|0.0|0.0|0.0|0.0|0.0|0.0|0.0|0.0|0.00|0.00|9999
29091596|P|FA|Albertus Barber P • PHI|0.0|0.0|0.0|0.0|0.0|0.0|0.0|0.0|0.0|0.0|0.0|0.0|0.0|0.00|0.00|9999
2823561|P|FA|Dany Jimenez P • ATL|0.0|0.0|0.0|0.0|0.0|0.0|0.0|0.0|0.0|0.0|0.0|0.0|0.0|0.00|0.00|9999
2862995|P|FA|Sergio Morillo P • CLE|0.0|0.0|0.0|0.0|0.0|0.0|0.0|0.0|0.0|0.0|0.0|0.0|0.0|0.00|0.00|9999
29686899|P|FA|Victor Garcia P • LAA|0.0|0.0|0.0|0.0|0.0|0.0|0.0|0.0|0.0|0.0|0.0|0.0|0.0|0.00|0.00|9999
3158106|P|FA|Anthony Vizcaya P • ATL|0.0|0.0|0.0|0.0|0.0|0.0|0.0|0.0|0.0|0.0|0.0|0.0|0.0|0.00|0.00|9999
29096121|P|FA|Theo Denlinger P • BOS|0.0|0.0|0.0|0.0|0.0|0.0|0.0|0.0|0.0|0.0|0.0|0.0|0.0|0.00|0.00|9999
2932818|P|FA|J.T. Hintzen P • MIL|0.0|0.0|0.0|0.0|0.0|0.0|0.0|0.0|0.0|0.0|0.0|0.0|0.0|0.00|0.00|9999
2226385|P|FA|Mitch Horacek P • MIN|0.0|0.0|0.0|0.0|0.0|0.0|0.0|0.0|0.0|0.0|0.0|0.0|0.0|0.00|0.00|9999
2122233|P|FA|Fabian Williamson P • MIA|0.0|0.0|0.0|0.0|0.0|0.0|0.0|0.0|0.0|0.0|0.0|0.0|0.0|0.00|0.00|9999
2837050|P|FA|Kyle Johnston P • TOR|0.0|0.0|0.0|0.0|0.0|0.0|0.0|0.0|0.0|0.0|0.0|0.0|0.0|0.00|0.00|9999
3108967|P|FA|Adrian De Horta P • TB|0.0|0.0|0.0|0.0|0.0|0.0|0.0|0.0|0.0|0.0|0.0|0.0|0.0|0.00|0.00|9999
50043942|P|FA|Luke Bell P • CHW|0.0|0.0|0.0|0.0|0.0|0.0|0.0|0.0|0.0|0.0|0.0|0.0|0.0|0.00|0.00|9999
29342625|P|FA|Patrick Halligan P • BOS|0.0|0.0|0.0|0.0|0.0|0.0|0.0|0.0|0.0|0.0|0.0|0.0|0.0|0.00|0.00|9999
26911803|P|FA|Grant Holman P • PHI|0.0|0.0|0.0|0.0|0.0|0.0|0.0|0.0|0.0|0.0|0.0|0.0|0.0|0.00|0.00|9999
2184350|P|FA|Dillon Tate P • TOR|0.0|0.0|0.0|0.0|0.0|0.0|0.0|0.0|0.0|0.0|0.0|0.0|0.0|0.00|0.00|9999
29676099|P|FA|Tyson Hardin P • MIL|0.0|0.0|0.0|0.0|0.0|0.0|0.0|0.0|0.0|0.0|0.0|0.0|0.0|0.00|0.00|9999
2036152|P|FA|Hector Daniel Rodriguez P • BAL|0.0|0.0|0.0|0.0|0.0|0.0|0.0|0.0|0.0|0.0|0.0|0.0|0.0|0.00|0.00|9999
2006999|P|FA|Jeff Ames P • MIN|0.0|0.0|0.0|0.0|0.0|0.0|0.0|0.0|0.0|0.0|0.0|0.0|0.0|0.00|0.00|9999
2050855|P|FA|Sean Gleason P • BAL|0.0|0.0|0.0|0.0|0.0|0.0|0.0|0.0|0.0|0.0|0.0|0.0|0.0|0.00|0.00|9999
3054661|P|FA|Huascar Ynoa P • LAA|0.0|0.0|0.0|0.0|0.0|0.0|0.0|0.0|0.0|0.0|0.0|0.0|0.0|0.00|0.00|9999
2210237|P|FA|German Marquez P • SD|0.0|0.0|0.0|0.0|0.0|0.0|0.0|0.0|0.0|0.0|0.0|0.0|0.0|0.00|0.00|9999
2053479|P|FA|Luis Mateo P • NYM|0.0|0.0|0.0|0.0|0.0|0.0|0.0|0.0|0.0|0.0|0.0|0.0|0.0|0.00|0.00|9999
2167301|P|FA|Yoel Mecias P • PHI|0.0|0.0|0.0|0.0|0.0|0.0|0.0|0.0|0.0|0.0|0.0|0.0|0.0|0.00|0.00|9999
2113633|P|FA|John Church P • NYM|0.0|0.0|0.0|0.0|0.0|0.0|0.0|0.0|0.0|0.0|0.0|0.0|0.0|0.00|0.00|9999
2932648|P|FA|Brett Conine P • HOU|0.0|0.0|0.0|0.0|0.0|0.0|0.0|0.0|0.0|0.0|0.0|0.0|0.0|0.00|0.00|9999
29342244|P|FA|Jonny Cuevas P • TB|0.0|0.0|0.0|0.0|0.0|0.0|0.0|0.0|0.0|0.0|0.0|0.0|0.0|0.00|0.00|9999
26615435|P|FA|Connor Phillips P • CIN|0.0|0.0|0.0|0.0|0.0|0.0|0.0|0.0|0.0|0.0|0.0|0.0|0.0|0.00|0.00|9999
29360068|P|FA|Tyler Vogel P • SF|0.0|0.0|0.0|0.0|0.0|0.0|0.0|0.0|0.0|0.0|0.0|0.0|0.0|0.00|0.00|9999
29632443|P|FA|Owen Kellington P • PIT|0.0|0.0|0.0|0.0|0.0|0.0|0.0|0.0|0.0|0.0|0.0|0.0|0.0|0.00|0.00|9999
2171841|P|FA|Shane McCain P • TEX|0.0|0.0|0.0|0.0|0.0|0.0|0.0|0.0|0.0|0.0|0.0|0.0|0.0|0.00|0.00|9999
29676053|P|FA|Carlos Pena P • DET|0.0|0.0|0.0|0.0|0.0|0.0|0.0|0.0|0.0|0.0|0.0|0.0|0.0|0.00|0.00|9999
2740416|P|FA|Alexander Hermeling P • LAD|0.0|0.0|0.0|0.0|0.0|0.0|0.0|0.0|0.0|0.0|0.0|0.0|0.0|0.00|0.00|9999
2803766|P|FA|Jacob Ehret P • CIN|0.0|0.0|0.0|0.0|0.0|0.0|0.0|0.0|0.0|0.0|0.0|0.0|0.0|0.00|0.00|9999
29075777|P|FA|Thomas Harrington P • PIT|0.0|0.0|0.0|0.0|0.0|0.0|0.0|0.0|0.0|0.0|0.0|0.0|0.0|0.00|0.00|9999
3152062|P|FA|Ben Brecht P • TB|0.0|0.0|0.0|0.0|0.0|0.0|0.0|0.0|0.0|0.0|0.0|0.0|0.0|0.00|0.00|9999
2216804|P|FA|Scott Williams P • TEX|0.0|0.0|0.0|0.0|0.0|0.0|0.0|0.0|0.0|0.0|0.0|0.0|0.0|0.00|0.00|9999
2915691|P|FA|Jackson McClelland P • TOR|0.0|0.0|0.0|0.0|0.0|0.0|0.0|0.0|0.0|0.0|0.0|0.0|0.0|0.00|0.00|9999
2933201|P|FA|Brad Wilson P • TOR|0.0|0.0|0.0|0.0|0.0|0.0|0.0|0.0|0.0|0.0|0.0|0.0|0.0|0.00|0.00|9999
50043472|P|FA|Jose Gonzalez P • LAA|0.0|0.0|0.0|0.0|0.0|0.0|0.0|0.0|0.0|0.0|0.0|0.0|0.0|0.00|0.00|9999
29091138|P|FA|Kyle Whitten P • TB|0.0|0.0|0.0|0.0|0.0|0.0|0.0|0.0|0.0|0.0|0.0|0.0|0.0|0.00|0.00|9999
28837130|P|FA|Reagan Todd P • COL|0.0|0.0|0.0|0.0|0.0|0.0|0.0|0.0|0.0|0.0|0.0|0.0|0.0|0.00|0.00|9999
2836866|P|FA|Dylan File P • DET|0.0|0.0|0.0|0.0|0.0|0.0|0.0|0.0|0.0|0.0|0.0|0.0|0.0|0.00|0.00|9999
50041079|P|FA|Briggs McKenzie P • ATL|0.0|0.0|0.0|0.0|0.0|0.0|0.0|0.0|0.0|0.0|0.0|0.0|0.0|0.00|0.00|9999
29644467|P|FA|Bryce Cunningham P • NYY|0.0|0.0|0.0|0.0|0.0|0.0|0.0|0.0|0.0|0.0|0.0|0.0|0.0|0.00|0.00|9999
50042248|P|FA|Alberto Laroche P • SF|0.0|0.0|0.0|0.0|0.0|0.0|0.0|0.0|0.0|0.0|0.0|0.0|0.0|0.00|0.00|9999
50042242|P|FA|Wellington Aracena P • ARI|0.0|0.0|0.0|0.0|0.0|0.0|0.0|0.0|0.0|0.0|0.0|0.0|0.0|0.00|0.00|9999
29075943|P|FA|Shintaro Fujinami P • SEA|0.0|0.0|0.0|0.0|0.0|0.0|0.0|0.0|0.0|0.0|0.0|0.0|0.0|0.00|0.00|9999
2211782|P|FA|Yeudy Garcia P • PIT|0.0|0.0|0.0|0.0|0.0|0.0|0.0|0.0|0.0|0.0|0.0|0.0|0.0|0.00|0.00|9999
2049827|P|FA|Kaleb Fleck P • ARI|0.0|0.0|0.0|0.0|0.0|0.0|0.0|0.0|0.0|0.0|0.0|0.0|0.0|0.00|0.00|9999
2226606|P|FA|Rob Rogers P • LAD|0.0|0.0|0.0|0.0|0.0|0.0|0.0|0.0|0.0|0.0|0.0|0.0|0.0|0.00|0.00|9999
1200837|P|FA|Juan Sandoval P • TB|0.0|0.0|0.0|0.0|0.0|0.0|0.0|0.0|0.0|0.0|0.0|0.0|0.0|0.00|0.00|9999
2044106|P|FA|Jackson Stephens P • ATL|0.0|0.0|0.0|0.0|0.0|0.0|0.0|0.0|0.0|0.0|0.0|0.0|0.0|0.00|0.00|9999
29091132|P|FA|Dylan Hall P • NYM|0.0|0.0|0.0|0.0|0.0|0.0|0.0|0.0|0.0|0.0|0.0|0.0|0.0|0.00|0.00|9999
2837203|P|FA|Aaron McGarity P • CHW|0.0|0.0|0.0|0.0|0.0|0.0|0.0|0.0|0.0|0.0|0.0|0.0|0.0|0.00|0.00|9999
2740128|P|FA|Taylor Grover P • BAL|0.0|0.0|0.0|0.0|0.0|0.0|0.0|0.0|0.0|0.0|0.0|0.0|0.0|0.00|0.00|9999
2823840|P|FA|Kevin Lenik P • KC|0.0|0.0|0.0|0.0|0.0|0.0|0.0|0.0|0.0|0.0|0.0|0.0|0.0|0.00|0.00|9999
2822163|P|FA|Nabil Crismatt P • TEX|0.0|0.0|0.0|0.0|0.0|0.0|0.0|0.0|0.0|0.0|0.0|0.0|0.0|0.00|0.00|9999
3158078|P|FA|Dakody Clemmer P • CLE|0.0|0.0|0.0|0.0|0.0|0.0|0.0|0.0|0.0|0.0|0.0|0.0|0.0|0.00|0.00|9999
2211746|P|FA|Brandon Koch P • MIN|0.0|0.0|0.0|0.0|0.0|0.0|0.0|0.0|0.0|0.0|0.0|0.0|0.0|0.00|0.00|9999
29342993|P|FA|Raul Alcantara P • BAL|0.0|0.0|0.0|0.0|0.0|0.0|0.0|0.0|0.0|0.0|0.0|0.0|0.0|0.00|0.00|9999
2837658|P|FA|Zach Warren P • PHI|0.0|0.0|0.0|0.0|0.0|0.0|0.0|0.0|0.0|0.0|0.0|0.0|0.0|0.00|0.00|9999
2825214|P|FA|Jose Quijada P • LAA|0.0|0.0|0.0|0.0|0.0|0.0|0.0|0.0|0.0|0.0|0.0|0.0|0.0|0.00|0.00|9999
2184355|P|FA|Carson Fulmer P • PIT|0.0|0.0|0.0|0.0|0.0|0.0|0.0|0.0|0.0|0.0|0.0|0.0|0.0|0.00|0.00|9999
26719661|P|FA|Ryan Cusick P • PHI|0.0|0.0|0.0|0.0|0.0|0.0|0.0|0.0|0.0|0.0|0.0|0.0|0.0|0.00|0.00|9999
2837184|P|FA|Alex Mauricio P • NYY|0.0|0.0|0.0|0.0|0.0|0.0|0.0|0.0|0.0|0.0|0.0|0.0|0.0|0.00|0.00|9999
2932718|P|FA|William English P • LAA|0.0|0.0|0.0|0.0|0.0|0.0|0.0|0.0|0.0|0.0|0.0|0.0|0.0|0.00|0.00|9999
29085039|P|FA|Troy Miller P • NYM|0.0|0.0|0.0|0.0|0.0|0.0|0.0|0.0|0.0|0.0|0.0|0.0|0.0|0.00|0.00|9999
593270|P|FA|Rafael Cova P • SF|0.0|0.0|0.0|0.0|0.0|0.0|0.0|0.0|0.0|0.0|0.0|0.0|0.0|0.00|0.00|9999
2900487|P|FA|Jose Castillo P • NYM|0.0|0.0|0.0|0.0|0.0|0.0|0.0|0.0|0.0|0.0|0.0|0.0|0.0|0.00|0.00|9999
29085051|P|FA|Amos Willingham P • HOU|0.0|0.0|0.0|0.0|0.0|0.0|0.0|0.0|0.0|0.0|0.0|0.0|0.0|0.00|0.00|9999
50037908|P|FA|Christian Oppor P • CHW|0.0|0.0|0.0|0.0|0.0|0.0|0.0|0.0|0.0|0.0|0.0|0.0|0.0|0.00|0.00|9999
28842591|P|FA|Dylan Spain P • ATL|0.0|0.0|0.0|0.0|0.0|0.0|0.0|0.0|0.0|0.0|0.0|0.0|0.0|0.00|0.00|9999
29680519|P|FA|Hayden Durke P • ARI|0.0|0.0|0.0|0.0|0.0|0.0|0.0|0.0|0.0|0.0|0.0|0.0|0.0|0.00|0.00|9999
29077620|P|FA|Javier Atencio P • NYM|0.0|0.0|0.0|0.0|0.0|0.0|0.0|0.0|0.0|0.0|0.0|0.0|0.0|0.00|0.00|9999
2250614|P|FA|Dane Dunning P • SEA|0.0|0.0|0.0|0.0|0.0|0.0|0.0|0.0|0.0|0.0|0.0|0.0|0.0|0.00|0.00|9999
29321980|P|FA|Jorge Marcheco P • LAA|0.0|0.0|0.0|0.0|0.0|0.0|0.0|0.0|0.0|0.0|0.0|0.0|0.0|0.00|0.00|9999
2825854|P|FA|Joel Seddon P • ATH|0.0|0.0|0.0|0.0|0.0|0.0|0.0|0.0|0.0|0.0|0.0|0.0|0.0|0.00|0.00|9999
3166653|P|FA|Landon Knack P • LAD|0.0|0.0|0.0|0.0|0.0|0.0|0.0|0.0|0.0|0.0|0.0|0.0|0.0|0.00|0.00|9999
3077724|P|FA|Tyler Phillips P • MIA|0.0|0.0|0.0|0.0|0.0|0.0|0.0|0.0|0.0|0.0|0.0|0.0|0.0|0.00|0.00|9999
2453271|P|FA|Josh Sborz P • TEX|0.0|0.0|0.0|0.0|0.0|0.0|0.0|0.0|0.0|0.0|0.0|0.0|0.0|0.00|0.00|9999
2836766|P|FA|Hans Crouse P • BAL|0.0|0.0|0.0|0.0|0.0|0.0|0.0|0.0|0.0|0.0|0.0|0.0|0.0|0.00|0.00|9999
2167465|P|FA|Zach Davies P • WAS|0.0|0.0|0.0|0.0|0.0|0.0|0.0|0.0|0.0|0.0|0.0|0.0|0.0|0.00|0.00|9999
2921347|P|FA|Matt Frawley P • NYY|0.0|0.0|0.0|0.0|0.0|0.0|0.0|0.0|0.0|0.0|0.0|0.0|0.0|0.00|0.00|9999
3094413|P|FA|Ryan Clark P • LAA|0.0|0.0|0.0|0.0|0.0|0.0|0.0|0.0|0.0|0.0|0.0|0.0|0.0|0.00|0.00|9999
2915538|P|FA|Austin Sodders P • DET|0.0|0.0|0.0|0.0|0.0|0.0|0.0|0.0|0.0|0.0|0.0|0.0|0.0|0.00|0.00|9999
29678054|P|FA|Charles King P • PHI|0.0|0.0|0.0|0.0|0.0|0.0|0.0|0.0|0.0|0.0|0.0|0.0|0.0|0.00|0.00|9999
2837493|P|FA|Matt Seelinger P • NYM|0.0|0.0|0.0|0.0|0.0|0.0|0.0|0.0|0.0|0.0|0.0|0.0|0.0|0.00|0.00|9999
29693427|P|FA|Logan Boyer P • LAD|0.0|0.0|0.0|0.0|0.0|0.0|0.0|0.0|0.0|0.0|0.0|0.0|0.0|0.00|0.00|9999
26911728|P|FA|Peyton Battenfield P • NYM|0.0|0.0|0.0|0.0|0.0|0.0|0.0|0.0|0.0|0.0|0.0|0.0|0.0|0.00|0.00|9999
29675170|P|FA|Ryan Sublette P • LAD|0.0|0.0|0.0|0.0|0.0|0.0|0.0|0.0|0.0|0.0|0.0|0.0|0.0|0.00|0.00|9999
29679428|P|FA|Josh Grosz P • COL|0.0|0.0|0.0|0.0|0.0|0.0|0.0|0.0|0.0|0.0|0.0|0.0|0.0|0.00|0.00|9999
2837446|P|FA|Matt Russell P • PHI|0.0|0.0|0.0|0.0|0.0|0.0|0.0|0.0|0.0|0.0|0.0|0.0|0.0|0.00|0.00|9999
2829059|P|FA|Angel Macuare P • MIA|0.0|0.0|0.0|0.0|0.0|0.0|0.0|0.0|0.0|0.0|0.0|0.0|0.0|0.00|0.00|9999
29342397|P|FA|Erick Pinales P • DET|0.0|0.0|0.0|0.0|0.0|0.0|0.0|0.0|0.0|0.0|0.0|0.0|0.0|0.00|0.00|9999
2915614|P|FA|Tony Gonsolin P • KC|0.0|0.0|0.0|0.0|0.0|0.0|0.0|0.0|0.0|0.0|0.0|0.0|0.0|0.00|0.00|9999
3086076|P|FA|Zach Jackson P • ATH|0.0|0.0|0.0|0.0|0.0|0.0|0.0|0.0|0.0|0.0|0.0|0.0|0.0|0.00|0.00|9999
29084586|P|FA|Dario Gardea P • DET|0.0|0.0|0.0|0.0|0.0|0.0|0.0|0.0|0.0|0.0|0.0|0.0|0.0|0.00|0.00|9999
2453278|P|FA|Daulton Jefferies P • PIT|0.0|0.0|0.0|0.0|0.0|0.0|0.0|0.0|0.0|0.0|0.0|0.0|0.0|0.00|0.00|9999
50044076|P|FA|Jake Smith P • MIA|0.0|0.0|0.0|0.0|0.0|0.0|0.0|0.0|0.0|0.0|0.0|0.0|0.0|0.00|0.00|9999
2453425|P|FA|Justin Maese P • ATL|0.0|0.0|0.0|0.0|0.0|0.0|0.0|0.0|0.0|0.0|0.0|0.0|0.0|0.00|0.00|9999
2211250|P|FA|Josh Staumont P • CIN|0.0|0.0|0.0|0.0|0.0|0.0|0.0|0.0|0.0|0.0|0.0|0.0|0.0|0.00|0.00|9999
2216693|P|FA|Aroni Nina P • SD|0.0|0.0|0.0|0.0|0.0|0.0|0.0|0.0|0.0|0.0|0.0|0.0|0.0|0.00|0.00|9999
26911806|P|FA|Caleb Freeman P • CHW|0.0|0.0|0.0|0.0|0.0|0.0|0.0|0.0|0.0|0.0|0.0|0.0|0.0|0.00|0.00|9999
29078829|P|FA|Lane Ramsey P • CHW|0.0|0.0|0.0|0.0|0.0|0.0|0.0|0.0|0.0|0.0|0.0|0.0|0.0|0.00|0.00|9999
3083969|P|FA|Matt Tenuta P • SEA|0.0|0.0|0.0|0.0|0.0|0.0|0.0|0.0|0.0|0.0|0.0|0.0|0.0|0.00|0.00|9999
2823832|P|FA|Brandon Leibrandt P • CIN|0.0|0.0|0.0|0.0|0.0|0.0|0.0|0.0|0.0|0.0|0.0|0.0|0.0|0.00|0.00|9999
29682346|P|FA|Zander Sechrist P • MIN|0.0|0.0|0.0|0.0|0.0|0.0|0.0|0.0|0.0|0.0|0.0|0.0|0.0|0.00|0.00|9999
2507508|P|FA|Roniel Raudes P • BOS|0.0|0.0|0.0|0.0|0.0|0.0|0.0|0.0|0.0|0.0|0.0|0.0|0.0|0.00|0.00|9999
2227792|P|FA|Tyler Mizenko P • SF|0.0|0.0|0.0|0.0|0.0|0.0|0.0|0.0|0.0|0.0|0.0|0.0|0.0|0.00|0.00|9999
1805124|P|FA|James Paxton P • BOS|0.0|0.0|0.0|0.0|0.0|0.0|0.0|0.0|0.0|0.0|0.0|0.0|0.0|0.00|0.00|9999
2826027|P|FA|Andres Sotillet P • KC|0.0|0.0|0.0|0.0|0.0|0.0|0.0|0.0|0.0|0.0|0.0|0.0|0.0|0.00|0.00|9999
2169650|P|FA|Adam Lopez P • CHW|0.0|0.0|0.0|0.0|0.0|0.0|0.0|0.0|0.0|0.0|0.0|0.0|0.0|0.00|0.00|9999
29077663|P|FA|Luis Serna P • NYY|0.0|0.0|0.0|0.0|0.0|0.0|0.0|0.0|0.0|0.0|0.0|0.0|0.0|0.00|0.00|9999
29085048|P|FA|Jack Sinclair P • WAS|0.0|0.0|0.0|0.0|0.0|0.0|0.0|0.0|0.0|0.0|0.0|0.0|0.0|0.00|0.00|9999
28843019|P|FA|Zak Kent P • WAS|0.0|0.0|0.0|0.0|0.0|0.0|0.0|0.0|0.0|0.0|0.0|0.0|0.0|0.00|0.00|9999
2851845|P|FA|Elian Rodriguez P • HOU|0.0|0.0|0.0|0.0|0.0|0.0|0.0|0.0|0.0|0.0|0.0|0.0|0.0|0.00|0.00|9999
1708185|P|FA|Danny Duffy P • TEX|0.0|0.0|0.0|0.0|0.0|0.0|0.0|0.0|0.0|0.0|0.0|0.0|0.0|0.00|0.00|9999
29683444|P|FA|Miguel Gomez P • WAS|0.0|0.0|0.0|0.0|0.0|0.0|0.0|0.0|0.0|0.0|0.0|0.0|0.0|0.00|0.00|9999
3152121|P|FA|Isaiah Campbell P • ARI|0.0|0.0|0.0|0.0|0.0|0.0|0.0|0.0|0.0|0.0|0.0|0.0|0.0|0.00|0.00|9999
29658268|P|FA|Sam Whiting P • SD|0.0|0.0|0.0|0.0|0.0|0.0|0.0|0.0|0.0|0.0|0.0|0.0|0.0|0.00|0.00|9999
26911791|P|FA|Ryan Smith P • LAA|0.0|0.0|0.0|0.0|0.0|0.0|0.0|0.0|0.0|0.0|0.0|0.0|0.0|0.00|0.00|9999
2825029|P|FA|Freicer Perez P • NYY|0.0|0.0|0.0|0.0|0.0|0.0|0.0|0.0|0.0|0.0|0.0|0.0|0.0|0.00|0.00|9999
3101477|P|FA|Tyler Erwin P • BAL|0.0|0.0|0.0|0.0|0.0|0.0|0.0|0.0|0.0|0.0|0.0|0.0|0.0|0.00|0.00|9999
2921052|P|FA|Jordan Minch P • CHC|0.0|0.0|0.0|0.0|0.0|0.0|0.0|0.0|0.0|0.0|0.0|0.0|0.0|0.00|0.00|9999
2171703|P|FA|Evan Mitchell P • CLE|0.0|0.0|0.0|0.0|0.0|0.0|0.0|0.0|0.0|0.0|0.0|0.0|0.0|0.00|0.00|9999
29644465|P|FA|Chris Cortez P • LAA|0.0|0.0|0.0|0.0|0.0|0.0|0.0|0.0|0.0|0.0|0.0|0.0|0.0|0.00|0.00|9999
50043939|P|FA|Greg Farone P • SF|0.0|0.0|0.0|0.0|0.0|0.0|0.0|0.0|0.0|0.0|0.0|0.0|0.0|0.00|0.00|9999
2837695|P|FA|Brooks Wilson P • ATL|0.0|0.0|0.0|0.0|0.0|0.0|0.0|0.0|0.0|0.0|0.0|0.0|0.0|0.00|0.00|9999
29349535|P|FA|Aaron Rund P • MIL|0.0|0.0|0.0|0.0|0.0|0.0|0.0|0.0|0.0|0.0|0.0|0.0|0.0|0.00|0.00|9999
2836778|P|FA|Michael Danielak P • ATH|0.0|0.0|0.0|0.0|0.0|0.0|0.0|0.0|0.0|0.0|0.0|0.0|0.0|0.00|0.00|9999
2932894|P|FA|Josh Maciejewski P • MIL|0.0|0.0|0.0|0.0|0.0|0.0|0.0|0.0|0.0|0.0|0.0|0.0|0.0|0.00|0.00|9999
26615424|P|FA|Evan Fitterer P • SD|0.0|0.0|0.0|0.0|0.0|0.0|0.0|0.0|0.0|0.0|0.0|0.0|0.0|0.00|0.00|9999
2837098|P|FA|Evan Kruczynski P • STL|0.0|0.0|0.0|0.0|0.0|0.0|0.0|0.0|0.0|0.0|0.0|0.0|0.0|0.00|0.00|9999
2167935|P|FA|Matt Milroy P • MIA|0.0|0.0|0.0|0.0|0.0|0.0|0.0|0.0|0.0|0.0|0.0|0.0|0.0|0.00|0.00|9999
29084368|P|FA|Austin Bergner P • TEX|0.0|0.0|0.0|0.0|0.0|0.0|0.0|0.0|0.0|0.0|0.0|0.0|0.0|0.00|0.00|9999
50043951|P|FA|Matt Jachec P • CLE|0.0|0.0|0.0|0.0|0.0|0.0|0.0|0.0|0.0|0.0|0.0|0.0|0.0|0.00|0.00|9999
2837119|P|FA|Jack Leftwich P • CLE|0.0|0.0|0.0|0.0|0.0|0.0|0.0|0.0|0.0|0.0|0.0|0.0|0.0|0.00|0.00|9999
2823137|P|FA|Norwith Gudino P • BOS|0.0|0.0|0.0|0.0|0.0|0.0|0.0|0.0|0.0|0.0|0.0|0.0|0.0|0.00|0.00|9999
28838299|P|FA|Eddy Demurias P • CIN|0.0|0.0|0.0|0.0|0.0|0.0|0.0|0.0|0.0|0.0|0.0|0.0|0.0|0.00|0.00|9999
2225421|P|FA|Miguel Mejia P • CHC|0.0|0.0|0.0|0.0|0.0|0.0|0.0|0.0|0.0|0.0|0.0|0.0|0.0|0.00|0.00|9999
26615437|P|FA|Kai-Wei Teng P • HOU|0.0|0.0|0.0|0.0|0.0|0.0|0.0|0.0|0.0|0.0|0.0|0.0|0.0|0.00|0.00|9999
2821515|P|FA|Edwuin Bencomo P • SD|0.0|0.0|0.0|0.0|0.0|0.0|0.0|0.0|0.0|0.0|0.0|0.0|0.0|0.00|0.00|9999
2915587|P|FA|Dedgar Jimenez P • BOS|0.0|0.0|0.0|0.0|0.0|0.0|0.0|0.0|0.0|0.0|0.0|0.0|0.0|0.00|0.00|9999
29632446|P|FA|Carter Holton P • KC|0.0|0.0|0.0|0.0|0.0|0.0|0.0|0.0|0.0|0.0|0.0|0.0|0.0|0.00|0.00|9999
2169800|P|FA|Michael Jensen P • CHC|0.0|0.0|0.0|0.0|0.0|0.0|0.0|0.0|0.0|0.0|0.0|0.0|0.0|0.00|0.00|9999
2932032|P|FA|Paul Richan P • CHC|0.0|0.0|0.0|0.0|0.0|0.0|0.0|0.0|0.0|0.0|0.0|0.0|0.0|0.00|0.00|9999
2836925|P|FA|Rio Gomez P • BOS|0.0|0.0|0.0|0.0|0.0|0.0|0.0|0.0|0.0|0.0|0.0|0.0|0.0|0.00|0.00|9999
28843229|P|FA|Kai Wynyard P • TEX|0.0|0.0|0.0|0.0|0.0|0.0|0.0|0.0|0.0|0.0|0.0|0.0|0.0|0.00|0.00|9999
50002603|P|FA|Seth Hernandez P • PIT|0.0|0.0|0.0|0.0|0.0|0.0|0.0|0.0|0.0|0.0|0.0|0.0|0.0|0.00|0.00|9999
29321910|P|FA|Isaiah Coupet P • COL|0.0|0.0|0.0|0.0|0.0|0.0|0.0|0.0|0.0|0.0|0.0|0.0|0.0|0.00|0.00|9999
2915913|P|FA|Williams Ramirez P • MIN|0.0|0.0|0.0|0.0|0.0|0.0|0.0|0.0|0.0|0.0|0.0|0.0|0.0|0.00|0.00|9999
2836976|P|FA|Ben Hecht P • CHC|0.0|0.0|0.0|0.0|0.0|0.0|0.0|0.0|0.0|0.0|0.0|0.0|0.0|0.00|0.00|9999
2933185|P|FA|Thad Ward P • WAS|0.0|0.0|0.0|0.0|0.0|0.0|0.0|0.0|0.0|0.0|0.0|0.0|0.0|0.00|0.00|9999
29676984|P|FA|Elijah Dale P • SEA|0.0|0.0|0.0|0.0|0.0|0.0|0.0|0.0|0.0|0.0|0.0|0.0|0.0|0.00|0.00|9999
2509404|P|FA|Vladimir Gutierrez P • BOS|0.0|0.0|0.0|0.0|0.0|0.0|0.0|0.0|0.0|0.0|0.0|0.0|0.0|0.00|0.00|9999
2169990|P|FA|Gene Escat P • BAL|0.0|0.0|0.0|0.0|0.0|0.0|0.0|0.0|0.0|0.0|0.0|0.0|0.0|0.00|0.00|9999
2822754|P|FA|Jordan Foley P • COL|0.0|0.0|0.0|0.0|0.0|0.0|0.0|0.0|0.0|0.0|0.0|0.0|0.0|0.00|0.00|9999
2821464|P|FA|Felix Bautista P • BAL|0.0|0.0|0.0|0.0|0.0|0.0|0.0|0.0|0.0|0.0|0.0|0.0|0.0|0.00|0.00|9999
2824513|P|FA|Andrew Morales P • STL|0.0|0.0|0.0|0.0|0.0|0.0|0.0|0.0|0.0|0.0|0.0|0.0|0.0|0.00|0.00|9999
2044545|P|FA|Tyler Pike P • SEA|0.0|0.0|0.0|0.0|0.0|0.0|0.0|0.0|0.0|0.0|0.0|0.0|0.0|0.00|0.00|9999
29356601|P|FA|Jeffrey Colon P • NYM|0.0|0.0|0.0|0.0|0.0|0.0|0.0|0.0|0.0|0.0|0.0|0.0|0.0|0.00|0.00|9999
29676976|P|FA|Jaylen Nowlin P • MIN|0.0|0.0|0.0|0.0|0.0|0.0|0.0|0.0|0.0|0.0|0.0|0.0|0.0|0.00|0.00|9999
2825131|P|FA|Wladimir Pinto P • MIN|0.0|0.0|0.0|0.0|0.0|0.0|0.0|0.0|0.0|0.0|0.0|0.0|0.0|0.00|0.00|9999
2250606|P|FA|T.J. Zeuch P • COL|0.0|0.0|0.0|0.0|0.0|0.0|0.0|0.0|0.0|0.0|0.0|0.0|0.0|0.00|0.00|9999
29322025|P|FA|Brady Smith P • DET|0.0|0.0|0.0|0.0|0.0|0.0|0.0|0.0|0.0|0.0|0.0|0.0|0.0|0.00|0.00|9999
1840205|P|FA|Barret Loux P • CHC|0.0|0.0|0.0|0.0|0.0|0.0|0.0|0.0|0.0|0.0|0.0|0.0|0.0|0.00|0.00|9999
2837152|P|FA|Tommy Mace P • CLE|0.0|0.0|0.0|0.0|0.0|0.0|0.0|0.0|0.0|0.0|0.0|0.0|0.0|0.00|0.00|9999
29075497|P|FA|Brycen Mautz P • STL|0.0|0.0|0.0|0.0|0.0|0.0|0.0|0.0|0.0|0.0|0.0|0.0|0.0|0.00|0.00|9999
50044379|P|FA|Stu Flesland III P • COL|0.0|0.0|0.0|0.0|0.0|0.0|0.0|0.0|0.0|0.0|0.0|0.0|0.0|0.00|0.00|9999
29677770|P|FA|Danny Wirchansky P • SEA|0.0|0.0|0.0|0.0|0.0|0.0|0.0|0.0|0.0|0.0|0.0|0.0|0.0|0.00|0.00|9999
2825846|P|FA|Tayler Scott P • ATL|0.0|0.0|0.0|0.0|0.0|0.0|0.0|0.0|0.0|0.0|0.0|0.0|0.0|0.00|0.00|9999
2933208|P|FA|Adam Wolf P • DET|0.0|0.0|0.0|0.0|0.0|0.0|0.0|0.0|0.0|0.0|0.0|0.0|0.0|0.00|0.00|9999
29660112|P|FA|Ben Shields P • COL|0.0|0.0|0.0|0.0|0.0|0.0|0.0|0.0|0.0|0.0|0.0|0.0|0.0|0.00|0.00|9999
2227625|P|FA|Joe Rogers P • DET|0.0|0.0|0.0|0.0|0.0|0.0|0.0|0.0|0.0|0.0|0.0|0.0|0.0|0.00|0.00|9999
2915698|P|FA|Matt Gage P • SF|0.0|0.0|0.0|0.0|0.0|0.0|0.0|0.0|0.0|0.0|0.0|0.0|0.0|0.00|0.00|9999
26615450|P|FA|Braden Webb P • MIL|0.0|0.0|0.0|0.0|0.0|0.0|0.0|0.0|0.0|0.0|0.0|0.0|0.0|0.00|0.00|9999
28838070|P|FA|Spencer Mraz P • TEX|0.0|0.0|0.0|0.0|0.0|0.0|0.0|0.0|0.0|0.0|0.0|0.0|0.0|0.00|0.00|9999
2914671|P|FA|Zac Gallen P • ARI|0.0|0.0|0.0|0.0|0.0|0.0|0.0|0.0|0.0|0.0|0.0|0.0|0.0|0.00|0.00|9999
50041101|P|FA|JB Middleton P • COL|0.0|0.0|0.0|0.0|0.0|0.0|0.0|0.0|0.0|0.0|0.0|0.0|0.0|0.00|0.00|9999
3083186|P|FA|Jimmy Lambert P • CHW|0.0|0.0|0.0|0.0|0.0|0.0|0.0|0.0|0.0|0.0|0.0|0.0|0.0|0.00|0.00|9999
29085458|P|FA|Austin Briggs P • ATH|0.0|0.0|0.0|0.0|0.0|0.0|0.0|0.0|0.0|0.0|0.0|0.0|0.0|0.00|0.00|9999
3103650|P|FA|Jeremy Fitzgerald P • BOS|0.0|0.0|0.0|0.0|0.0|0.0|0.0|0.0|0.0|0.0|0.0|0.0|0.0|0.00|0.00|9999
2932747|P|FA|Matt Frisbee P • SF|0.0|0.0|0.0|0.0|0.0|0.0|0.0|0.0|0.0|0.0|0.0|0.0|0.0|0.00|0.00|9999
3152056|P|FA|Adrian Alcantara P • KC|0.0|0.0|0.0|0.0|0.0|0.0|0.0|0.0|0.0|0.0|0.0|0.0|0.0|0.00|0.00|9999
2823646|P|FA|Jake Kalish P • LAA|0.0|0.0|0.0|0.0|0.0|0.0|0.0|0.0|0.0|0.0|0.0|0.0|0.0|0.00|0.00|9999
29658262|P|FA|Patrick Reilly P • BAL|0.0|0.0|0.0|0.0|0.0|0.0|0.0|0.0|0.0|0.0|0.0|0.0|0.0|0.00|0.00|9999
29644489|P|FA|Josh Randall P • WAS|0.0|0.0|0.0|0.0|0.0|0.0|0.0|0.0|0.0|0.0|0.0|0.0|0.0|0.00|0.00|9999
2169805|P|FA|Jaron Long P • WAS|0.0|0.0|0.0|0.0|0.0|0.0|0.0|0.0|0.0|0.0|0.0|0.0|0.0|0.00|0.00|9999
2915606|P|FA|Quintin Torres-Costa P • MIL|0.0|0.0|0.0|0.0|0.0|0.0|0.0|0.0|0.0|0.0|0.0|0.0|0.0|0.00|0.00|9999
50044808|P|FA|Griffin Green P • CIN|0.0|0.0|0.0|0.0|0.0|0.0|0.0|0.0|0.0|0.0|0.0|0.0|0.0|0.00|0.00|9999
2932811|P|FA|Codi Heuer P • BAL|0.0|0.0|0.0|0.0|0.0|0.0|0.0|0.0|0.0|0.0|0.0|0.0|0.0|0.00|0.00|9999
2933015|P|FA|Dominic Pipkin P • PHI|0.0|0.0|0.0|0.0|0.0|0.0|0.0|0.0|0.0|0.0|0.0|0.0|0.0|0.00|0.00|9999
2821409|P|FA|Nathan Bannister P • SEA|0.0|0.0|0.0|0.0|0.0|0.0|0.0|0.0|0.0|0.0|0.0|0.0|0.0|0.00|0.00|9999
29342395|P|FA|Michael Bienlien P • DET|0.0|0.0|0.0|0.0|0.0|0.0|0.0|0.0|0.0|0.0|0.0|0.0|0.0|0.00|0.00|9999
50041314|P|FA|Michael Lombardi P • KC|0.0|0.0|0.0|0.0|0.0|0.0|0.0|0.0|0.0|0.0|0.0|0.0|0.0|0.00|0.00|9999
29075718|P|FA|JR Ritchie P • ATL|0.0|0.0|0.0|0.0|0.0|0.0|0.0|0.0|0.0|0.0|0.0|0.0|0.0|0.00|0.00|9999
2049025|P|FA|Steve Perakslis P • CHC|0.0|0.0|0.0|0.0|0.0|0.0|0.0|0.0|0.0|0.0|0.0|0.0|0.0|0.00|0.00|9999
3096404|P|FA|David Sosebee P • NYY|0.0|0.0|0.0|0.0|0.0|0.0|0.0|0.0|0.0|0.0|0.0|0.0|0.0|0.00|0.00|9999
29676331|P|FA|Zach Jacobs P • CLE|0.0|0.0|0.0|0.0|0.0|0.0|0.0|0.0|0.0|0.0|0.0|0.0|0.0|0.00|0.00|9999
2226844|P|FA|Kyle Kinman P • ATL|0.0|0.0|0.0|0.0|0.0|0.0|0.0|0.0|0.0|0.0|0.0|0.0|0.0|0.00|0.00|9999
2837410|P|FA|Max Roberts P • HOU|0.0|0.0|0.0|0.0|0.0|0.0|0.0|0.0|0.0|0.0|0.0|0.0|0.0|0.00|0.00|9999
29087590|P|FA|Danny Watson P • NYY|0.0|0.0|0.0|0.0|0.0|0.0|0.0|0.0|0.0|0.0|0.0|0.0|0.0|0.00|0.00|9999
29077344|P|FA|Jayden Murray P • CHC|0.0|0.0|0.0|0.0|0.0|0.0|0.0|0.0|0.0|0.0|0.0|0.0|0.0|0.00|0.00|9999
29075476|P|FA|Blake Burkhalter P • ATL|0.0|0.0|0.0|0.0|0.0|0.0|0.0|0.0|0.0|0.0|0.0|0.0|0.0|0.00|0.00|9999
2925018|P|FA|Manuel Alvarez P • NYM|0.0|0.0|0.0|0.0|0.0|0.0|0.0|0.0|0.0|0.0|0.0|0.0|0.0|0.00|0.00|9999
2449979|P|FA|Joey Wentz P • ATL|0.0|0.0|0.0|0.0|0.0|0.0|0.0|0.0|0.0|0.0|0.0|0.0|0.0|0.00|0.00|9999
29658257|P|FA|Kannon Kemp P • SD|0.0|0.0|0.0|0.0|0.0|0.0|0.0|0.0|0.0|0.0|0.0|0.0|0.0|0.00|0.00|9999
2837089|P|FA|Blaine Knight P • BAL|0.0|0.0|0.0|0.0|0.0|0.0|0.0|0.0|0.0|0.0|0.0|0.0|0.0|0.00|0.00|9999
2044487|P|FA|Duane Underwood P • NYY|0.0|0.0|0.0|0.0|0.0|0.0|0.0|0.0|0.0|0.0|0.0|0.0|0.0|0.00|0.00|9999
29077674|P|FA|Nixon Encarnacion P • LAA|0.0|0.0|0.0|0.0|0.0|0.0|0.0|0.0|0.0|0.0|0.0|0.0|0.0|0.00|0.00|9999
2915536|P|FA|Daniel McGrath P • BOS|0.0|0.0|0.0|0.0|0.0|0.0|0.0|0.0|0.0|0.0|0.0|0.0|0.0|0.00|0.00|9999
26671992|P|FA|Ken Waldichuk P • WAS|0.0|0.0|0.0|0.0|0.0|0.0|0.0|0.0|0.0|0.0|0.0|0.0|0.0|0.00|0.00|9999
3117935|P|FA|JJ Goss P • ATH|0.0|0.0|0.0|0.0|0.0|0.0|0.0|0.0|0.0|0.0|0.0|0.0|0.0|0.00|0.00|9999
29644494|P|FA|David Shields P • KC|0.0|0.0|0.0|0.0|0.0|0.0|0.0|0.0|0.0|0.0|0.0|0.0|0.0|0.00|0.00|9999
29075762|P|FA|Ryan Bergert P • KC|0.0|0.0|0.0|0.0|0.0|0.0|0.0|0.0|0.0|0.0|0.0|0.0|0.0|0.00|0.00|9999
29342236|P|FA|Juan Burgos P • ARI|0.0|0.0|0.0|0.0|0.0|0.0|0.0|0.0|0.0|0.0|0.0|0.0|0.0|0.00|0.00|9999
29077613|P|FA|Grant Hartwig P • MIN|0.0|0.0|0.0|0.0|0.0|0.0|0.0|0.0|0.0|0.0|0.0|0.0|0.0|0.00|0.00|9999
29087630|P|FA|Adam Stone P • NYY|0.0|0.0|0.0|0.0|0.0|0.0|0.0|0.0|0.0|0.0|0.0|0.0|0.0|0.00|0.00|9999
2837282|P|FA|Timothy Naughton P • DET|0.0|0.0|0.0|0.0|0.0|0.0|0.0|0.0|0.0|0.0|0.0|0.0|0.0|0.00|0.00|9999
26911744|P|FA|Tekoah Roby P • STL|0.0|0.0|0.0|0.0|0.0|0.0|0.0|0.0|0.0|0.0|0.0|0.0|0.0|0.00|0.00|9999
2830255|P|FA|Jose Alberto Rivera P • LAA|0.0|0.0|0.0|0.0|0.0|0.0|0.0|0.0|0.0|0.0|0.0|0.0|0.0|0.00|0.00|9999
29644472|P|FA|Owen Hall P • DET|0.0|0.0|0.0|0.0|0.0|0.0|0.0|0.0|0.0|0.0|0.0|0.0|0.0|0.00|0.00|9999
2788550|P|FA|Tim Shibuya P • LAD|0.0|0.0|0.0|0.0|0.0|0.0|0.0|0.0|0.0|0.0|0.0|0.0|0.0|0.00|0.00|9999
50041075|P|FA|Brian Curley P • ARI|0.0|0.0|0.0|0.0|0.0|0.0|0.0|0.0|0.0|0.0|0.0|0.0|0.0|0.00|0.00|9999
2048821|P|FA|Chris Martin P • TEX|0.0|0.0|0.0|0.0|0.0|0.0|0.0|0.0|0.0|0.0|0.0|0.0|0.0|0.00|0.00|9999
29631481|P|FA|Eiberson Castellano P • COL|0.0|0.0|0.0|0.0|0.0|0.0|0.0|0.0|0.0|0.0|0.0|0.0|0.0|0.00|0.00|9999
26615451|P|FA|Alexis Ramirez P • MIL|0.0|0.0|0.0|0.0|0.0|0.0|0.0|0.0|0.0|0.0|0.0|0.0|0.0|0.00|0.00|9999
2114133|P|FA|Justin Thomas P • WAS|0.0|0.0|0.0|0.0|0.0|0.0|0.0|0.0|0.0|0.0|0.0|0.0|0.0|0.00|0.00|9999
2823894|P|FA|Mauricio Llovera P • SEA|0.0|0.0|0.0|0.0|0.0|0.0|0.0|0.0|0.0|0.0|0.0|0.0|0.0|0.00|0.00|9999
2166519|P|FA|Matt Bowman P • MIN|0.0|0.0|0.0|0.0|0.0|0.0|0.0|0.0|0.0|0.0|0.0|0.0|0.0|0.00|0.00|9999
29088484|P|FA|Bear Bellomy P • PIT|0.0|0.0|0.0|0.0|0.0|0.0|0.0|0.0|0.0|0.0|0.0|0.0|0.0|0.00|0.00|9999
2228457|P|FA|Alan Busenitz P • CIN|0.0|0.0|0.0|0.0|0.0|0.0|0.0|0.0|0.0|0.0|0.0|0.0|0.0|0.00|0.00|9999
28841189|P|FA|Ivan Armstrong P • LAA|0.0|0.0|0.0|0.0|0.0|0.0|0.0|0.0|0.0|0.0|0.0|0.0|0.0|0.00|0.00|9999
1793606|P|FA|Anthony Bass P • TOR|0.0|0.0|0.0|0.0|0.0|0.0|0.0|0.0|0.0|0.0|0.0|0.0|0.0|0.00|0.00|9999
2804218|P|FA|Brad Allen P • TOR|0.0|0.0|0.0|0.0|0.0|0.0|0.0|0.0|0.0|0.0|0.0|0.0|0.0|0.00|0.00|9999
2824544|P|FA|Dauri Moreta P • PIT|0.0|0.0|0.0|0.0|0.0|0.0|0.0|0.0|0.0|0.0|0.0|0.0|0.0|0.00|0.00|9999
3116181|P|FA|Cory Abbott P • SEA|0.0|0.0|0.0|0.0|0.0|0.0|0.0|0.0|0.0|0.0|0.0|0.0|0.0|0.00|0.00|9999
29376615|P|FA|Jonah Tong P • NYM|0.0|0.0|0.0|0.0|0.0|0.0|0.0|0.0|0.0|0.0|0.0|0.0|0.0|0.00|0.00|9999
2227172|P|FA|Jason Jester P • SD|0.0|0.0|0.0|0.0|0.0|0.0|0.0|0.0|0.0|0.0|0.0|0.0|0.0|0.00|0.00|9999
3158463|P|FA|Ty Damron P • ATH|0.0|0.0|0.0|0.0|0.0|0.0|0.0|0.0|0.0|0.0|0.0|0.0|0.0|0.00|0.00|9999
2803675|P|FA|Joe Broussard P • LAD|0.0|0.0|0.0|0.0|0.0|0.0|0.0|0.0|0.0|0.0|0.0|0.0|0.0|0.00|0.00|9999
29078827|P|FA|Declan Cronin P • TEX|0.0|0.0|0.0|0.0|0.0|0.0|0.0|0.0|0.0|0.0|0.0|0.0|0.0|0.00|0.00|9999
29672114|P|FA|Chen Zhuang P • ATH|0.0|0.0|0.0|0.0|0.0|0.0|0.0|0.0|0.0|0.0|0.0|0.0|0.0|0.00|0.00|9999
29679369|P|FA|Mason Green P • COL|0.0|0.0|0.0|0.0|0.0|0.0|0.0|0.0|0.0|0.0|0.0|0.0|0.0|0.00|0.00|9999
2167483|P|FA|Domingo German P • PIT|0.0|0.0|0.0|0.0|0.0|0.0|0.0|0.0|0.0|0.0|0.0|0.0|0.0|0.00|0.00|9999
29321960|P|FA|Barrett Kent P • LAA|0.0|0.0|0.0|0.0|0.0|0.0|0.0|0.0|0.0|0.0|0.0|0.0|0.0|0.00|0.00|9999
29676330|P|FA|Charlie Beilenson P • SEA|0.0|0.0|0.0|0.0|0.0|0.0|0.0|0.0|0.0|0.0|0.0|0.0|0.0|0.00|0.00|9999
2837537|P|FA|Jared Solomon P • CIN|0.0|0.0|0.0|0.0|0.0|0.0|0.0|0.0|0.0|0.0|0.0|0.0|0.0|0.00|0.00|9999
29342222|P|FA|Keyshawn Askew P • TB|0.0|0.0|0.0|0.0|0.0|0.0|0.0|0.0|0.0|0.0|0.0|0.0|0.0|0.00|0.00|9999
29683433|P|FA|Jake Faherty P • MIA|0.0|0.0|0.0|0.0|0.0|0.0|0.0|0.0|0.0|0.0|0.0|0.0|0.0|0.00|0.00|9999
29676368|P|FA|Sam Garcia P • MIL|0.0|0.0|0.0|0.0|0.0|0.0|0.0|0.0|0.0|0.0|0.0|0.0|0.0|0.00|0.00|9999
29321938|P|FA|Raimon Gomez P • BAL|0.0|0.0|0.0|0.0|0.0|0.0|0.0|0.0|0.0|0.0|0.0|0.0|0.0|0.00|0.00|9999
2226608|P|FA|Rafael Pineda P • SEA|0.0|0.0|0.0|0.0|0.0|0.0|0.0|0.0|0.0|0.0|0.0|0.0|0.0|0.00|0.00|9999
29687314|P|FA|Trey Gibson P • BAL|0.0|0.0|0.0|0.0|0.0|0.0|0.0|0.0|0.0|0.0|0.0|0.0|0.0|0.00|0.00|9999
29662225|P|FA|Thatcher Hurd P • NYY|0.0|0.0|0.0|0.0|0.0|0.0|0.0|0.0|0.0|0.0|0.0|0.0|0.0|0.00|0.00|9999
50042250|P|FA|Yunior Marte P • SF|0.0|0.0|0.0|0.0|0.0|0.0|0.0|0.0|0.0|0.0|0.0|0.0|0.0|0.00|0.00|9999
29350521|P|FA|Hunter Dula P • SF|0.0|0.0|0.0|0.0|0.0|0.0|0.0|0.0|0.0|0.0|0.0|0.0|0.0|0.00|0.00|9999
2985551|P|FA|Andrew Vasquez P • DET|0.0|0.0|0.0|0.0|0.0|0.0|0.0|0.0|0.0|0.0|0.0|0.0|0.0|0.00|0.00|9999
29342306|P|FA|Trey McGough P • NYM|0.0|0.0|0.0|0.0|0.0|0.0|0.0|0.0|0.0|0.0|0.0|0.0|0.0|0.00|0.00|9999
2167350|P|FA|Spencer Turnbull P • TOR|0.0|0.0|0.0|0.0|0.0|0.0|0.0|0.0|0.0|0.0|0.0|0.0|0.0|0.00|0.00|9999
2740418|P|FA|Kevin Mahala P • PIT|0.0|0.0|0.0|0.0|0.0|0.0|0.0|0.0|0.0|0.0|0.0|0.0|0.0|0.00|0.00|9999
26615401|P|FA|Cole Henry P • WAS|0.0|0.0|0.0|0.0|0.0|0.0|0.0|0.0|0.0|0.0|0.0|0.0|0.0|0.00|0.00|9999
28837792|P|FA|Eric Torres P • BAL|0.0|0.0|0.0|0.0|0.0|0.0|0.0|0.0|0.0|0.0|0.0|0.0|0.0|0.00|0.00|9999
2933124|P|FA|Jonathan Stiever P • CHW|0.0|0.0|0.0|0.0|0.0|0.0|0.0|0.0|0.0|0.0|0.0|0.0|0.0|0.00|0.00|9999
29075707|P|FA|Jacob Zibin P • CLE|0.0|0.0|0.0|0.0|0.0|0.0|0.0|0.0|0.0|0.0|0.0|0.0|0.0|0.00|0.00|9999
28838284|P|FA|Colby White P • NYY|0.0|0.0|0.0|0.0|0.0|0.0|0.0|0.0|0.0|0.0|0.0|0.0|0.0|0.00|0.00|9999
2113499|P|FA|RJ Hively P • ARI|0.0|0.0|0.0|0.0|0.0|0.0|0.0|0.0|0.0|0.0|0.0|0.0|0.0|0.00|0.00|9999
1493886|P|FA|Mark Melancon P • ARI|0.0|0.0|0.0|0.0|0.0|0.0|0.0|0.0|0.0|0.0|0.0|0.0|0.0|0.00|0.00|9999
2184465|P|FA|Ashe Russell P • KC|0.0|0.0|0.0|0.0|0.0|0.0|0.0|0.0|0.0|0.0|0.0|0.0|0.0|0.00|0.00|9999
2823320|P|FA|Darwinzon Hernandez P • BAL|0.0|0.0|0.0|0.0|0.0|0.0|0.0|0.0|0.0|0.0|0.0|0.0|0.0|0.00|0.00|9999
2066811|P|FA|Trevor Williams P • WAS|0.0|0.0|0.0|0.0|0.0|0.0|0.0|0.0|0.0|0.0|0.0|0.0|0.0|0.00|0.00|9999
29342364|P|FA|Bryce Warrecker P • NYY|0.0|0.0|0.0|0.0|0.0|0.0|0.0|0.0|0.0|0.0|0.0|0.0|0.0|0.00|0.00|9999
28837774|P|FA|Michael Stryffeler P • SF|0.0|0.0|0.0|0.0|0.0|0.0|0.0|0.0|0.0|0.0|0.0|0.0|0.0|0.00|0.00|9999
50045000|P|FA|Parker Carlson P • NYM|0.0|0.0|0.0|0.0|0.0|0.0|0.0|0.0|0.0|0.0|0.0|0.0|0.0|0.00|0.00|9999
2849889|P|FA|Corbin Burnes P • ARI|0.0|0.0|0.0|0.0|0.0|0.0|0.0|0.0|0.0|0.0|0.0|0.0|0.0|0.00|0.00|9999
29644487|P|FA|Tyson Neighbors P • BAL|0.0|0.0|0.0|0.0|0.0|0.0|0.0|0.0|0.0|0.0|0.0|0.0|0.0|0.00|0.00|9999
29356650|P|FA|Chase Watkins P • CHC|0.0|0.0|0.0|0.0|0.0|0.0|0.0|0.0|0.0|0.0|0.0|0.0|0.0|0.00|0.00|9999
29341711|P|FA|Reid VanScoter P • SEA|0.0|0.0|0.0|0.0|0.0|0.0|0.0|0.0|0.0|0.0|0.0|0.0|0.0|0.00|0.00|9999
2121445|P|FA|Will Roberts P • CLE|0.0|0.0|0.0|0.0|0.0|0.0|0.0|0.0|0.0|0.0|0.0|0.0|0.0|0.00|0.00|9999
50062252|P|FA|Ryjeteri Merite P • CIN|0.0|0.0|0.0|0.0|0.0|0.0|0.0|0.0|0.0|0.0|0.0|0.0|0.0|0.00|0.00|9999
1947843|P|FA|Nick Ramirez P • LAD|0.0|0.0|0.0|0.0|0.0|0.0|0.0|0.0|0.0|0.0|0.0|0.0|0.0|0.00|0.00|9999
29088497|P|FA|Matt Walker P • DET|0.0|0.0|0.0|0.0|0.0|0.0|0.0|0.0|0.0|0.0|0.0|0.0|0.0|0.00|0.00|9999
2822534|P|FA|Jake Elliott P • ATL|0.0|0.0|0.0|0.0|0.0|0.0|0.0|0.0|0.0|0.0|0.0|0.0|0.0|0.00|0.00|9999
2837323|P|FA|David Parkinson P • PHI|0.0|0.0|0.0|0.0|0.0|0.0|0.0|0.0|0.0|0.0|0.0|0.0|0.0|0.00|0.00|9999
1739665|P|FA|Kyle Gibson P • BAL|0.0|0.0|0.0|0.0|0.0|0.0|0.0|0.0|0.0|0.0|0.0|0.0|0.0|0.00|0.00|9999
50041356|P|FA|Paul Bonzagni P • TEX|0.0|0.0|0.0|0.0|0.0|0.0|0.0|0.0|0.0|0.0|0.0|0.0|0.0|0.00|0.00|9999
2210230|P|FA|Matt Koch P • COL|0.0|0.0|0.0|0.0|0.0|0.0|0.0|0.0|0.0|0.0|0.0|0.0|0.0|0.00|0.00|9999
50043763|P|FA|Matthew Tippie P • NYY|0.0|0.0|0.0|0.0|0.0|0.0|0.0|0.0|0.0|0.0|0.0|0.0|0.0|0.00|0.00|9999
29322046|P|FA|Juaron Watts-Brown P • BAL|0.0|0.0|0.0|0.0|0.0|0.0|0.0|0.0|0.0|0.0|0.0|0.0|0.0|0.00|0.00|9999
29662087|P|FA|Alexander Almonte P • NYY|0.0|0.0|0.0|0.0|0.0|0.0|0.0|0.0|0.0|0.0|0.0|0.0|0.0|0.00|0.00|9999
50044003|P|FA|Steven Brooks P • BOS|0.0|0.0|0.0|0.0|0.0|0.0|0.0|0.0|0.0|0.0|0.0|0.0|0.0|0.00|0.00|9999
29085035|P|FA|Cameron Junker P • PIT|0.0|0.0|0.0|0.0|0.0|0.0|0.0|0.0|0.0|0.0|0.0|0.0|0.0|0.00|0.00|9999
29075499|P|FA|Caden Dana P • LAA|0.0|0.0|0.0|0.0|0.0|0.0|0.0|0.0|0.0|0.0|0.0|0.0|0.0|0.00|0.00|9999
29295944|P|FA|Jackson Baumeister P • TB|0.0|0.0|0.0|0.0|0.0|0.0|0.0|0.0|0.0|0.0|0.0|0.0|0.0|0.00|0.00|9999
3096739|P|FA|Ty Boyles P • CLE|0.0|0.0|0.0|0.0|0.0|0.0|0.0|0.0|0.0|0.0|0.0|0.0|0.0|0.00|0.00|9999
3165231|P|FA|Jared Shuster P • STL|0.0|0.0|0.0|0.0|0.0|0.0|0.0|0.0|0.0|0.0|0.0|0.0|0.0|0.00|0.00|9999
2167355|P|FA|Stephen Gonsalves P • LAD|0.0|0.0|0.0|0.0|0.0|0.0|0.0|0.0|0.0|0.0|0.0|0.0|0.0|0.00|0.00|9999
26615398|P|FA|Jack Kochanowicz P • LAA|0.0|0.0|0.0|0.0|0.0|0.0|0.0|0.0|0.0|0.0|0.0|0.0|0.0|0.00|0.00|9999
29342356|P|FA|Tyler Thornton P • CLE|0.0|0.0|0.0|0.0|0.0|0.0|0.0|0.0|0.0|0.0|0.0|0.0|0.0|0.00|0.00|9999
2803670|P|FA|Colten Brewer P • NYY|0.0|0.0|0.0|0.0|0.0|0.0|0.0|0.0|0.0|0.0|0.0|0.0|0.0|0.00|0.00|9999
2900485|P|FA|Cionel Perez P • NYM|0.0|0.0|0.0|0.0|0.0|0.0|0.0|0.0|0.0|0.0|0.0|0.0|0.0|0.00|0.00|9999
2226044|P|FA|Michael Wagner P • CHC|0.0|0.0|0.0|0.0|0.0|0.0|0.0|0.0|0.0|0.0|0.0|0.0|0.0|0.00|0.00|9999
2592848|P|FA|Frank Duncan P • COL|0.0|0.0|0.0|0.0|0.0|0.0|0.0|0.0|0.0|0.0|0.0|0.0|0.0|0.00|0.00|9999
2930953|P|FA|Williander Moreno P • DET|0.0|0.0|0.0|0.0|0.0|0.0|0.0|0.0|0.0|0.0|0.0|0.0|0.0|0.00|0.00|9999
29075768|P|FA|Sean Mooney P • MIN|0.0|0.0|0.0|0.0|0.0|0.0|0.0|0.0|0.0|0.0|0.0|0.0|0.0|0.00|0.00|9999
29075730|P|FA|Luke Little P • KC|0.0|0.0|0.0|0.0|0.0|0.0|0.0|0.0|0.0|0.0|0.0|0.0|0.0|0.00|0.00|9999
2044511|P|FA|Ken Giles P • ATL|0.0|0.0|0.0|0.0|0.0|0.0|0.0|0.0|0.0|0.0|0.0|0.0|0.0|0.00|0.00|9999
28838024|P|FA|Nick Kuzia P • DET|0.0|0.0|0.0|0.0|0.0|0.0|0.0|0.0|0.0|0.0|0.0|0.0|0.0|0.00|0.00|9999
2453419|P|FA|Ian Oxnevad P • STL|0.0|0.0|0.0|0.0|0.0|0.0|0.0|0.0|0.0|0.0|0.0|0.0|0.0|0.00|0.00|9999
2837210|P|FA|Chris McMahon P • COL|0.0|0.0|0.0|0.0|0.0|0.0|0.0|0.0|0.0|0.0|0.0|0.0|0.0|0.00|0.00|9999
50044761|P|FA|Johan Moreno P • SD|0.0|0.0|0.0|0.0|0.0|0.0|0.0|0.0|0.0|0.0|0.0|0.0|0.0|0.00|0.00|9999
2226905|P|FA|Blake Perry P • SEA|0.0|0.0|0.0|0.0|0.0|0.0|0.0|0.0|0.0|0.0|0.0|0.0|0.0|0.00|0.00|9999
3157918|P|FA|Nicholas Economos P • PIT|0.0|0.0|0.0|0.0|0.0|0.0|0.0|0.0|0.0|0.0|0.0|0.0|0.0|0.00|0.00|9999
29675460|P|FA|Florencio Serrano P • TEX|0.0|0.0|0.0|0.0|0.0|0.0|0.0|0.0|0.0|0.0|0.0|0.0|0.0|0.00|0.00|9999
3152058|P|FA|Noah Song P • BOS|0.0|0.0|0.0|0.0|0.0|0.0|0.0|0.0|0.0|0.0|0.0|0.0|0.0|0.00|0.00|9999
50041077|P|FA|Zane Taylor P • ATH|0.0|0.0|0.0|0.0|0.0|0.0|0.0|0.0|0.0|0.0|0.0|0.0|0.0|0.00|0.00|9999
2921431|P|FA|Kolton Mahoney P • MIA|0.0|0.0|0.0|0.0|0.0|0.0|0.0|0.0|0.0|0.0|0.0|0.0|0.0|0.00|0.00|9999
29644469|P|FA|Braylon Doughty P • CLE|0.0|0.0|0.0|0.0|0.0|0.0|0.0|0.0|0.0|0.0|0.0|0.0|0.0|0.00|0.00|9999
26913412|P|FA|Alejandro Hidalgo P • LAA|0.0|0.0|0.0|0.0|0.0|0.0|0.0|0.0|0.0|0.0|0.0|0.0|0.0|0.00|0.00|9999
2791374|P|FA|Nick Hernandez P • ATH|0.0|0.0|0.0|0.0|0.0|0.0|0.0|0.0|0.0|0.0|0.0|0.0|0.0|0.00|0.00|9999
29674758|P|FA|Kevin Stevens P • NYY|0.0|0.0|0.0|0.0|0.0|0.0|0.0|0.0|0.0|0.0|0.0|0.0|0.0|0.00|0.00|9999
29677724|P|FA|Kade Bragg P • MIN|0.0|0.0|0.0|0.0|0.0|0.0|0.0|0.0|0.0|0.0|0.0|0.0|0.0|0.00|0.00|9999
2693484|P|FA|Phil Maton P • CHC|0.0|0.0|0.0|0.0|0.0|0.0|0.0|0.0|0.0|0.0|0.0|0.0|0.0|0.00|0.00|9999
50043935|P|FA|Walker Powell P • CHC|0.0|0.0|0.0|0.0|0.0|0.0|0.0|0.0|0.0|0.0|0.0|0.0|0.0|0.00|0.00|9999
29644526|P|FA|Michael Forret P • BAL|0.0|0.0|0.0|0.0|0.0|0.0|0.0|0.0|0.0|0.0|0.0|0.0|0.0|0.00|0.00|9999
3157716|P|FA|Jhonatan German P • WAS|0.0|0.0|0.0|0.0|0.0|0.0|0.0|0.0|0.0|0.0|0.0|0.0|0.0|0.00|0.00|9999
26724935|P|FA|Ryan Murphy P • SF|0.0|0.0|0.0|0.0|0.0|0.0|0.0|0.0|0.0|0.0|0.0|0.0|0.0|0.00|0.00|9999
29085050|P|FA|Kyle Wilcox P • COL|0.0|0.0|0.0|0.0|0.0|0.0|0.0|0.0|0.0|0.0|0.0|0.0|0.0|0.00|0.00|9999
29321981|P|FA|Landen Maroudis P • TOR|0.0|0.0|0.0|0.0|0.0|0.0|0.0|0.0|0.0|0.0|0.0|0.0|0.0|0.00|0.00|9999
29077616|P|FA|Inohan Paniagua P • STL|0.0|0.0|0.0|0.0|0.0|0.0|0.0|0.0|0.0|0.0|0.0|0.0|0.0|0.00|0.00|9999
29342233|P|FA|Ryan Boyer P • TOR|0.0|0.0|0.0|0.0|0.0|0.0|0.0|0.0|0.0|0.0|0.0|0.0|0.0|0.00|0.00|9999
2933206|P|FA|Josh Winder P • ARI|0.0|0.0|0.0|0.0|0.0|0.0|0.0|0.0|0.0|0.0|0.0|0.0|0.0|0.00|0.00|9999
26615442|P|FA|Josh Winckowski P • TOR|0.0|0.0|0.0|0.0|0.0|0.0|0.0|0.0|0.0|0.0|0.0|0.0|0.0|0.00|0.00|9999
50041096|P|FA|Mason Morris P • CIN|0.0|0.0|0.0|0.0|0.0|0.0|0.0|0.0|0.0|0.0|0.0|0.0|0.0|0.00|0.00|9999
50044887|P|FA|Eduardo Rivera P • BOS|0.0|0.0|0.0|0.0|0.0|0.0|0.0|0.0|0.0|0.0|0.0|0.0|0.0|0.00|0.00|9999
29675135|P|FA|Jose Acuna P • CIN|0.0|0.0|0.0|0.0|0.0|0.0|0.0|0.0|0.0|0.0|0.0|0.0|0.0|0.00|0.00|9999
29342303|P|FA|Riley Martin P • CHC|0.0|0.0|0.0|0.0|0.0|0.0|0.0|0.0|0.0|0.0|0.0|0.0|0.0|0.00|0.00|9999
50041088|P|FA|Blake Wehunt P • BOS|0.0|0.0|0.0|0.0|0.0|0.0|0.0|0.0|0.0|0.0|0.0|0.0|0.0|0.00|0.00|9999
2823456|P|FA|Wei-Chieh Huang P • PIT|0.0|0.0|0.0|0.0|0.0|0.0|0.0|0.0|0.0|0.0|0.0|0.0|0.0|0.00|0.00|9999
2829300|P|FA|Dayeison Arias P • SEA|0.0|0.0|0.0|0.0|0.0|0.0|0.0|0.0|0.0|0.0|0.0|0.0|0.0|0.00|0.00|9999
3083188|P|FA|Zac Houston P • TB|0.0|0.0|0.0|0.0|0.0|0.0|0.0|0.0|0.0|0.0|0.0|0.0|0.0|0.00|0.00|9999
2821499|P|FA|Carlos Belen P • SD|0.0|0.0|0.0|0.0|0.0|0.0|0.0|0.0|0.0|0.0|0.0|0.0|0.0|0.00|0.00|9999
2837600|P|FA|Keegan Thompson P • COL|0.0|0.0|0.0|0.0|0.0|0.0|0.0|0.0|0.0|0.0|0.0|0.0|0.0|0.00|0.00|9999
2835917|P|FA|Osiris German P • MIN|0.0|0.0|0.0|0.0|0.0|0.0|0.0|0.0|0.0|0.0|0.0|0.0|0.0|0.00|0.00|9999
3157953|P|FA|Elvin Rodriguez P • ARI|0.0|0.0|0.0|0.0|0.0|0.0|0.0|0.0|0.0|0.0|0.0|0.0|0.0|0.00|0.00|9999
2599642|P|FA|David Roseboom P • NYM|0.0|0.0|0.0|0.0|0.0|0.0|0.0|0.0|0.0|0.0|0.0|0.0|0.0|0.00|0.00|9999
2829117|P|FA|Samuel Reyes P • CHC|0.0|0.0|0.0|0.0|0.0|0.0|0.0|0.0|0.0|0.0|0.0|0.0|0.0|0.00|0.00|9999
29683436|P|FA|Samuel Vasquez P • MIA|0.0|0.0|0.0|0.0|0.0|0.0|0.0|0.0|0.0|0.0|0.0|0.0|0.0|0.00|0.00|9999
2932704|P|FA|Shawn Dubin P • ARI|0.0|0.0|0.0|0.0|0.0|0.0|0.0|0.0|0.0|0.0|0.0|0.0|0.0|0.00|0.00|9999
2118907|P|FA|Yency Almonte P • LAD|0.0|0.0|0.0|0.0|0.0|0.0|0.0|0.0|0.0|0.0|0.0|0.0|0.0|0.00|0.00|9999
2837599|P|FA|Jake Thompson P • BOS|0.0|0.0|0.0|0.0|0.0|0.0|0.0|0.0|0.0|0.0|0.0|0.0|0.0|0.00|0.00|9999
29342291|P|FA|Daniel Juarez P • NYM|0.0|0.0|0.0|0.0|0.0|0.0|0.0|0.0|0.0|0.0|0.0|0.0|0.0|0.00|0.00|9999
3097034|P|FA|Zach Muckenhirn P • SEA|0.0|0.0|0.0|0.0|0.0|0.0|0.0|0.0|0.0|0.0|0.0|0.0|0.0|0.00|0.00|9999
2933017|P|FA|Michael Plassmeyer P • TOR|0.0|0.0|0.0|0.0|0.0|0.0|0.0|0.0|0.0|0.0|0.0|0.0|0.0|0.00|0.00|9999
3152269|P|FA|Sterling Sharp P • BOS|0.0|0.0|0.0|0.0|0.0|0.0|0.0|0.0|0.0|0.0|0.0|0.0|0.0|0.00|0.00|9999
50009356|P|FA|Gage Wood P • PHI|0.0|0.0|0.0|0.0|0.0|0.0|0.0|0.0|0.0|0.0|0.0|0.0|0.0|0.00|0.00|9999
29085131|P|FA|Tyler Samaniego P • BOS|0.0|0.0|0.0|0.0|0.0|0.0|0.0|0.0|0.0|0.0|0.0|0.0|0.0|0.00|0.00|9999
29096120|P|FA|Luis De Avila P • ATL|0.0|0.0|0.0|0.0|0.0|0.0|0.0|0.0|0.0|0.0|0.0|0.0|0.0|0.00|0.00|9999
2932869|P|FA|Holden Laws P • SEA|0.0|0.0|0.0|0.0|0.0|0.0|0.0|0.0|0.0|0.0|0.0|0.0|0.0|0.00|0.00|9999
27023026|P|FA|Trent Baker P • MIN|0.0|0.0|0.0|0.0|0.0|0.0|0.0|0.0|0.0|0.0|0.0|0.0|0.0|0.00|0.00|9999
29693003|P|FA|Cory Wall P • ATL|0.0|0.0|0.0|0.0|0.0|0.0|0.0|0.0|0.0|0.0|0.0|0.0|0.0|0.00|0.00|9999
29084554|P|FA|Easton Lucas P • TOR|0.0|0.0|0.0|0.0|0.0|0.0|0.0|0.0|0.0|0.0|0.0|0.0|0.0|0.00|0.00|9999
29644485|P|FA|Carson Messina P • TOR|0.0|0.0|0.0|0.0|0.0|0.0|0.0|0.0|0.0|0.0|0.0|0.0|0.0|0.00|0.00|9999
50044201|P|FA|Dawson Netz P • CHC|0.0|0.0|0.0|0.0|0.0|0.0|0.0|0.0|0.0|0.0|0.0|0.0|0.0|0.00|0.00|9999
29676355|P|FA|Christian Little P • SEA|0.0|0.0|0.0|0.0|0.0|0.0|0.0|0.0|0.0|0.0|0.0|0.0|0.0|0.00|0.00|9999
2453261|P|FA|Alec Hansen P • CHW|0.0|0.0|0.0|0.0|0.0|0.0|0.0|0.0|0.0|0.0|0.0|0.0|0.0|0.00|0.00|9999
29075705|P|FA|Jacob Watters P • ATH|0.0|0.0|0.0|0.0|0.0|0.0|0.0|0.0|0.0|0.0|0.0|0.0|0.0|0.00|0.00|9999
29077336|P|FA|Cade Povich P • BAL|0.0|0.0|0.0|0.0|0.0|0.0|0.0|0.0|0.0|0.0|0.0|0.0|0.0|0.00|0.00|9999
29342432|P|FA|Rolddy Munoz P • ATL|0.0|0.0|0.0|0.0|0.0|0.0|0.0|0.0|0.0|0.0|0.0|0.0|0.0|0.00|0.00|9999
2121097|P|FA|Frank Del Valle P • CHC|0.0|0.0|0.0|0.0|0.0|0.0|0.0|0.0|0.0|0.0|0.0|0.0|0.0|0.00|0.00|9999
29084388|P|FA|Hunter Bigge P • TB|0.0|0.0|0.0|0.0|0.0|0.0|0.0|0.0|0.0|0.0|0.0|0.0|0.0|0.00|0.00|9999
2167475|P|FA|Jarlin Garcia P • PIT|0.0|0.0|0.0|0.0|0.0|0.0|0.0|0.0|0.0|0.0|0.0|0.0|0.0|0.00|0.00|9999
29342399|P|FA|Kyle Virbitsky P • BAL|0.0|0.0|0.0|0.0|0.0|0.0|0.0|0.0|0.0|0.0|0.0|0.0|0.0|0.00|0.00|9999
26724489|P|FA|Stephen Ridings P • NYM|0.0|0.0|0.0|0.0|0.0|0.0|0.0|0.0|0.0|0.0|0.0|0.0|0.0|0.00|0.00|9999
26615448|P|FA|Grant Gambrell P • BOS|0.0|0.0|0.0|0.0|0.0|0.0|0.0|0.0|0.0|0.0|0.0|0.0|0.0|0.00|0.00|9999
29692604|P|FA|Jonathan Todd P • TOR|0.0|0.0|0.0|0.0|0.0|0.0|0.0|0.0|0.0|0.0|0.0|0.0|0.0|0.00|0.00|9999
2171334|P|FA|Jake Reed P • LAD|0.0|0.0|0.0|0.0|0.0|0.0|0.0|0.0|0.0|0.0|0.0|0.0|0.0|0.00|0.00|9999
2824831|P|FA|Johan Oviedo P • BOS|0.0|0.0|0.0|0.0|0.0|0.0|0.0|0.0|0.0|0.0|0.0|0.0|0.0|0.00|0.00|9999
2848440|P|FA|Carlos Hernandez P • CLE|0.0|0.0|0.0|0.0|0.0|0.0|0.0|0.0|0.0|0.0|0.0|0.0|0.0|0.00|0.00|9999
1918578|P|FA|Terry Doyle P • ARI|0.0|0.0|0.0|0.0|0.0|0.0|0.0|0.0|0.0|0.0|0.0|0.0|0.0|0.00|0.00|9999
29091448|P|FA|Logan VanWey P • HOU|0.0|0.0|0.0|0.0|0.0|0.0|0.0|0.0|0.0|0.0|0.0|0.0|0.0|0.00|0.00|9999
2211173|P|FA|Cody Reed P • ARI|0.0|0.0|0.0|0.0|0.0|0.0|0.0|0.0|0.0|0.0|0.0|0.0|0.0|0.00|0.00|9999
2837588|P|FA|Freddy Tarnok P • MIA|0.0|0.0|0.0|0.0|0.0|0.0|0.0|0.0|0.0|0.0|0.0|0.0|0.0|0.00|0.00|9999
2822450|P|FA|Johan Dominguez P • CHW|0.0|0.0|0.0|0.0|0.0|0.0|0.0|0.0|0.0|0.0|0.0|0.0|0.0|0.00|0.00|9999
26635146|P|FA|Ethan Elliott P • SD|0.0|0.0|0.0|0.0|0.0|0.0|0.0|0.0|0.0|0.0|0.0|0.0|0.0|0.00|0.00|9999
50044563|P|FA|Tyrone Yulie P • PIT|0.0|0.0|0.0|0.0|0.0|0.0|0.0|0.0|0.0|0.0|0.0|0.0|0.0|0.00|0.00|9999
26643932|P|FA|Norge Vera P • CHW|0.0|0.0|0.0|0.0|0.0|0.0|0.0|0.0|0.0|0.0|0.0|0.0|0.0|0.00|0.00|9999
29689594|P|FA|Jean Reyes P • MIA|0.0|0.0|0.0|0.0|0.0|0.0|0.0|0.0|0.0|0.0|0.0|0.0|0.0|0.00|0.00|9999
2836667|P|FA|Justin Bullock P • MIL|0.0|0.0|0.0|0.0|0.0|0.0|0.0|0.0|0.0|0.0|0.0|0.0|0.0|0.00|0.00|9999
29085024|P|FA|Nick Dombkowski P • PIT|0.0|0.0|0.0|0.0|0.0|0.0|0.0|0.0|0.0|0.0|0.0|0.0|0.0|0.00|0.00|9999
29321949|P|FA|Grayson Hitt P • ARI|0.0|0.0|0.0|0.0|0.0|0.0|0.0|0.0|0.0|0.0|0.0|0.0|0.0|0.00|0.00|9999
29360031|P|FA|Tyson Guerrero P • KC|0.0|0.0|0.0|0.0|0.0|0.0|0.0|0.0|0.0|0.0|0.0|0.0|0.0|0.00|0.00|9999
2836761|P|FA|Jeff Criswell P • COL|0.0|0.0|0.0|0.0|0.0|0.0|0.0|0.0|0.0|0.0|0.0|0.0|0.0|0.00|0.00|9999
2927324|P|FA|Erik Swanson P • TOR|0.0|0.0|0.0|0.0|0.0|0.0|0.0|0.0|0.0|0.0|0.0|0.0|0.0|0.00|0.00|9999
29660692|P|FA|Jose Urbina P • TB|0.0|0.0|0.0|0.0|0.0|0.0|0.0|0.0|0.0|0.0|0.0|0.0|0.0|0.00|0.00|9999
2226790|P|FA|Jose Valdespina P • TEX|0.0|0.0|0.0|0.0|0.0|0.0|0.0|0.0|0.0|0.0|0.0|0.0|0.0|0.00|0.00|9999
29342353|P|FA|Bryce Tassin P • DET|0.0|0.0|0.0|0.0|0.0|0.0|0.0|0.0|0.0|0.0|0.0|0.0|0.0|0.00|0.00|9999
29089609|P|FA|Luis Guerrero P • TB|0.0|0.0|0.0|0.0|0.0|0.0|0.0|0.0|0.0|0.0|0.0|0.0|0.0|0.00|0.00|9999
2829362|P|FA|Rafael Kelly P • ATH|0.0|0.0|0.0|0.0|0.0|0.0|0.0|0.0|0.0|0.0|0.0|0.0|0.0|0.00|0.00|9999
28839452|P|FA|Zack Plunkett P • LAD|0.0|0.0|0.0|0.0|0.0|0.0|0.0|0.0|0.0|0.0|0.0|0.0|0.0|0.00|0.00|9999
29085037|P|FA|Jeff Lindgren P • MIA|0.0|0.0|0.0|0.0|0.0|0.0|0.0|0.0|0.0|0.0|0.0|0.0|0.0|0.00|0.00|9999
2746506|P|FA|Ben Holmes P • CHW|0.0|0.0|0.0|0.0|0.0|0.0|0.0|0.0|0.0|0.0|0.0|0.0|0.0|0.00|0.00|9999
29089618|P|FA|Christian Charle P • MIA|0.0|0.0|0.0|0.0|0.0|0.0|0.0|0.0|0.0|0.0|0.0|0.0|0.0|0.00|0.00|9999
50044006|P|FA|Ricardo Velez P • TEX|0.0|0.0|0.0|0.0|0.0|0.0|0.0|0.0|0.0|0.0|0.0|0.0|0.0|0.00|0.00|9999
2222110|P|FA|Adam Ravenelle P • DET|0.0|0.0|0.0|0.0|0.0|0.0|0.0|0.0|0.0|0.0|0.0|0.0|0.0|0.00|0.00|9999
29686866|P|FA|Hueston Morrill P • NYY|0.0|0.0|0.0|0.0|0.0|0.0|0.0|0.0|0.0|0.0|0.0|0.0|0.0|0.00|0.00|9999
29644479|P|FA|Jacob Kmatz P • LAD|0.0|0.0|0.0|0.0|0.0|0.0|0.0|0.0|0.0|0.0|0.0|0.0|0.0|0.00|0.00|9999
2228207|P|FA|Dusty Isaacs P • TOR|0.0|0.0|0.0|0.0|0.0|0.0|0.0|0.0|0.0|0.0|0.0|0.0|0.0|0.00|0.00|9999
2836975|P|FA|Jacob Heatherly P • CHW|0.0|0.0|0.0|0.0|0.0|0.0|0.0|0.0|0.0|0.0|0.0|0.0|0.0|0.00|0.00|9999
2135265|P|FA|Michael Kopech P • LAD|0.0|0.0|0.0|0.0|0.0|0.0|0.0|0.0|0.0|0.0|0.0|0.0|0.0|0.00|0.00|9999
3157954|P|FA|Carson LaRue P • HOU|0.0|0.0|0.0|0.0|0.0|0.0|0.0|0.0|0.0|0.0|0.0|0.0|0.0|0.00|0.00|9999
2247803|P|FA|Dietrich Enns P • BAL|0.0|0.0|0.0|0.0|0.0|0.0|0.0|0.0|0.0|0.0|0.0|0.0|0.0|0.00|0.00|9999
2066302|P|FA|Chris Anderson P • LAD|0.0|0.0|0.0|0.0|0.0|0.0|0.0|0.0|0.0|0.0|0.0|0.0|0.0|0.00|0.00|9999
50044830|P|FA|Brody Jessee P • CIN|0.0|0.0|0.0|0.0|0.0|0.0|0.0|0.0|0.0|0.0|0.0|0.0|0.0|0.00|0.00|9999
29087230|P|FA|Jimmy Kingsbury P • SEA|0.0|0.0|0.0|0.0|0.0|0.0|0.0|0.0|0.0|0.0|0.0|0.0|0.0|0.00|0.00|9999
2829930|P|FA|Luis Patino P • SD|0.0|0.0|0.0|0.0|0.0|0.0|0.0|0.0|0.0|0.0|0.0|0.0|0.0|0.00|0.00|9999
2821516|P|FA|Omar Bencomo P • MIN|0.0|0.0|0.0|0.0|0.0|0.0|0.0|0.0|0.0|0.0|0.0|0.0|0.0|0.00|0.00|9999
2803671|P|FA|Buddy Borden P • PIT|0.0|0.0|0.0|0.0|0.0|0.0|0.0|0.0|0.0|0.0|0.0|0.0|0.0|0.00|0.00|9999
3085603|P|FA|Zack Brown P • CIN|0.0|0.0|0.0|0.0|0.0|0.0|0.0|0.0|0.0|0.0|0.0|0.0|0.0|0.00|0.00|9999
29075769|P|FA|Sean Hermann P • NYY|0.0|0.0|0.0|0.0|0.0|0.0|0.0|0.0|0.0|0.0|0.0|0.0|0.0|0.00|0.00|9999
2167936|P|FA|Alex Burgos P • LAD|0.0|0.0|0.0|0.0|0.0|0.0|0.0|0.0|0.0|0.0|0.0|0.0|0.0|0.00|0.00|9999
2794803|P|FA|Matt Flemer P • COL|0.0|0.0|0.0|0.0|0.0|0.0|0.0|0.0|0.0|0.0|0.0|0.0|0.0|0.00|0.00|9999
26615432|P|FA|Travis MacGregor P • NYY|0.0|0.0|0.0|0.0|0.0|0.0|0.0|0.0|0.0|0.0|0.0|0.0|0.0|0.00|0.00|9999
3108259|P|FA|Sean McLaughlin P • ATL|0.0|0.0|0.0|0.0|0.0|0.0|0.0|0.0|0.0|0.0|0.0|0.0|0.0|0.00|0.00|9999
26615399|P|FA|Nick Swiney P • SF|0.0|0.0|0.0|0.0|0.0|0.0|0.0|0.0|0.0|0.0|0.0|0.0|0.0|0.00|0.00|9999
50044013|P|FA|Jakob Guardado P • LAA|0.0|0.0|0.0|0.0|0.0|0.0|0.0|0.0|0.0|0.0|0.0|0.0|0.0|0.00|0.00|9999
2921034|P|FA|Colton Davis P • MIN|0.0|0.0|0.0|0.0|0.0|0.0|0.0|0.0|0.0|0.0|0.0|0.0|0.0|0.00|0.00|9999
29085462|P|FA|Matthew Olsen P • SF|0.0|0.0|0.0|0.0|0.0|0.0|0.0|0.0|0.0|0.0|0.0|0.0|0.0|0.00|0.00|9999
29089641|P|FA|Ty Adcock P • SD|0.0|0.0|0.0|0.0|0.0|0.0|0.0|0.0|0.0|0.0|0.0|0.0|0.0|0.00|0.00|9999
50044074|P|FA|Pat Gallagher P • TOR|0.0|0.0|0.0|0.0|0.0|0.0|0.0|0.0|0.0|0.0|0.0|0.0|0.0|0.00|0.00|9999
2920592|P|FA|C.D. Pelham P • ATH|0.0|0.0|0.0|0.0|0.0|0.0|0.0|0.0|0.0|0.0|0.0|0.0|0.0|0.00|0.00|9999
2837696|P|FA|Kyle Wilson P • NYM|0.0|0.0|0.0|0.0|0.0|0.0|0.0|0.0|0.0|0.0|0.0|0.0|0.0|0.00|0.00|9999
2837585|P|FA|Matt Tabor P • ARI|0.0|0.0|0.0|0.0|0.0|0.0|0.0|0.0|0.0|0.0|0.0|0.0|0.0|0.00|0.00|9999
2693483|P|FA|Michael Kelly P • ATH|0.0|0.0|0.0|0.0|0.0|0.0|0.0|0.0|0.0|0.0|0.0|0.0|0.0|0.00|0.00|9999
50043945|P|FA|Clay Edmondson P • SD|0.0|0.0|0.0|0.0|0.0|0.0|0.0|0.0|0.0|0.0|0.0|0.0|0.0|0.00|0.00|9999
50047466|P|FA|Mason Peters P • SEA|0.0|0.0|0.0|0.0|0.0|0.0|0.0|0.0|0.0|0.0|0.0|0.0|0.0|0.00|0.00|9999
2170122|P|FA|Cameron Varga P • TB|0.0|0.0|0.0|0.0|0.0|0.0|0.0|0.0|0.0|0.0|0.0|0.0|0.0|0.00|0.00|9999
2837253|P|FA|Bryce Montes de Oca P • WAS|0.0|0.0|0.0|0.0|0.0|0.0|0.0|0.0|0.0|0.0|0.0|0.0|0.0|0.00|0.00|9999
2119051|P|FA|Miguel Pena P • BOS|0.0|0.0|0.0|0.0|0.0|0.0|0.0|0.0|0.0|0.0|0.0|0.0|0.0|0.00|0.00|9999
29342229|P|FA|Reid Birlingmair P • TEX|0.0|0.0|0.0|0.0|0.0|0.0|0.0|0.0|0.0|0.0|0.0|0.0|0.0|0.00|0.00|9999
2169996|P|FA|Derek Eitel P • WAS|0.0|0.0|0.0|0.0|0.0|0.0|0.0|0.0|0.0|0.0|0.0|0.0|0.0|0.00|0.00|9999
29660496|P|FA|Darlin Saladin P • STL|0.0|0.0|0.0|0.0|0.0|0.0|0.0|0.0|0.0|0.0|0.0|0.0|0.0|0.00|0.00|9999
2837062|P|FA|James Karinchak P • ATL|0.0|0.0|0.0|0.0|0.0|0.0|0.0|0.0|0.0|0.0|0.0|0.0|0.0|0.00|0.00|9999
29077653|P|FA|Kohl Simas P • CHW|0.0|0.0|0.0|0.0|0.0|0.0|0.0|0.0|0.0|0.0|0.0|0.0|0.0|0.00|0.00|9999
29632444|P|FA|Jeremy Pilon P • TB|0.0|0.0|0.0|0.0|0.0|0.0|0.0|0.0|0.0|0.0|0.0|0.0|0.0|0.00|0.00|9999
2821868|P|FA|Will Carter P • CHW|0.0|0.0|0.0|0.0|0.0|0.0|0.0|0.0|0.0|0.0|0.0|0.0|0.0|0.00|0.00|9999
29069377|P|FA|Andre Granillo P • DET|0.0|0.0|0.0|0.0|0.0|0.0|0.0|0.0|0.0|0.0|0.0|0.0|0.0|0.00|0.00|9999
2090428|P|FA|Zach Petrick P • STL|0.0|0.0|0.0|0.0|0.0|0.0|0.0|0.0|0.0|0.0|0.0|0.0|0.0|0.00|0.00|9999
28846906|P|FA|D.J. McCarty P • TEX|0.0|0.0|0.0|0.0|0.0|0.0|0.0|0.0|0.0|0.0|0.0|0.0|0.0|0.00|0.00|9999
2915814|P|FA|D.J. Brown P • CLE|0.0|0.0|0.0|0.0|0.0|0.0|0.0|0.0|0.0|0.0|0.0|0.0|0.0|0.00|0.00|9999
2208984|P|FA|Luis Cessa P • KC|0.0|0.0|0.0|0.0|0.0|0.0|0.0|0.0|0.0|0.0|0.0|0.0|0.0|0.00|0.00|9999
2823669|P|FA|Justin Kelly P • ATL|0.0|0.0|0.0|0.0|0.0|0.0|0.0|0.0|0.0|0.0|0.0|0.0|0.0|0.00|0.00|9999
2825804|P|FA|Ramon Santos P • STL|0.0|0.0|0.0|0.0|0.0|0.0|0.0|0.0|0.0|0.0|0.0|0.0|0.0|0.00|0.00|9999
1666825|P|FA|Will Smith P • KC|0.0|0.0|0.0|0.0|0.0|0.0|0.0|0.0|0.0|0.0|0.0|0.0|0.0|0.00|0.00|9999
2453426|P|FA|Alex Speas P • MIN|0.0|0.0|0.0|0.0|0.0|0.0|0.0|0.0|0.0|0.0|0.0|0.0|0.0|0.00|0.00|9999
26615426|P|FA|Joshua Cornielly P • NYM|0.0|0.0|0.0|0.0|0.0|0.0|0.0|0.0|0.0|0.0|0.0|0.0|0.0|0.00|0.00|9999
2826409|P|FA|Todd Van Steensel P • MIN|0.0|0.0|0.0|0.0|0.0|0.0|0.0|0.0|0.0|0.0|0.0|0.0|0.0|0.00|0.00|9999
50044642|P|FA|Cade Citelli P • TB|0.0|0.0|0.0|0.0|0.0|0.0|0.0|0.0|0.0|0.0|0.0|0.0|0.0|0.00|0.00|9999
26615411|P|FA|Tyler Owens P • DET|0.0|0.0|0.0|0.0|0.0|0.0|0.0|0.0|0.0|0.0|0.0|0.0|0.0|0.00|0.00|9999
29675442|P|FA|Roman Angelo P • ARI|0.0|0.0|0.0|0.0|0.0|0.0|0.0|0.0|0.0|0.0|0.0|0.0|0.0|0.00|0.00|9999
2167351|P|FA|Michael Mader P • ATL|0.0|0.0|0.0|0.0|0.0|0.0|0.0|0.0|0.0|0.0|0.0|0.0|0.0|0.00|0.00|9999
29342316|P|FA|Joe Nahas P • CHC|0.0|0.0|0.0|0.0|0.0|0.0|0.0|0.0|0.0|0.0|0.0|0.0|0.0|0.00|0.00|9999
28946284|P|FA|Luis Ortiz P • CLE|0.0|0.0|0.0|0.0|0.0|0.0|0.0|0.0|0.0|0.0|0.0|0.0|0.0|0.00|0.00|9999
29342321|P|FA|Cole Paplham P • SD|0.0|0.0|0.0|0.0|0.0|0.0|0.0|0.0|0.0|0.0|0.0|0.0|0.0|0.00|0.00|9999
29658267|P|FA|Jack Wenninger P • NYM|0.0|0.0|0.0|0.0|0.0|0.0|0.0|0.0|0.0|0.0|0.0|0.0|0.0|0.00|0.00|9999
29682390|P|FA|Ricky DeVito P • MIA|0.0|0.0|0.0|0.0|0.0|0.0|0.0|0.0|0.0|0.0|0.0|0.0|0.0|0.00|0.00|9999
29660656|P|FA|Cesar Lares P • MIN|0.0|0.0|0.0|0.0|0.0|0.0|0.0|0.0|0.0|0.0|0.0|0.0|0.0|0.00|0.00|9999
2821231|P|FA|Brady Anderson P • MIN|0.0|0.0|0.0|0.0|0.0|0.0|0.0|0.0|0.0|0.0|0.0|0.0|0.0|0.00|0.00|9999
50044281|P|FA|Jack Kartsonas P • TB|0.0|0.0|0.0|0.0|0.0|0.0|0.0|0.0|0.0|0.0|0.0|0.0|0.0|0.00|0.00|9999
1765054|P|FA|Luke Jackson P • SEA|0.0|0.0|0.0|0.0|0.0|0.0|0.0|0.0|0.0|0.0|0.0|0.0|0.0|0.00|0.00|9999
2211239|P|FA|Nick Neidert P • CHC|0.0|0.0|0.0|0.0|0.0|0.0|0.0|0.0|0.0|0.0|0.0|0.0|0.0|0.00|0.00|9999
29085047|P|FA|Cody Scroggins P • BOS|0.0|0.0|0.0|0.0|0.0|0.0|0.0|0.0|0.0|0.0|0.0|0.0|0.0|0.00|0.00|9999
2120591|P|FA|Ronald Pena P • WAS|0.0|0.0|0.0|0.0|0.0|0.0|0.0|0.0|0.0|0.0|0.0|0.0|0.0|0.00|0.00|9999
2921620|P|FA|Evan Miller P • SD|0.0|0.0|0.0|0.0|0.0|0.0|0.0|0.0|0.0|0.0|0.0|0.0|0.0|0.00|0.00|9999
2825451|P|FA|Domingo Robles P • ATH|0.0|0.0|0.0|0.0|0.0|0.0|0.0|0.0|0.0|0.0|0.0|0.0|0.0|0.00|0.00|9999
2915588|P|FA|Adam Lau P • BOS|0.0|0.0|0.0|0.0|0.0|0.0|0.0|0.0|0.0|0.0|0.0|0.0|0.0|0.00|0.00|9999
2837363|P|FA|Brady Puckett P • MIA|0.0|0.0|0.0|0.0|0.0|0.0|0.0|0.0|0.0|0.0|0.0|0.0|0.0|0.00|0.00|9999
2228462|P|FA|Stephen Janas P • ATL|0.0|0.0|0.0|0.0|0.0|0.0|0.0|0.0|0.0|0.0|0.0|0.0|0.0|0.00|0.00|9999
3174944|P|FA|Slade Cecconi P • CLE|0.0|0.0|0.0|0.0|0.0|0.0|0.0|0.0|0.0|0.0|0.0|0.0|0.0|0.00|0.00|9999
2171295|P|FA|Silvino Bracho P • CIN|0.0|0.0|0.0|0.0|0.0|0.0|0.0|0.0|0.0|0.0|0.0|0.0|0.0|0.00|0.00|9999
1741022|P|FA|Jason Urquidez P • ARI|0.0|0.0|0.0|0.0|0.0|0.0|0.0|0.0|0.0|0.0|0.0|0.0|0.0|0.00|0.00|9999
29075525|P|FA|Drew Gray P • CHC|0.0|0.0|0.0|0.0|0.0|0.0|0.0|0.0|0.0|0.0|0.0|0.0|0.0|0.00|0.00|9999
2915605|P|FA|Brad Kuntz P • SD|0.0|0.0|0.0|0.0|0.0|0.0|0.0|0.0|0.0|0.0|0.0|0.0|0.0|0.00|0.00|9999
2226889|P|FA|Travis Ballew P • HOU|0.0|0.0|0.0|0.0|0.0|0.0|0.0|0.0|0.0|0.0|0.0|0.0|0.0|0.00|0.00|9999
29692325|P|FA|Sean Hunley P • TB|0.0|0.0|0.0|0.0|0.0|0.0|0.0|0.0|0.0|0.0|0.0|0.0|0.0|0.00|0.00|9999
29077346|P|FA|M.D. Johnson P • MIA|0.0|0.0|0.0|0.0|0.0|0.0|0.0|0.0|0.0|0.0|0.0|0.0|0.0|0.00|0.00|9999
29342442|P|FA|Eric Cerantola P • SF|0.0|0.0|0.0|0.0|0.0|0.0|0.0|0.0|0.0|0.0|0.0|0.0|0.0|0.00|0.00|9999
50041110|P|FA|Grayson Grinsell P • DET|0.0|0.0|0.0|0.0|0.0|0.0|0.0|0.0|0.0|0.0|0.0|0.0|0.0|0.00|0.00|9999
2504133|P|FA|Tyler Jones P • PIT|0.0|0.0|0.0|0.0|0.0|0.0|0.0|0.0|0.0|0.0|0.0|0.0|0.0|0.00|0.00|9999
2453277|P|FA|Kevin Gowdy P • TOR|0.0|0.0|0.0|0.0|0.0|0.0|0.0|0.0|0.0|0.0|0.0|0.0|0.0|0.00|0.00|9999
2933109|P|FA|Julian Smith P • LAD|0.0|0.0|0.0|0.0|0.0|0.0|0.0|0.0|0.0|0.0|0.0|0.0|0.0|0.00|0.00|9999
29674777|P|FA|Austin Gordon P • LAA|0.0|0.0|0.0|0.0|0.0|0.0|0.0|0.0|0.0|0.0|0.0|0.0|0.0|0.00|0.00|9999
3107256|P|FA|Jeffeson Medina P • TEX|0.0|0.0|0.0|0.0|0.0|0.0|0.0|0.0|0.0|0.0|0.0|0.0|0.0|0.00|0.00|9999
26615438|P|FA|Ian Bedell P • STL|0.0|0.0|0.0|0.0|0.0|0.0|0.0|0.0|0.0|0.0|0.0|0.0|0.0|0.00|0.00|9999
26615460|P|FA|Tony Locey P • COL|0.0|0.0|0.0|0.0|0.0|0.0|0.0|0.0|0.0|0.0|0.0|0.0|0.0|0.00|0.00|9999
2837279|P|FA|Andrew Nardi P • MIA|0.0|0.0|0.0|0.0|0.0|0.0|0.0|0.0|0.0|0.0|0.0|0.0|0.0|0.00|0.00|9999
2507507|P|FA|Ofelky Peralta P • BAL|0.0|0.0|0.0|0.0|0.0|0.0|0.0|0.0|0.0|0.0|0.0|0.0|0.0|0.00|0.00|9999
29426059|P|FA|Cam Caminiti P • ATL|0.0|0.0|0.0|0.0|0.0|0.0|0.0|0.0|0.0|0.0|0.0|0.0|0.0|0.00|0.00|9999
29678053|P|FA|William Kempner P • MIA|0.0|0.0|0.0|0.0|0.0|0.0|0.0|0.0|0.0|0.0|0.0|0.0|0.0|0.00|0.00|9999
50041321|P|FA|Cam Leiter P • LAD|0.0|0.0|0.0|0.0|0.0|0.0|0.0|0.0|0.0|0.0|0.0|0.0|0.0|0.00|0.00|9999
2922422|P|FA|Elian Leyva P • ATL|0.0|0.0|0.0|0.0|0.0|0.0|0.0|0.0|0.0|0.0|0.0|0.0|0.0|0.00|0.00|9999
2837000|P|FA|Miller Hogan P • TB|0.0|0.0|0.0|0.0|0.0|0.0|0.0|0.0|0.0|0.0|0.0|0.0|0.0|0.00|0.00|9999
2836548|P|FA|Vince Arobio P • CHW|0.0|0.0|0.0|0.0|0.0|0.0|0.0|0.0|0.0|0.0|0.0|0.0|0.0|0.00|0.00|9999
28837047|P|FA|Cayne Ueckert P • CHC|0.0|0.0|0.0|0.0|0.0|0.0|0.0|0.0|0.0|0.0|0.0|0.0|0.0|0.00|0.00|9999
50042245|P|FA|Liomar Martinez P • MIA|0.0|0.0|0.0|0.0|0.0|0.0|0.0|0.0|0.0|0.0|0.0|0.0|0.0|0.00|0.00|9999
29088702|P|FA|Chandler Jozwiak P • MIA|0.0|0.0|0.0|0.0|0.0|0.0|0.0|0.0|0.0|0.0|0.0|0.0|0.0|0.00|0.00|9999
1961062|P|FA|Michael Mariot P • CIN|0.0|0.0|0.0|0.0|0.0|0.0|0.0|0.0|0.0|0.0|0.0|0.0|0.0|0.00|0.00|9999
2066291|P|FA|Jon Gray P • TEX|0.0|0.0|0.0|0.0|0.0|0.0|0.0|0.0|0.0|0.0|0.0|0.0|0.0|0.00|0.00|9999
29091135|P|FA|Antonio Menendez P • ARI|0.0|0.0|0.0|0.0|0.0|0.0|0.0|0.0|0.0|0.0|0.0|0.0|0.0|0.00|0.00|9999
50037907|P|FA|Kenya Huggins P • ATH|0.0|0.0|0.0|0.0|0.0|0.0|0.0|0.0|0.0|0.0|0.0|0.0|0.0|0.00|0.00|9999
2942968|P|FA|Carter Stewart P • ATL|0.0|0.0|0.0|0.0|0.0|0.0|0.0|0.0|0.0|0.0|0.0|0.0|0.0|0.00|0.00|9999
2223638|P|FA|Patrick Johnson P • MIA|0.0|0.0|0.0|0.0|0.0|0.0|0.0|0.0|0.0|0.0|0.0|0.0|0.0|0.00|0.00|9999
530362|P|FA|Justin Verlander P • DET|0.0|0.0|0.0|0.0|0.0|0.0|0.0|0.0|0.0|0.0|0.0|0.0|0.0|0.00|0.00|9999
29350974|P|FA|Dylan Phillips P • LAA|0.0|0.0|0.0|0.0|0.0|0.0|0.0|0.0|0.0|0.0|0.0|0.0|0.0|0.00|0.00|9999
50044232|P|FA|Riley Frey P • ATL|0.0|0.0|0.0|0.0|0.0|0.0|0.0|0.0|0.0|0.0|0.0|0.0|0.0|0.00|0.00|9999
29352296|P|FA|Seth Halvorsen P • LAD|0.0|0.0|0.0|0.0|0.0|0.0|0.0|0.0|0.0|0.0|0.0|0.0|0.0|0.00|0.00|9999
2118801|P|FA|Victor Payano P • MIA|0.0|0.0|0.0|0.0|0.0|0.0|0.0|0.0|0.0|0.0|0.0|0.0|0.0|0.00|0.00|9999
2836802|P|FA|Trenton Denholm P • CLE|0.0|0.0|0.0|0.0|0.0|0.0|0.0|0.0|0.0|0.0|0.0|0.0|0.0|0.00|0.00|9999
28842608|P|FA|J.B. Olson P • CHW|0.0|0.0|0.0|0.0|0.0|0.0|0.0|0.0|0.0|0.0|0.0|0.0|0.0|0.00|0.00|9999
50044651|P|FA|Fernando Sanchez P • SD|0.0|0.0|0.0|0.0|0.0|0.0|0.0|0.0|0.0|0.0|0.0|0.0|0.0|0.00|0.00|9999
29087922|P|FA|Adrian Chaidez P • HOU|0.0|0.0|0.0|0.0|0.0|0.0|0.0|0.0|0.0|0.0|0.0|0.0|0.0|0.00|0.00|9999
2044486|P|FA|Juan Paniagua P • CHC|0.0|0.0|0.0|0.0|0.0|0.0|0.0|0.0|0.0|0.0|0.0|0.0|0.0|0.00|0.00|9999
29091449|P|FA|Justin Wilson P • NYY|0.0|0.0|0.0|0.0|0.0|0.0|0.0|0.0|0.0|0.0|0.0|0.0|0.0|0.00|0.00|9999
1739668|P|FA|Tyler Matzek P • NYY|0.0|0.0|0.0|0.0|0.0|0.0|0.0|0.0|0.0|0.0|0.0|0.0|0.0|0.00|0.00|9999
29476194|P|FA|Ty Johnson P • TB|0.0|0.0|0.0|0.0|0.0|0.0|0.0|0.0|0.0|0.0|0.0|0.0|0.0|0.00|0.00|9999
2821084|P|FA|Melvi Acosta P • MIN|0.0|0.0|0.0|0.0|0.0|0.0|0.0|0.0|0.0|0.0|0.0|0.0|0.0|0.00|0.00|9999
26616953|P|FA|Alex Santos P • HOU|0.0|0.0|0.0|0.0|0.0|0.0|0.0|0.0|0.0|0.0|0.0|0.0|0.0|0.00|0.00|9999
3127143|P|FA|Cody Stashak P • PHI|0.0|0.0|0.0|0.0|0.0|0.0|0.0|0.0|0.0|0.0|0.0|0.0|0.0|0.00|0.00|9999
29644462|P|FA|Boston Bateman P • BAL|0.0|0.0|0.0|0.0|0.0|0.0|0.0|0.0|0.0|0.0|0.0|0.0|0.0|0.00|0.00|9999
29677761|P|FA|Keythel Key P • LAA|0.0|0.0|0.0|0.0|0.0|0.0|0.0|0.0|0.0|0.0|0.0|0.0|0.0|0.00|0.00|9999
2837440|P|FA|Frank Rubio P • SF|0.0|0.0|0.0|0.0|0.0|0.0|0.0|0.0|0.0|0.0|0.0|0.0|0.0|0.00|0.00|9999
29676340|P|FA|Rodney Boone P • CLE|0.0|0.0|0.0|0.0|0.0|0.0|0.0|0.0|0.0|0.0|0.0|0.0|0.0|0.00|0.00|9999
2829292|P|FA|Aldry Acosta P • LAD|0.0|0.0|0.0|0.0|0.0|0.0|0.0|0.0|0.0|0.0|0.0|0.0|0.0|0.00|0.00|9999
50043844|P|FA|Isaac Lyon P • WAS|0.0|0.0|0.0|0.0|0.0|0.0|0.0|0.0|0.0|0.0|0.0|0.0|0.0|0.00|0.00|9999
2824830|P|FA|Connor Overton P • NYM|0.0|0.0|0.0|0.0|0.0|0.0|0.0|0.0|0.0|0.0|0.0|0.0|0.0|0.00|0.00|9999
26615423|P|FA|Jake Eder P • LAD|0.0|0.0|0.0|0.0|0.0|0.0|0.0|0.0|0.0|0.0|0.0|0.0|0.0|0.00|0.00|9999
2826423|P|FA|Seth Varner P • CIN|0.0|0.0|0.0|0.0|0.0|0.0|0.0|0.0|0.0|0.0|0.0|0.0|0.0|0.00|0.00|9999
2453260|P|FA|Trevor Clifton P • TOR|0.0|0.0|0.0|0.0|0.0|0.0|0.0|0.0|0.0|0.0|0.0|0.0|0.0|0.00|0.00|9999
26615449|P|FA|Chris Mokma P • MIA|0.0|0.0|0.0|0.0|0.0|0.0|0.0|0.0|0.0|0.0|0.0|0.0|0.0|0.00|0.00|9999
29677745|P|FA|Jarret Whorff P • MIN|0.0|0.0|0.0|0.0|0.0|0.0|0.0|0.0|0.0|0.0|0.0|0.0|0.0|0.00|0.00|9999
2044515|P|FA|Martin Agosta P • SF|0.0|0.0|0.0|0.0|0.0|0.0|0.0|0.0|0.0|0.0|0.0|0.0|0.0|0.00|0.00|9999
29084389|P|FA|Tristan Garnett P • PHI|0.0|0.0|0.0|0.0|0.0|0.0|0.0|0.0|0.0|0.0|0.0|0.0|0.0|0.00|0.00|9999
29342398|P|FA|Houston Roth P • SEA|0.0|0.0|0.0|0.0|0.0|0.0|0.0|0.0|0.0|0.0|0.0|0.0|0.0|0.00|0.00|9999
29085158|P|FA|Mason Hickman P • CLE|0.0|0.0|0.0|0.0|0.0|0.0|0.0|0.0|0.0|0.0|0.0|0.0|0.0|0.00|0.00|9999
3152119|P|FA|Josh Wolf P • CLE|0.0|0.0|0.0|0.0|0.0|0.0|0.0|0.0|0.0|0.0|0.0|0.0|0.0|0.00|0.00|9999
2215966|P|FA|Chad Kuhl P • ATL|0.0|0.0|0.0|0.0|0.0|0.0|0.0|0.0|0.0|0.0|0.0|0.0|0.0|0.00|0.00|9999
2824426|P|FA|Jordan Milbrath P • MIA|0.0|0.0|0.0|0.0|0.0|0.0|0.0|0.0|0.0|0.0|0.0|0.0|0.0|0.00|0.00|9999
2932717|P|FA|Mason Englert P • TB|0.0|0.0|0.0|0.0|0.0|0.0|0.0|0.0|0.0|0.0|0.0|0.0|0.0|0.00|0.00|9999
2901082|P|FA|Pablo Lopez P • MIN|0.0|0.0|0.0|0.0|0.0|0.0|0.0|0.0|0.0|0.0|0.0|0.0|0.0|0.00|0.00|9999
2049970|P|FA|Enrique Burgos P • MIA|0.0|0.0|0.0|0.0|0.0|0.0|0.0|0.0|0.0|0.0|0.0|0.0|0.0|0.00|0.00|9999
3158105|P|FA|Eli Lingos P • CLE|0.0|0.0|0.0|0.0|0.0|0.0|0.0|0.0|0.0|0.0|0.0|0.0|0.0|0.00|0.00|9999
29080197|P|FA|Cole Uvila P • BAL|0.0|0.0|0.0|0.0|0.0|0.0|0.0|0.0|0.0|0.0|0.0|0.0|0.0|0.00|0.00|9999
1813265|P|FA|Brad Boxberger P • CHC|0.0|0.0|0.0|0.0|0.0|0.0|0.0|0.0|0.0|0.0|0.0|0.0|0.0|0.00|0.00|9999
29692981|P|FA|Nate Garkow P • TOR|0.0|0.0|0.0|0.0|0.0|0.0|0.0|0.0|0.0|0.0|0.0|0.0|0.0|0.00|0.00|9999
29321970|P|FA|Jhancarlos Lara P • WAS|0.0|0.0|0.0|0.0|0.0|0.0|0.0|0.0|0.0|0.0|0.0|0.0|0.0|0.00|0.00|9999
50043947|P|FA|Isaac Gallegos P • ATL|0.0|0.0|0.0|0.0|0.0|0.0|0.0|0.0|0.0|0.0|0.0|0.0|0.0|0.00|0.00|9999
1757975|P|FA|Jake Odorizzi P • TB|0.0|0.0|0.0|0.0|0.0|0.0|0.0|0.0|0.0|0.0|0.0|0.0|0.0|0.00|0.00|9999
26911734|P|FA|Ben Kudrna P • KC|0.0|0.0|0.0|0.0|0.0|0.0|0.0|0.0|0.0|0.0|0.0|0.0|0.0|0.00|0.00|9999
28838570|P|FA|Chavez Fernander P • DET|0.0|0.0|0.0|0.0|0.0|0.0|0.0|0.0|0.0|0.0|0.0|0.0|0.0|0.00|0.00|9999
2805122|P|FA|Michael Matuella P • TEX|0.0|0.0|0.0|0.0|0.0|0.0|0.0|0.0|0.0|0.0|0.0|0.0|0.0|0.00|0.00|9999
2170033|P|FA|John Omahen P • ARI|0.0|0.0|0.0|0.0|0.0|0.0|0.0|0.0|0.0|0.0|0.0|0.0|0.0|0.00|0.00|9999
29083418|P|FA|Joe La Sorsa P • BOS|0.0|0.0|0.0|0.0|0.0|0.0|0.0|0.0|0.0|0.0|0.0|0.0|0.0|0.00|0.00|9999
29671080|P|FA|Eric Reyzelman P • NYY|0.0|0.0|0.0|0.0|0.0|0.0|0.0|0.0|0.0|0.0|0.0|0.0|0.0|0.00|0.00|9999
29662101|P|FA|Esteban Mejia P • BAL|0.0|0.0|0.0|0.0|0.0|0.0|0.0|0.0|0.0|0.0|0.0|0.0|0.0|0.00|0.00|9999
3095686|P|FA|Gustavo Armas P • PHI|0.0|0.0|0.0|0.0|0.0|0.0|0.0|0.0|0.0|0.0|0.0|0.0|0.0|0.00|0.00|9999
3117938|P|FA|T.J. Sikkema P • BOS|0.0|0.0|0.0|0.0|0.0|0.0|0.0|0.0|0.0|0.0|0.0|0.0|0.0|0.00|0.00|9999
29075740|P|FA|Micah Ottenbreit P • PHI|0.0|0.0|0.0|0.0|0.0|0.0|0.0|0.0|0.0|0.0|0.0|0.0|0.0|0.00|0.00|9999
50044963|P|FA|Sayer Diederich P • BAL|0.0|0.0|0.0|0.0|0.0|0.0|0.0|0.0|0.0|0.0|0.0|0.0|0.0|0.00|0.00|9999
29075689|P|FA|Garrett Hawkins P • SD|0.0|0.0|0.0|0.0|0.0|0.0|0.0|0.0|0.0|0.0|0.0|0.0|0.0|0.00|0.00|9999
2228718|P|FA|Tyler White P • MIL|0.0|0.0|0.0|0.0|0.0|0.0|0.0|0.0|0.0|0.0|0.0|0.0|0.0|0.00|0.00|9999
2823328|P|FA|Hector Hernandez P • CLE|0.0|0.0|0.0|0.0|0.0|0.0|0.0|0.0|0.0|0.0|0.0|0.0|0.0|0.00|0.00|9999
29086252|P|FA|Erick Leal P • NYY|0.0|0.0|0.0|0.0|0.0|0.0|0.0|0.0|0.0|0.0|0.0|0.0|0.0|0.00|0.00|9999
2933040|P|FA|Jake Reindl P • CHC|0.0|0.0|0.0|0.0|0.0|0.0|0.0|0.0|0.0|0.0|0.0|0.0|0.0|0.00|0.00|9999
2921423|P|FA|Trevor Bettencourt P • LAD|0.0|0.0|0.0|0.0|0.0|0.0|0.0|0.0|0.0|0.0|0.0|0.0|0.0|0.00|0.00|9999
29342313|P|FA|Andrew Moore P • PIT|0.0|0.0|0.0|0.0|0.0|0.0|0.0|0.0|0.0|0.0|0.0|0.0|0.0|0.00|0.00|9999
2932741|P|FA|J.P. France P • HOU|0.0|0.0|0.0|0.0|0.0|0.0|0.0|0.0|0.0|0.0|0.0|0.0|0.0|0.00|0.00|9999
2823289|P|FA|Henry Henry P • SD|0.0|0.0|0.0|0.0|0.0|0.0|0.0|0.0|0.0|0.0|0.0|0.0|0.0|0.00|0.00|9999
50041089|P|FA|Kaleb Wing P • CHC|0.0|0.0|0.0|0.0|0.0|0.0|0.0|0.0|0.0|0.0|0.0|0.0|0.0|0.00|0.00|9999
29675814|P|FA|Jose Cabrera P • ARI|0.0|0.0|0.0|0.0|0.0|0.0|0.0|0.0|0.0|0.0|0.0|0.0|0.0|0.00|0.00|9999
1833105|P|FA|Austin Hyatt P • PHI|0.0|0.0|0.0|0.0|0.0|0.0|0.0|0.0|0.0|0.0|0.0|0.0|0.0|0.00|0.00|9999
2042432|P|FA|Raudel Lazo P • BAL|0.0|0.0|0.0|0.0|0.0|0.0|0.0|0.0|0.0|0.0|0.0|0.0|0.0|0.00|0.00|9999
28839286|P|FA|Pedro Garcia P • CIN|0.0|0.0|0.0|0.0|0.0|0.0|0.0|0.0|0.0|0.0|0.0|0.0|0.0|0.00|0.00|9999
28838542|P|FA|Randy Wynne P • CIN|0.0|0.0|0.0|0.0|0.0|0.0|0.0|0.0|0.0|0.0|0.0|0.0|0.0|0.00|0.00|9999
29644430|P|FA|Herick Hernandez P • ATL|0.0|0.0|0.0|0.0|0.0|0.0|0.0|0.0|0.0|0.0|0.0|0.0|0.0|0.00|0.00|9999
29091137|P|FA|Graeme Stinson P • TB|0.0|0.0|0.0|0.0|0.0|0.0|0.0|0.0|0.0|0.0|0.0|0.0|0.0|0.00|0.00|9999
2931967|P|FA|Sean Hjelle P • SF|0.0|0.0|0.0|0.0|0.0|0.0|0.0|0.0|0.0|0.0|0.0|0.0|0.0|0.00|0.00|9999
3158100|P|FA|Skylar Arias P • BOS|0.0|0.0|0.0|0.0|0.0|0.0|0.0|0.0|0.0|0.0|0.0|0.0|0.0|0.00|0.00|9999
50042247|P|FA|Reinold Navarro P • PIT|0.0|0.0|0.0|0.0|0.0|0.0|0.0|0.0|0.0|0.0|0.0|0.0|0.0|0.00|0.00|9999
3152089|P|FA|Matthew Allan P • NYM|0.0|0.0|0.0|0.0|0.0|0.0|0.0|0.0|0.0|0.0|0.0|0.0|0.0|0.00|0.00|9999
29644468|P|FA|Nate Dohm P • STL|0.0|0.0|0.0|0.0|0.0|0.0|0.0|0.0|0.0|0.0|0.0|0.0|0.0|0.00|0.00|9999
29075778|P|FA|Trevor Martin P • LAA|0.0|0.0|0.0|0.0|0.0|0.0|0.0|0.0|0.0|0.0|0.0|0.0|0.0|0.00|0.00|9999
29644501|P|FA|Cameron Sullivan P • CLE|0.0|0.0|0.0|0.0|0.0|0.0|0.0|0.0|0.0|0.0|0.0|0.0|0.0|0.00|0.00|9999
1794767|P|FA|Joe Kelly P • LAD|0.0|0.0|0.0|0.0|0.0|0.0|0.0|0.0|0.0|0.0|0.0|0.0|0.0|0.00|0.00|9999
2918678|P|FA|Luke Eubank P • CLE|0.0|0.0|0.0|0.0|0.0|0.0|0.0|0.0|0.0|0.0|0.0|0.0|0.0|0.00|0.00|9999
28838891|P|FA|Trent Toplikar P • SF|0.0|0.0|0.0|0.0|0.0|0.0|0.0|0.0|0.0|0.0|0.0|0.0|0.0|0.00|0.00|9999
50047257|P|FA|Keury De Jesus P • CIN|0.0|0.0|0.0|0.0|0.0|0.0|0.0|0.0|0.0|0.0|0.0|0.0|0.0|0.00|0.00|9999
50043890|P|FA|Houston Harding P • LAA|0.0|0.0|0.0|0.0|0.0|0.0|0.0|0.0|0.0|0.0|0.0|0.0|0.0|0.00|0.00|9999
2836983|P|FA|Jakob Hernandez P • BAL|0.0|0.0|0.0|0.0|0.0|0.0|0.0|0.0|0.0|0.0|0.0|0.0|0.0|0.00|0.00|9999
3152857|P|FA|Luis Reyes P • WAS|0.0|0.0|0.0|0.0|0.0|0.0|0.0|0.0|0.0|0.0|0.0|0.0|0.0|0.00|0.00|9999
3108968|P|FA|Jose Rodriguez P • SEA|0.0|0.0|0.0|0.0|0.0|0.0|0.0|0.0|0.0|0.0|0.0|0.0|0.0|0.00|0.00|9999
3095063|P|FA|Yunior Marte P • CIN|0.0|0.0|0.0|0.0|0.0|0.0|0.0|0.0|0.0|0.0|0.0|0.0|0.0|0.00|0.00|9999
29360067|P|FA|Christopher Troye P • BOS|0.0|0.0|0.0|0.0|0.0|0.0|0.0|0.0|0.0|0.0|0.0|0.0|0.0|0.00|0.00|9999
50044750|P|FA|Jaycob Deese P • PIT|0.0|0.0|0.0|0.0|0.0|0.0|0.0|0.0|0.0|0.0|0.0|0.0|0.0|0.00|0.00|9999
2453265|P|FA|Ian Kahaloa P • CIN|0.0|0.0|0.0|0.0|0.0|0.0|0.0|0.0|0.0|0.0|0.0|0.0|0.0|0.00|0.00|9999
29084573|P|FA|Jarod Wright P • CHC|0.0|0.0|0.0|0.0|0.0|0.0|0.0|0.0|0.0|0.0|0.0|0.0|0.0|0.00|0.00|9999
29660699|P|FA|Sabier Marte P • NYY|0.0|0.0|0.0|0.0|0.0|0.0|0.0|0.0|0.0|0.0|0.0|0.0|0.0|0.00|0.00|9999
50042280|P|FA|Sadbiel Delzine P • BOS|0.0|0.0|0.0|0.0|0.0|0.0|0.0|0.0|0.0|0.0|0.0|0.0|0.0|0.00|0.00|9999
2044510|P|FA|Nolan Sanburn P • CHW|0.0|0.0|0.0|0.0|0.0|0.0|0.0|0.0|0.0|0.0|0.0|0.0|0.0|0.00|0.00|9999